TradDt,BizDt,Sgmt,Src,FinInstrmTp,FinInstrmId,ISIN,TckrSymb,SctySrs,XpryDt,FininstrmActlXpryDt,StrkPric,OptnTp,FinInstrmNm,OpnPric,HghPric,LwPric,ClsPric,LastPric,PrvsClsgPric,UndrlygPric,SttlmPric,OpnIntrst,ChngInOpnIntrst,TtlTradgVol,TtlTrfVal,TtlNbOfTxsExctd,SsnId,NewBrdLotQty,Rmks,Rsvd1,Rsvd2,Rsvd3,Rsvd4
2026-09-04,2026-09-04,CM,NSE,STK,19078,IN0020200104,SGBJUN28,GB,,,,,2.5%GOLDBONDS2028SR-III,15186.73,15270.00,15155.02,15233.75,15190.00,15131.45,,15240.98,,,40,609591.61,12,F1,1,,,,,
2026-09-04,2026-09-04,CM,NSE,STK,1342,IN0020200286,SGBN28VIII,GB,,,,,2.5%GOLDBONDS2028SR-VIII,15242.00,15300.00,15235.00,15261.04,15261.04,15176.00,,15261.04,,,41,625666.59,14,F1,1,,,,,
2026-09-04,2026-09-04,CM,NSE,STK,3742,IN0020210053,SGBMAY29I,GB,,,,,2.5%GOLDBONDS2029SR-I,15211.01,15299.00,15211.01,15295.42,15299.00,15136.47,,15293.80,,,459,7008381.44,51,F1,1,,,,,
2026-09-04,2026-09-04,CM,NSE,STK,3743,IN0020210061,SGBJUN29II,GB,,,,,2.5%GOLDBONDS2029SR-II,15175.00,15299.99,15175.00,15231.01,15231.01,15135.00,,15256.97,,,73,1116186.40,8,F1,1,,,,,
2026-09-04,2026-09-04,CM,NSE,STK,3800,IN0020210087,SGBJU29III,GB,,,,,2.5%GOLDBONDS2029SR-III,15205.00,15300.00,15202.00,15293.80,15300.00,15120.00,,15293.80,,,120,1830103.70,30,F1,1,,,,,
2026-09-04,2026-09-04,CM,NSE,STK,5575,IN0020210145,SGBSEP29VI,GB,,,,,2.5%GOLDBONDS2029SR-VI,15303.20,15350.01,15152.00,15246.68,15299.00,15352.09,,15249.35,,,221,3372416.69,71,F1,1,,,,,
2026-09-04,2026-09-04,CM,NSE,STK,6518,IN0020210178,SGBNV29VII,GB,,,,,2.5%GOLDBONDS2029SR-VII,15250.00,15344.00,15250.00,15300.00,15300.00,15158.00,,15300.00,,,169,2584128.42,20,F1,1,,,,,
2026-09-04,2026-09-04,CM,NSE,STK,7654,IN0020180389,SGBDEC26,GB,,,,,2.50%GOLDBONDS2026SR-IV,15200.00,15275.00,15175.00,15175.00,15175.00,15150.00,,15240.00,,,9,136821.99,7,F1,1,,,,,
2026-09-04,2026-09-04,CM,NSE,STK,10261,IN0020190073,SGBJUN27,GB,,,,,2.50%GOLDBONDS2027SR-I,15299.97,15299.97,15298.99,15298.99,15298.99,14950.00,,15298.99,,,4,61196.94,3,F1,1,,,,,
2026-09-04,2026-09-04,CM,NSE,STK,12904,IN0020190107,SGBAUG27,GB,,,,,2.50%GOLDBONDS2027SR-III,15151.00,15288.98,15151.00,15241.31,15250.00,15105.26,,15225.09,,,57,867394.19,28,F1,1,,,,,
2026-09-04,2026-09-04,CM,NSE,STK,13209,IN0020190115,SGBSEP27,GB,,,,,2.50%GOLDBONDS2027SR-IV,15350.01,15350.01,15350.01,15350.01,15350.01,15251.00,,15350.01,,,27,414450.27,1,F1,1,,,,,
2026-09-04,2026-09-04,CM,NSE,STK,8308,IN0020180462,SGBJAN27,GB,,,,,2.50%GOLDBONDS2027SR-V,15105.11,15249.00,15105.11,15248.00,15248.00,14950.00,,15221.98,,,9,136664.44,4,F1,1,,,,,
2026-09-04,2026-09-04,CM,NSE,STK,13981,IN0020190370,SGBOCT27,GB,,,,,2.50%GOLDBONDS2027SR-V,15250.00,15300.00,15250.00,15300.00,15300.00,14962.00,,15300.00,,,6,91600.00,3,F1,1,,,,,
2026-09-04,2026-09-04,CM,NSE,STK,8766,IN0020180561,SGBFEB27,GB,,,,,2.50%GOLDBONDS2027SR-VI,15200.00,15200.00,15200.00,15200.00,15200.00,14849.00,,15200.00,,,4,60800.00,4,F1,1,,,,,
2026-09-04,2026-09-04,CM,NSE,STK,15432,IN0020190461,SGBDC27VII,GB,,,,,2.50%GOLDBONDS2027SR-VII,15125.11,15270.00,15125.11,15225.00,15225.00,15150.00,,15225.00,,,18,273898.33,9,F1,1,,,,,
2026-09-04,2026-09-04,CM,NSE,STK,18862,IN0020200062,SGBAPR28I,GB,,,,,2.50%GOLDBONDS2028SR-I,15275.00,15350.00,15251.00,15323.99,15301.00,15180.84,,15321.68,,,61,933510.14,24,F1,1,,,,,
2026-09-04,2026-09-04,CM,NSE,STK,18972,IN0020200088,SGBMAY28,GB,,,,,2.50%GOLDBONDS2028SR-II,15259.99,15280.00,15200.04,15260.00,15260.00,15123.33,,15264.38,,,59,900350.04,12,F1,1,,,,,
2026-09-04,2026-09-04,CM,NSE,STK,22242,IN0020200146,SGBJUL28IV,GB,,,,,2.50%GOLDBONDS2028SR-IV,15155.01,15279.50,15155.01,15249.78,15250.00,15116.01,,15249.78,,,253,3847953.81,53,F1,1,,,,,
2026-09-04,2026-09-04,CM,NSE,STK,22385,IN0020200161,SGBAUG28V,GB,,,,,2.50%GOLDBONDS2028SR-V,15152.00,15279.00,15136.57,15228.56,15245.00,15112.39,,15230.89,,,530,8063028.67,133,F1,1,,,,,
2026-09-04,2026-09-04,CM,NSE,STK,149,IN0020200195,SGBSEP28VI,GB,,,,,2.50%GOLDBONDS2028SR-VI,15261.89,15300.02,15200.00,15300.00,15300.00,15159.80,,15303.95,,,384,5860734.16,88,F1,1,,,,,
2026-09-04,2026-09-04,CM,NSE,STK,834,IN0020200203,SGBOC28VII,GB,,,,,2.50%GOLDBONDS2028SR-VII,15250.02,15340.00,15250.02,15320.20,15340.00,15185.00,,15332.95,,,123,1879233.11,29,F1,1,,,,,
2026-09-04,2026-09-04,CM,NSE,STK,17110,IN0020190537,SGBJ28VIII,GB,,,,,2.50%GOLDBONDS2028SR-VIII,15299.99,15299.99,15299.99,15299.99,15299.99,15099.90,,15299.99,,,1,15299.99,1,F1,1,,,,,
2026-09-04,2026-09-04,CM,NSE,STK,18451,IN0020190552,SGBMAR28X,GB,,,,,2.50%GOLDBONDS2028SR-X,15274.17,15300.57,15255.01,15257.00,15257.00,15160.00,,15257.00,,,44,672225.75,21,F1,1,,,,,
2026-09-04,2026-09-04,CM,NSE,STK,5113,IN0020210111,SGBJUL29IV,GB,,,,,2.50%GOLDBONDS2029SR-IV,15170.00,15300.00,15170.00,15264.25,15250.00,15127.94,,15264.25,,,120,1831898.23,24,F1,1,,,,,
2026-09-04,2026-09-04,CM,NSE,STK,1920,IN0020200377,SGBJAN29IX,GB,,,,,2.50%GOLDBONDS2029SR-IX,15185.50,15266.55,15155.11,15227.50,15250.00,15111.99,,15224.06,,,53,807268.84,19,F1,1,,,,,
2026-09-04,2026-09-04,CM,NSE,STK,5455,IN0020210129,SGBAUG29V,GB,,,,,2.50%GOLDBONDS2029SR-V,15255.55,15350.00,15255.55,15313.80,15270.00,15237.20,,15300.78,,,51,780777.10,23,F1,1,,,,,
2026-09-04,2026-09-04,CM,NSE,STK,7098,IN0020210228,SGBD29VIII,GB,,,,,2.50%GOLDBONDS2029SR-VIII,15260.00,15379.99,15201.00,15345.00,15340.00,15239.92,,15337.64,,,104,1589686.28,33,F1,1,,,,,
2026-09-04,2026-09-04,CM,NSE,STK,2003,IN0020200385,SGBJAN29X,GB,,,,,2.50%GOLDBONDS2029SR-X,15200.51,15250.00,15198.14,15245.00,15204.00,15108.22,,15245.00,,,267,4070604.30,22,F1,1,,,,,
2026-09-04,2026-09-04,CM,NSE,STK,2200,IN0020200393,SGBFEB29XI,GB,,,,,2.50%GOLDBONDS2029SR-XI,15200.00,15345.00,15155.01,15241.55,15250.00,15093.50,,15227.03,,,193,2940782.63,59,F1,1,,,,,
2026-09-04,2026-09-04,CM,NSE,STK,2810,IN0020200427,SGBMR29XII,GB,,,,,2.50%GOLDBONDS2029SR-XII,15261.27,15325.00,15211.01,15244.60,15250.00,15142.50,,15244.60,,,148,2259480.06,52,F1,1,,,,,
2026-09-04,2026-09-04,CM,NSE,STK,10232,IN0020220045,SGBJUN30,GB,,,,,2.50%GOLDBONDS2030SR-I,15511.00,15511.00,15400.00,15449.00,15449.00,15287.44,,15442.58,,,49,757364.96,10,F1,1,,,,,
2026-09-04,2026-09-04,CM,NSE,STK,11192,IN0020220078,SGBAUG30,GB,,,,,2.50%GOLDBONDS2030SR-II,15308.01,15575.00,15308.01,15470.42,15499.99,15281.42,,15470.42,,,268,4142981.84,75,F1,1,,,,,
2026-09-04,2026-09-04,CM,NSE,STK,13642,IN0020220110,SGBDE30III,GB,,,,,2.50%GOLDBONDS2030SR-III,15365.01,15450.00,15365.01,15413.38,15410.00,15362.96,,15413.38,,,180,2776843.47,38,F1,1,,,,,
2026-09-04,2026-09-04,CM,NSE,STK,7879,IN0020210236,SGBJAN30IX,GB,,,,,2.50%GOLDBONDS2030SR-IX,15340.00,15379.02,15211.00,15242.20,15280.00,15160.71,,15242.36,,,224,3423542.62,58,F1,1,,,,,
2026-09-04,2026-09-04,CM,NSE,STK,8401,IN0020210319,SGBMAR30X,GB,,,,,2.50%GOLDBONDS2030SR-X,15350.00,15450.00,15300.00,15425.00,15425.00,15318.46,,15425.00,,,116,1781943.44,27,F1,1,,,,,
2026-09-04,2026-09-04,CM,NSE,STK,17202,IN0020230069,SGBJUN31I,GB,,,,,2.50%GOLDBONDS2031SR-I,15500.00,15535.00,15450.05,15505.82,15480.00,15379.14,,15500.58,,,145,2246085.48,53,F1,1,,,,,
2026-09-04,2026-09-04,CM,NSE,STK,19456,IN0020230093,SGBSEP31II,GB,,,,,2.50%GOLDBONDS2031SR-II,15555.01,15674.00,15555.01,15620.76,15629.99,15509.43,,15620.75,,,338,5274605.48,89,F1,1,,,,,
2026-09-04,2026-09-04,CM,NSE,STK,22476,IN0020230168,SGBDE31III,GB,,,,,2.50%GOLDBONDS2031SR-III,15556.56,15688.40,15556.56,15626.86,15630.00,15542.74,,15619.78,,,1138,17769033.37,177,F1,1,,,,,
2026-09-04,2026-09-04,CM,NSE,STK,14598,IN0020220169,SGBMAR31IV,GB,,,,,2.50%GOLDBONDS2031SR-IV,15436.57,15639.83,15436.57,15520.32,15500.00,15413.07,,15520.07,,,114,1769582.47,46,F1,1,,,,,
2026-09-04,2026-09-04,CM,NSE,STK,22886,IN0020230184,SGBFEB32IV,GB,,,,,2.50%GOLDBONDS2032SR-IV,15806.56,15849.97,15736.00,15787.91,15800.00,15742.54,,15778.36,,,1206,19046267.69,238,F1,1,,,,,
2026-09-04,2026-09-04,CM,NSE,STK,16921,INE144J01027,20MICRONS,EQ,,,,,20 MICRONS LTD,218.91,224.90,216.50,222.49,222.95,217.82,,222.50,,,174812,38639237.99,4145,F1,1,,,,,
2026-09-04,2026-09-04,CM,NSE,STK,4,INE253B01015,21STCENMGM,EQ,,,,,21ST CENTURY MGMT SERVICE,38.49,38.70,37.36,38.13,38.00,38.10,,38.13,,,2056,78150.66,44,F1,1,,,,,
2026-09-04,2026-09-04,CM,NSE,STK,13061,INE466L01038,360ONE,EQ,,,,,360 ONE WAM LIMITED,1149.10,1156.10,1127.10,1137.00,1137.00,1155.00,,1137.00,,,603451,688260495.50,32281,F1,1,,,,,
2026-09-04,2026-09-04,CM,NSE,STK,30105,INF579M01BB5,GOLD360,EQ,,,,,360ONEAMC - GOLD360,150.15,151.00,149.60,149.70,149.60,149.40,,149.70,,,9775,1466887.95,192,F1,1,,,,,
2026-09-04,2026-09-04,CM,NSE,STK,763602,INF579M01BP5,MSCI360,EQ,,,,,360ONEAMC - MSCI360,10.12,10.27,10.04,10.27,10.27,10.06,,10.27,,,6033,60999.36,23,F1,1,,,,,
2026-09-04,2026-09-04,CM,NSE,STK,756150,INF579M01BC3,SILVER360,EQ,,,,,360ONEAMC - SILVER360,227.40,229.69,227.40,229.11,229.50,226.38,,229.11,,,14214,3253999.30,265,F1,1,,,,,
2026-09-04,2026-09-04,CM,NSE,STK,762518,INE994E01018,3BBLACKBIO,EQ,,,,,3B BLACKBIO DX LTD.,1508.50,1513.90,1411.20,1460.10,1476.20,1486.20,,1460.39,,,19626,28417563.40,2351,F1,1,,,,,
2026-09-04,2026-09-04,CM,NSE,STK,6240,INE748C01038,3IINFOLTD,BE,,,,,3I INFOTECH LIMITED,21.99,22.50,21.99,22.37,22.40,21.79,,22.37,,,161133,3599783.63,591,F1,1,,,,,
2026-09-04,2026-09-04,CM,NSE,STK,474,INE470A01017,3MINDIA,EQ,,,,,3M INDIA LIMITED,32730.00,32965.00,32680.00,32845.00,32955.00,32820.00,,32846.76,,,932,30562740.00,600,F1,1,,,,,
2026-09-04,2026-09-04,CM,NSE,STK,2595,INE105C01023,3PLAND,EQ,,,,,3P LAND HOLDINGS LIMITED,32.30,32.45,30.75,32.39,32.39,32.45,,32.16,,,11543,365106.68,223,F1,1,,,,,
2026-09-04,2026-09-04,CM,NSE,STK,445,INE618L01018,5PAISA,EQ,,,,,5PAISA CAPITAL LIMITED,342.45,367.90,336.35,342.10,341.80,342.45,,342.04,,,258086,90740393.40,7643,F1,1,,,,,
2026-09-04,2026-09-04,CM,NSE,STK,11868,INE111B01023,63MOONS,EQ,,,,,63 MOONS TECHNOLOGIES LTD,867.95,903.00,853.30,876.50,875.00,851.25,,876.47,,,1136718,1003549857.90,41951,F1,1,,,,,
2026-09-04,2026-09-04,CM,NSE,STK,19972,INE134E07570,735PFCL35,N1,,,,,7.35% TAX FREE NCD,1202.10,1202.10,1202.10,1202.10,1202.10,1169.80,,1202.10,,,770,925617.00,1,F1,1,,,,,
2026-09-04,2026-09-04,CM,NSE,STK,20034,INE261F07032,764NABAR31,N2,,,,,7.64% TAX FREE TRI SRIIB,1110.10,1118.00,1110.07,1118.00,1118.00,1119.00,,1114.65,,,931,1034878.00,13,F1,1,,,,,
2026-09-04,2026-09-04,CM,NSE,STK,19928,INE031A07AO5,764HUDCO31,N8,,,,,7.64% TAX FREETRI SR2B,1130.00,1130.00,1125.00,1125.00,1125.00,1118.00,,1125.00,,,313,353435.00,5,F1,1,,,,,
2026-09-04,2026-09-04,CM,NSE,STK,19930,INE031A07AT4,769HUDCO31,N9,,,,,7.69% TAX FREETRII SR2B,1136.50,1136.80,1136.10,1136.80,1136.80,1139.50,,1136.80,,,320,363570.00,6,F1,1,,,,,
2026-09-04,2026-09-04,CM,NSE,STK,31240,INE031A07840,82HUDCO27,N2,,,,,8.20 NCD05MAR27 FV 1000,1058.75,1058.75,1053.01,1053.01,1053.01,1058.75,,1053.01,,,30,31672.06,5,F1,1,,,,,
2026-09-04,2026-09-04,CM,NSE,STK,192,INE906B07DF8,875NHAI29,N6,,,,,8.75% TAX FREE TR I S IIB,1052.00,1119.99,1052.00,1118.24,1118.99,1115.00,,1118.24,,,440,490890.70,10,F1,1,,,,,
2026-09-04,2026-09-04,CM,NSE,STK,19968,INE031A07949,876HUDCO28,ND,,,,,8.76% TAX FREETRI SR2B,1135.98,1135.98,1134.00,1135.00,1135.00,1133.51,,1135.00,,,470,533130.50,8,F1,1,,,,,
2026-09-04,2026-09-04,CM,NSE,STK,31486,INE848E07559,879NHPC28,N5,,,,,8.79% SEC RED BOND S2B,1110.00,1110.00,1110.00,1110.00,1110.00,1110.00,,1110.00,,,797,884670.00,3,F1,1,,,,,
2026-09-04,2026-09-04,CM,NSE,STK,20058,INE787H07370,891IIFCL34,N4,,,,,8.91% TAX FREE NCD,1255.01,1270.00,1255.01,1270.00,1270.00,1255.01,,1270.00,,,109,136811.08,2,F1,1,,,,,
2026-09-04,2026-09-04,CM,NSE,STK,31768,INE733E07JJ9,891NTPC33,N6,,,,,8.91%S-R-NCD SERIES 3B,1248.00,1284.90,1248.00,1273.74,1273.74,1280.00,,1273.74,,,176,224128.66,6,F1,1,,,,,
2026-09-04,2026-09-04,CM,NSE,STK,31487,INE848E07567,892NHPC33,N6,,,,,8.92% SEC RED BOND S3B,1260.00,1260.00,1260.00,1260.00,1260.00,1260.00,,1260.00,,,700,882000.00,10,F1,1,,,,,
2026-09-04,2026-09-04,CM,NSE,STK,20028,INE134E07463,892PFCL33,N8,,,,,8.92% TAX FREE NCD,1276.05,1276.05,1276.05,1276.05,1276.05,1286.87,,1276.05,,,10,12760.50,1,F1,1,,,,,
2026-09-04,2026-09-04,CM,NSE,STK,19970,INE031A07AB2,901HUDCO34,NE,,,,,9.01% TAX FREETRII SR3B,1284.00,1284.00,1278.00,1280.00,1280.00,1284.99,,1280.00,,,337,431900.45,13,F1,1,,,,,
2026-09-04,2026-09-04,CM,NSE,STK,759130,INE08PH01015,ABCOTS,EQ,,,,,A B COTSPIN INDIA LIMITED,209.70,217.99,206.30,208.15,207.00,207.46,,208.15,,,4500,943697.12,298,F1,1,,,,,
2026-09-04,2026-09-04,CM,NSE,STK,27016,INE00YB01025,ABINFRA,BE,,,,,A B INFRABUILD LIMITED,11.15,11.59,10.95,11.35,11.50,11.18,,11.35,,,234755,2613015.27,399,F1,1,,,,,
2026-09-04,2026-09-04,CM,NSE,STK,762528,INE850B01026,ABMKNO,EQ,,,,,A B M KNOWLEDGEWARE LTD.,193.60,193.60,188.00,189.90,189.90,188.00,,189.90,,,556,104689.50,14,F1,1,,,,,
2026-09-04,2026-09-04,CM,NSE,STK,762536,INE366C01021,ACSTECH,BE,,,,,A C S TECHNOLOGIES LTD.,51.90,52.00,51.00,51.83,51.80,50.69,,51.84,,,124987,6427167.44,235,F1,1,,,,,
2026-09-04,2026-09-04,CM,NSE,STK,762538,INE701G01012,AKCAPIT,EQ,,,,,A K CAPITAL SERVICES LTD.,1698.90,1740.00,1684.20,1736.90,1740.00,1697.40,,1736.90,,,674,1163226.60,128,F1,1,,,,,
2026-09-04,2026-09-04,CM,NSE,STK,20906,INE619I01012,A2ZINFRA,EQ,,,,,A2Z INFRA ENGINEERING LTD,15.98,16.24,15.33,15.61,15.74,15.98,,15.61,,,308540,4823642.09,740,F1,1,,,,,
2026-09-04,2026-09-04,CM,NSE,STK,12533,INE0D0U01013,AAATECH,EQ,,,,,AAA TECHNOLOGIES LIMITED,93.17,93.99,91.10,91.74,91.46,93.17,,91.72,,,11314,1039757.08,369,F1,1,,,,,
2026-09-04,2026-09-04,CM,NSE,STK,23729,INE883F01010,AADHARHFC,EQ,,,,,AADHAR HOUSING FINANCE L,478.70,488.00,477.70,483.55,485.00,478.65,,483.54,,,197998,95642343.20,10142,F1,1,,,,,
2026-09-04,2026-09-04,CM,NSE,STK,757579,INE1GYP01013,AAKAAR,SM,,,,,AAKAAR MEDICAL TECHNO LTD,61.30,62.90,61.30,62.70,62.70,63.00,,62.70,,,11200,698800.00,6,F1,1600,,,,,
2026-09-04,2026-09-04,CM,NSE,STK,235,INE087Z01024,AAKASH,EQ,,,,,AAKASH EXPLORATION SER L,8.88,8.89,8.69,8.75,8.80,8.77,,8.75,,,139620,1224152.12,248,F1,1,,,,,
2026-09-04,2026-09-04,CM,NSE,STK,758120,INE124401014,AARADHYA,SM,,,,,AARADHYA DISPOSAL INDUS L,97.00,110.80,97.00,110.80,110.80,100.75,,110.80,,,398400,41959320.00,83,F1,1200,,,,,
2026-09-04,2026-09-04,CM,NSE,STK,5245,INE198H01019,AAREYDRUGS,EQ,,,,,AAREY DRUGS & PHARM LTD,96.00,96.99,93.55,95.79,96.00,94.44,,95.77,,,109417,10430625.76,828,F1,1,,,,,
2026-09-04,2026-09-04,CM,NSE,STK,761824,INE750R01016,AARNAV,BE,,,,,AARNAV FASHIONS LIMITED,32.22,32.95,32.10,32.17,32.10,32.22,,32.23,,,2300,75047.71,21,F1,1,,,,,
2026-09-04,2026-09-04,CM,NSE,STK,1030,INE721Z01010,AARON,EQ,,,,,AARON INDUSTRIES LIMITED,131.00,131.00,127.00,128.45,128.00,128.98,,128.45,,,4376,561249.74,191,F1,1,,,,,
2026-09-04,2026-09-04,CM,NSE,STK,17164,INE01C001026,AARTECH,BE,,,,,AARTECH SOLONICS LIMITED,49.50,49.50,48.50,48.64,48.50,49.16,,48.65,,,13250,647138.84,74,F1,1,,,,,
2026-09-04,2026-09-04,CM,NSE,STK,4481,INE767A01016,AARTIDRUGS,EQ,,,,,AARTI DRUGS LTD.,429.25,443.75,426.20,431.65,435.00,425.85,,431.65,,,250307,109111439.95,8751,F1,1,,,,,
2026-09-04,2026-09-04,CM,NSE,STK,7,INE769A01020,AARTIIND,EQ,,,,,AARTI INDUSTRIES LTD,503.60,509.90,490.00,492.05,493.25,501.90,,492.04,,,767774,381121164.50,23817,F1,1,,,,,
2026-09-04,2026-09-04,CM,NSE,STK,13868,INE0LRU01027,AARTIPHARM,EQ,,,,,AARTI PHARMALABS LIMITED,872.00,879.75,854.10,858.80,856.25,868.10,,858.81,,,463265,399406199.05,19523,F1,1,,,,,
2026-09-04,2026-09-04,CM,NSE,STK,19263,INE09EO01013,AARTISURF,BE,,,,,AARTI SURFACTANTS LIMITED,549.90,554.90,540.00,548.50,550.90,544.25,,548.27,,,9195,5028820.10,319,F1,1,,,,,
2026-09-04,2026-09-04,CM,NSE,STK,19073,INE754X01016,AARVI,EQ,,,,,AARVI ENCON LIMITED,139.61,143.96,139.61,141.92,141.15,141.35,,141.95,,,7773,1106368.64,345,F1,1,,,,,
2026-09-04,2026-09-04,CM,NSE,STK,763800,INE2FMX01012,AASTHA,EQ,,,,,AASTHA SPINTEX LIMITED,79.56,80.87,77.92,78.12,78.30,80.05,,78.13,,,228188,17965074.04,1615,F1,1,,,,,
2026-09-04,2026-09-04,CM,NSE,STK,16961,INE0OB201016,AATMAJ,SM,,,,,AATMAJ HEALTHCARE LIMITED,18.25,18.25,18.25,18.25,18.25,18.25,,18.25,,,2000,36500.00,1,F1,2000,,,,,
2026-09-04,2026-09-04,CM,NSE,STK,5385,INE216P01012,AAVAS,EQ,,,,,AAVAS FINANCIERS LIMITED,1298.30,1318.00,1298.30,1304.20,1307.00,1297.80,,1304.11,,,60456,79037732.10,8307,F1,1,,,,,
2026-09-04,2026-09-04,CM,NSE,STK,7759,INE421A01028,ABAN,BE,,,,,ABAN OFFSHORE LTD.,14.90,15.05,14.49,14.99,14.98,14.78,,14.99,,,36824,542097.74,279,F1,1,,,,,
2026-09-04,2026-09-04,CM,NSE,STK,762523,INE365O01028,ABANSENT,EQ,,,,,ABANS ENTERPRISES LTD.,28.40,28.40,27.20,27.86,27.50,27.45,,27.86,,,6398,175622.07,107,F1,1,,,,,
2026-09-04,2026-09-04,CM,NSE,STK,13288,INE00ZE01026,AFSL,EQ,,,,,ABANS FINANCIAL SRVCS LTD,211.80,211.80,201.30,202.07,202.00,208.77,,202.07,,,9724,1981541.43,258,F1,1,,,,,
2026-09-04,2026-09-04,CM,NSE,STK,13,INE117A01022,ABB,EQ,,,,,ABB INDIA LIMITED,7445.50,7470.00,7376.00,7410.00,7410.00,7432.00,,7410.04,,,150500,1116516031.50,18754,F1,1,,,,,
2026-09-04,2026-09-04,CM,NSE,STK,17903,INE358A01014,ABBOTINDIA,EQ,,,,,ABBOTT INDIA LIMITED,25945.00,26365.00,25810.00,26065.00,26090.00,25945.00,,26065.18,,,8803,229246080.00,3571,F1,1,,,,,
2026-09-04,2026-09-04,CM,NSE,STK,765466,INE1R2M01019,ABH,ST,,,,,ABH HEALTHCARE LIMITED,80.70,80.70,80.70,80.70,80.70,84.90,,80.70,,,138000,11136600.00,68,F1,1200,,,,,
2026-09-04,2026-09-04,CM,NSE,STK,27284,INE0UYG01015,ABHAPOWER,SM,,,,,ABHA POWER N STEEL LTD,24.00,24.75,23.10,24.60,24.50,23.95,,24.60,,,24000,570560.00,15,F1,1600,,,,,
2026-09-04,2026-09-04,CM,NSE,STK,4626,INE0CAJ01017,AILIMITED,SM,,,,,ABHISHEK INTEGRATIONS LTD,22.25,22.25,22.25,22.25,22.25,21.25,,22.25,,,9000,200250.00,3,F1,3000,,,,,
2026-09-04,2026-09-04,CM,NSE,STK,5551,INE251C01025,ABMINTLLTD,BE,,,,,ABM INTERNATIONAL LTD,55.86,55.86,55.86,55.86,55.86,57.00,,55.86,,,338,18880.68,9,F1,1,,,,,
2026-09-04,2026-09-04,CM,NSE,STK,23783,INE0QRV01016,ABSMARINE,SM,,,,,ABS MARINE SERVICES LTD,314.80,344.00,312.00,337.90,338.80,307.15,,337.90,,,343500,114435100.00,558,F1,500,,,,,
2026-09-04,2026-09-04,CM,NSE,STK,22,INE012A01025,ACC,EQ,,,,,ACC LIMITED,1277.00,1289.30,1272.00,1283.80,1287.00,1272.00,,1283.79,,,101446,129978158.20,6445,F1,1,,,,,
2026-09-04,2026-09-04,CM,NSE,STK,7053,INE793A01012,ACCELYA,EQ,,,,,ACCELYA SOLN INDIA LTD,1130.70,1139.20,1125.70,1131.00,1133.00,1129.60,,1130.78,,,2359,2668464.90,358,F1,1,,,,,
2026-09-04,2026-09-04,CM,NSE,STK,20488,INE0Q5D01013,ACCENTMIC,SM,,,,,ACCENT MICROCELL LIMITED,612.00,619.00,608.70,617.80,619.00,607.40,,617.80,,,56500,34771325.00,97,F1,500,,,,,
2026-09-04,2026-09-04,CM,NSE,STK,21218,INE113X01015,ACCORD,ST,,,,,ACCORD SYNERGY LIMITED,188.45,188.45,188.45,188.45,188.45,198.35,,188.45,,,2000,376900.00,1,F1,2000,,,,,
2026-09-04,2026-09-04,CM,NSE,STK,757024,INE0T8T01010,ACCPL,ST,,,,,ACCRETION PHARMA LIMITED,202.00,202.00,200.00,200.00,200.00,202.00,,200.00,,,13200,2660400.00,9,F1,1200,,,,,
2026-09-04,2026-09-04,CM,NSE,STK,1472,INE648Z01023,ACCURACY,BE,,,,,ACCURACY SHIPPING LIMITED,4.27,4.34,4.27,4.31,4.33,4.22,,4.16,,,25313,109126.56,142,F1,1,,,,,
2026-09-04,2026-09-04,CM,NSE,STK,11779,INE543V01017,ACEINTEG,EQ,,,,,ACE INTEGRATED SOLU. LTD.,17.40,18.70,17.29,17.83,18.40,17.02,,17.83,,,17975,325265.72,166,F1,1,,,,,
2026-09-04,2026-09-04,CM,NSE,STK,761112,INE1J6M01010,ACETEC,SM,,,,,ACETECH E-COMMERCE LTD,139.00,139.00,139.00,139.00,139.00,139.00,,139.00,,,1200,166800.00,1,F1,1200,,,,,
2026-09-04,2026-09-04,CM,NSE,STK,27061,INE622W01025,ACMESOLAR,EQ,,,,,ACME SOLAR HOLDINGS LTD,402.90,430.50,399.55,418.00,419.00,401.90,,418.00,,,6203953,2589884574.75,110173,F1,1,,,,,
2026-09-04,2026-09-04,CM,NSE,STK,13587,INE731H01025,ACE,EQ,,,,,ACTION CONST EQUIP LTD,1148.40,1189.00,1117.10,1125.40,1127.00,1145.50,,1125.47,,,557111,645285823.50,33114,F1,1,,,,,
2026-09-04,2026-09-04,CM,NSE,STK,5578,INE00FF01025,ACUTAAS,EQ,,,,,ACUTAAS CHEMICALS LIMITED,3211.10,3228.80,3156.30,3168.50,3169.00,3201.00,,3168.42,,,149850,476850429.80,21292,F1,1,,,,,
2026-09-04,2026-09-04,CM,NSE,STK,10217,INE931S01010,ADANIENSOL,EQ,,,,,ADANI ENERGY SOLUTION LTD,1385.60,1412.70,1376.70,1409.60,1409.60,1385.70,,1409.60,,,1386991,1946073199.30,34134,F1,1,,,,,
2026-09-04,2026-09-04,CM,NSE,STK,25,INE423A01024,ADANIENT,EQ,,,,,ADANI ENTERPRISES LIMITED,2900.00,2965.00,2882.80,2938.00,2938.00,2901.00,,2937.99,,,1060844,3113052524.00,45143,F1,1,,,,,
2026-09-04,2026-09-04,CM,NSE,STK,3563,INE364U01010,ADANIGREEN,EQ,,,,,ADANI GREEN ENERGY LTD,1288.00,1304.50,1278.20,1301.30,1301.30,1283.40,,1301.25,,,768437,996144981.50,25762,F1,1,,,,,
2026-09-04,2026-09-04,CM,NSE,STK,15083,INE742F01042,ADANIPORTS,EQ,,,,,ADANI PORT & SEZ LTD,1699.90,1716.90,1692.40,1707.30,1707.30,1706.50,,1707.33,,,1281968,2188911301.80,43769,F1,1,,,,,
2026-09-04,2026-09-04,CM,NSE,STK,17388,INE814H01029,ADANIPOWER,EQ,,,,,ADANI POWER LTD,208.29,208.99,206.75,207.20,207.20,208.29,,207.19,,,9328145,1936433429.16,49319,F1,1,,,,,
2026-09-04,2026-09-04,CM,NSE,STK,6066,INE399L01023,ATGL,EQ,,,,,ADANI TOTAL GAS LIMITED,614.00,619.80,610.55,612.35,614.00,614.05,,612.36,,,445851,274247319.60,15365,F1,1,,,,,
2026-09-04,2026-09-04,CM,NSE,STK,764563,INE757C01021,ADDIND,EQ,,,,,ADDI INDUSTRIES LTD.,81.55,83.68,79.00,79.34,79.00,76.69,,79.38,,,486,39273.15,34,F1,1,,,,,
2026-09-04,2026-09-04,CM,NSE,STK,22468,INE0RDH01021,ADDICTIVE,SM,,,,,ADDICTIVE LEARNING TECH L,43.00,44.75,43.00,43.30,43.00,43.00,,43.30,,,8500,369500.00,13,F1,500,,,,,
2026-09-04,2026-09-04,CM,NSE,STK,19761,INE982B01027,ADFFOODS,EQ,,,,,ADF FOODS LIMITED,267.50,269.15,262.40,264.80,266.85,267.50,,264.80,,,78833,20904529.30,2557,F1,1,,,,,
2026-09-04,2026-09-04,CM,NSE,STK,763156,INE20PL01012,ADISOFT,SM,,,,,ADISOFT TECHNOLOGIES LTD,199.00,208.00,199.00,206.25,204.55,200.00,,206.25,,,49600,10136560.00,60,F1,800,,,,,
2026-09-04,2026-09-04,CM,NSE,STK,6018,INE404A01024,ABSLAMC,EQ,,,,,ADIT BIRL SUN LIF AMC LTD,1047.70,1065.00,1036.10,1062.30,1064.00,1045.20,,1062.30,,,127937,134726426.00,11137,F1,1,,,,,
2026-09-04,2026-09-04,CM,NSE,STK,21614,INE674K01013,ABCAPITAL,EQ,,,,,ADITYA BIRLA CAPITAL LTD.,400.20,407.40,400.20,404.90,404.90,402.00,,404.90,,,2167785,876957923.55,34690,F1,1,,,,,
2026-09-04,2026-09-04,CM,NSE,STK,30108,INE647O01011,ABFRL,EQ,,,,,ADITYA BIRLA FASHION & RT,50.76,53.50,50.45,52.97,53.07,50.41,,52.97,,,8157673,426909612.43,38913,F1,1,,,,,
2026-09-04,2026-09-04,CM,NSE,STK,756843,INE14LE01019,ABLBL,EQ,,,,,ADITYA BIRLA LIFES BRAN L,84.18,86.90,83.72,86.07,86.25,83.49,,86.05,,,852050,72950470.97,12676,F1,1,,,,,
2026-09-04,2026-09-04,CM,NSE,STK,15239,INE865C01022,BIRLAMONEY,EQ,,,,,ADITYA BIRLA MONEY LTD,126.77,129.19,123.50,126.37,126.29,127.15,,126.36,,,62184,7868118.80,1043,F1,1,,,,,
2026-09-04,2026-09-04,CM,NSE,STK,625,INE055A01016,ABREL,EQ,,,,,ADITYA BIRLA REAL EST LTD,1376.90,1400.90,1362.50,1373.60,1372.00,1376.90,,1373.52,,,68679,94708293.30,9841,F1,1,,,,,
2026-09-04,2026-09-04,CM,NSE,STK,758858,INE819V01029,CPPLUS,EQ,,,,,ADITYA INFOTECH LIMITED,3752.70,3797.90,3645.00,3704.60,3705.00,3751.30,,3704.67,,,202259,751762988.30,23263,F1,1,,,,,
2026-09-04,2026-09-04,CM,NSE,STK,25248,INE01YQ01013,AUSL,SM,,,,,ADITYA ULTRA STEEL LTD,24.55,24.55,24.55,24.55,24.55,25.80,,24.55,,,2000,49100.00,1,F1,2000,,,,,
2026-09-04,2026-09-04,CM,NSE,STK,25984,INE679V01027,AVL,EQ,,,,,ADITYA VISION LIMITED,604.00,604.00,590.40,600.05,598.10,600.40,,600.04,,,226161,135134137.45,18774,F1,1,,,,,
2026-09-04,2026-09-04,CM,NSE,STK,23804,INF209KB18D3,BSLGOLDETF,EQ,,,,,ADITYBIRLA SL GOLD ETF-GR,136.33,136.33,134.70,135.36,135.10,134.18,,135.36,,,224272,30340294.75,2547,F1,1,,,,,
2026-09-04,2026-09-04,CM,NSE,STK,24781,INF209KB19D1,BSLNIFTY,EQ,,,,,ADITYBIRLA SL NIF ETF-GR,28.34,28.34,27.97,28.14,28.09,28.07,,28.14,,,339470,9550069.71,3601,F1,1,,,,,
2026-09-04,2026-09-04,CM,NSE,STK,34,INE045A01017,ADOR,EQ,,,,,ADOR WELDING LTD,1720.00,1731.00,1662.20,1674.40,1674.00,1714.60,,1674.40,,,26990,45410047.80,3997,F1,1,,,,,
2026-09-04,2026-09-04,CM,NSE,STK,4953,INE737B01033,ADROITINFO,EQ,,,,,ADROIT INFOTECH LIMITED,10.20,10.60,10.20,10.31,10.30,10.31,,10.31,,,10874,112986.73,82,F1,1,,,,,
2026-09-04,2026-09-04,CM,NSE,STK,760657,INE0ALI01010,ADVAIT,EQ,,,,,ADVAIT ENRGY TRANSITION L,2230.00,2244.90,2136.00,2151.30,2165.00,2210.90,,2151.63,,,66736,145660106.80,8813,F1,1,,,,,
2026-09-04,2026-09-04,CM,NSE,STK,759402,INE1B0W01010,ADVANCE,EQ,,,,,ADVANCE AGROLIFE LIMITED,119.75,119.76,116.86,117.43,118.09,118.53,,117.43,,,118344,13967473.16,1046,F1,1,,,,,
2026-09-04,2026-09-04,CM,NSE,STK,18039,INE837H01020,ADVENZYMES,EQ,,,,,ADVANCED ENZYME TECH LTD,297.10,300.80,292.10,293.20,293.80,296.00,,293.20,,,257142,76201264.90,3866,F1,1,,,,,
2026-09-04,2026-09-04,CM,NSE,STK,14745,INE199C01026,ADVANIHOTR,EQ,,,,,ADVANI HOT.& RES.(I) LTD,49.25,49.99,49.00,49.45,49.27,49.18,,49.41,,,22126,1092467.18,327,F1,1,,,,,
2026-09-04,2026-09-04,CM,NSE,STK,759769,INE28GN01010,ADVENTHTL,EQ,,,,,ADVENT HOTELS INTERNATI L,135.25,135.70,132.81,134.57,134.10,134.98,,134.57,,,78410,10517378.30,1234,F1,1,,,,,
2026-09-04,2026-09-04,CM,NSE,STK,765015,INE178T01024,ADVIKCA,EQ,,,,,ADVIK CAPITAL LTD.,1.15,1.16,1.11,1.12,1.14,1.13,,1.13,,,329513,372742.22,336,F1,1,,,,,
2026-09-04,2026-09-04,CM,NSE,STK,762227,INE1SJO01012,RAMBHAJO,EQ,,,,,ADVIT JEWELS LIMITED,249.90,268.68,247.06,268.68,268.68,244.26,,268.92,,,1915247,500788031.23,24492,F1,1,,,,,
2026-09-04,2026-09-04,CM,NSE,STK,40,INE208C01025,AEGISLOG,EQ,,,,,AEGIS LOGISTICS LIMITED,1288.10,1327.30,1265.00,1270.20,1270.00,1287.20,,1270.21,,,665965,861114864.40,35153,F1,1,,,,,
2026-09-04,2026-09-04,CM,NSE,STK,757336,INE0INX01018,AEGISVOPAK,EQ,,,,,AEGIS VOPAK TERMINALS LTD,286.50,294.10,283.10,284.50,284.00,286.85,,284.50,,,788218,226886490.15,17726,F1,1,,,,,
2026-09-04,2026-09-04,CM,NSE,STK,757873,INE423A07419,AEL170725,ND,,,,,AEL 0% 2028 SR V,1095.00,1095.00,1095.00,1095.00,1095.00,1095.00,,1095.00,,,35,38325.00,2,F1,1,,,,,
2026-09-04,2026-09-04,CM,NSE,STK,757876,INE423A07468,AEL170725A,NG,,,,,AEL 0% 2030 SR VIII,1095.00,1095.00,1095.00,1095.00,1095.00,1104.94,,1095.00,,,100,109500.00,1,F1,1,,,,,
2026-09-04,2026-09-04,CM,NSE,STK,761340,INE423A07484,860AEL28,NH,,,,,AEL 8.60% 2028 SR I,1035.70,1060.00,1035.20,1060.00,1060.00,1060.00,,1060.00,,,500,529572.70,12,F1,1,,,,,
2026-09-04,2026-09-04,CM,NSE,STK,761345,INE423A07518,862AEL31,NM,,,,,AEL 8.62% 2031 SR VI,1025.00,1025.00,1025.00,1025.00,1025.00,1015.00,,1025.00,,,11,11275.00,3,F1,1,,,,,
2026-09-04,2026-09-04,CM,NSE,STK,761343,INE423A07534,875AEL29,NK,,,,,AEL 8.75% 2029 SR IV,1053.00,1053.00,1053.00,1053.00,1053.00,1053.00,,1053.00,,,540,568620.00,11,F1,1,,,,,
2026-09-04,2026-09-04,CM,NSE,STK,757871,INE423A07427,885AEL28,NB,,,,,AEL 8.85% 2028 SR III,1030.00,1030.00,1030.00,1030.00,1030.00,1035.00,,1030.00,,,25,25750.00,1,F1,1,,,,,
2026-09-04,2026-09-04,CM,NSE,STK,761346,INE423A07526,890AEL31,NN,,,,,AEL 8.90% 2031 SR VII,1056.90,1056.90,1056.00,1056.90,1056.90,1055.05,,1056.90,,,25,26415.30,3,F1,1,,,,,
2026-09-04,2026-09-04,CM,NSE,STK,757874,INE423A07443,9AEL30,NE,,,,,AEL 9% 2030 SR VI,1049.85,1050.85,1049.85,1050.85,1050.85,1050.01,,1050.85,,,10,10503.50,2,F1,1,,,,,
2026-09-04,2026-09-04,CM,NSE,STK,757872,INE423A07435,915AEL28,NC,,,,,AEL 9.15% 2028 SR IV,1025.00,1025.00,1019.22,1019.22,1019.22,1025.00,,1019.11,,,311,318711.42,4,F1,1,,,,,
2026-09-04,2026-09-04,CM,NSE,STK,757875,INE423A07393,930AEL30,NF,,,,,AEL 9.3% 2030 SR VII,1040.00,1045.00,1037.00,1045.00,1045.00,1040.00,,1045.00,,,21,21815.00,3,F1,1,,,,,
2026-09-04,2026-09-04,CM,NSE,STK,760234,INE947N01017,AEQUS,EQ,,,,,AEQUS LIMITED,247.90,249.00,241.00,242.18,241.00,247.23,,242.19,,,1802739,439026679.44,29668,F1,1,,,,,
2026-09-04,2026-09-04,CM,NSE,STK,12015,INE065D01027,AEROENTER,EQ,,,,,AEROFLEX ENTERPRISES LTD,143.88,145.19,140.20,141.81,144.00,142.86,,141.76,,,477542,67996617.80,4185,F1,1,,,,,
2026-09-04,2026-09-04,CM,NSE,STK,18268,INE024001021,AEROFLEX,EQ,,,,,AEROFLEX INDUSTRIES LTD,544.00,552.95,527.10,537.45,539.65,542.15,,537.46,,,1026759,554442601.85,25542,F1,1,,,,,
2026-09-04,2026-09-04,CM,NSE,STK,13689,INE035801013,AERONEU,EQ,,,,,AEROFLEX NEU LIMITED,78.25,87.70,77.71,80.57,79.89,78.99,,80.57,,,80348,6549152.23,1953,F1,1,,,,,
2026-09-04,2026-09-04,CM,NSE,STK,25065,INE0WL801011,AERON,SM,,,,,AERON COMPOSITE LIMITED,78.80,83.00,78.80,83.00,83.00,78.80,,83.00,,,25000,2039450.00,23,F1,1000,,,,,
2026-09-04,2026-09-04,CM,NSE,STK,24830,INE0TSF01011,AESTHETIK,SM,,,,,AESTHETIK ENGINEERS LTD,69.00,69.90,68.70,69.80,69.75,70.00,,69.80,,,6000,415850.00,6,F1,1000,,,,,
2026-09-04,2026-09-04,CM,NSE,STK,9810,INE0BWX01014,AETHER,EQ,,,,,AETHER INDUSTRIES LIMITED,1660.10,1666.30,1614.30,1625.60,1625.00,1654.70,,1625.69,,,205632,336102327.40,21619,F1,1,,,,,
2026-09-04,2026-09-04,CM,NSE,STK,25977,INE101I01011,AFCONS,EQ,,,,,AFCONS INFRASTRUCTURE LTD,295.05,297.40,291.35,292.80,292.00,294.70,,292.79,,,400459,117672294.45,15773,F1,1,,,,,
2026-09-04,2026-09-04,CM,NSE,STK,11343,INE00WC01027,AFFLE,EQ,,,,,AFFLE 3I LIMITED,1529.00,1645.00,1521.00,1616.50,1626.00,1519.20,,1616.58,,,3213241,5160546853.40,162220,F1,1,,,,,
2026-09-04,2026-09-04,CM,NSE,STK,25855,INE692Z01013,AFFORDABLE,EQ,,,,,AFFORD ROBO & AUTO LTD,164.93,164.93,155.15,157.47,161.49,159.68,,157.44,,,21622,3443318.48,547,F1,1,,,,,
2026-09-04,2026-09-04,CM,NSE,STK,763044,INE916Y07081,1125AFIL29,N0,,,,,AFIL 11.25% 2029,9809.00,9809.00,9809.00,9809.00,9809.00,9885.00,,9809.00,,,40,392360.00,2,F1,1,,,,,
2026-09-04,2026-09-04,CM,NSE,STK,760641,INE916Y07073,1150AFIL29,N0,,,,,AFIL 11.50% 2029,9903.00,9909.02,9903.00,9903.00,9903.00,9909.02,,9903.00,,,21,208017.18,3,F1,1,,,,,
2026-09-04,2026-09-04,CM,NSE,STK,759446,INE916Y07032,12AFIL27,N0,,,,,AFIL 12% 2027 SR 1,10002.20,10002.20,10002.20,10002.20,10002.20,9980.84,,10002.20,,,5,50011.00,1,F1,1,,,,,
2026-09-04,2026-09-04,CM,NSE,STK,759283,INE916Y07057,12AFIL28,N0,,,,,AFIL 12% 2028,9974.00,9974.00,9900.00,9900.00,9900.00,9974.00,,9900.00,,,15,149010.00,4,F1,1,,,,,
2026-09-04,2026-09-04,CM,NSE,STK,3389,INE204E01012,AGARIND,EQ,,,,,AGARWAL INDS CORP LTD.,441.45,455.00,440.00,450.80,452.90,440.50,,451.21,,,56050,24999195.40,2486,F1,1,,,,,
2026-09-04,2026-09-04,CM,NSE,STK,27309,INE0P8X01016,AGARWALTUF,SM,,,,,AGARWAL TOUGH GLASS IND L,138.45,140.90,137.75,140.60,140.40,136.30,,140.60,,,48000,6638700.00,33,F1,1200,,,,,
2026-09-04,2026-09-04,CM,NSE,STK,1412,INE415A01038,AGI,EQ,,,,,AGI GREENPAC LIMITED,746.50,753.90,731.25,735.25,732.50,742.20,,735.28,,,98049,72590554.10,4203,F1,1,,,,,
2026-09-04,2026-09-04,CM,NSE,STK,24445,INE976R01033,AGIIL,EQ,,,,,AGI INFRA LIMITED,279.00,284.90,277.75,283.70,284.40,278.30,,283.69,,,261176,73462216.05,2813,F1,1,,,,,
2026-09-04,2026-09-04,CM,NSE,STK,11072,INE449G01018,AGRITECH,EQ,,,,,AGRI-TECH (INDIA) LIMITED,101.10,103.80,99.85,101.21,101.00,101.10,,101.22,,,3474,349121.82,94,F1,1,,,,,
2026-09-04,2026-09-04,CM,NSE,STK,9046,INE740V01019,AGROPHOS,EQ,,,,,AGRO PHOS INDIA LIMITED,26.19,26.89,25.50,25.77,26.24,26.19,,25.77,,,12923,335196.88,175,F1,1,,,,,
2026-09-04,2026-09-04,CM,NSE,STK,759202,INE583L01014,AGSTRA,BZ,,,,,AGS TRANSACT TECH LTD,2.00,2.02,1.91,1.99,2.00,1.98,,2.00,,,146893,289258.82,249,F1,1,,,,,
2026-09-04,2026-09-04,CM,NSE,STK,10770,INE136T01014,AHIMSA,ST,,,,,AHIMSA INDUSTRIES LTD.,25.75,25.75,25.75,25.75,25.75,25.80,,25.75,,,231000,5948250.00,2,F1,3000,,,,,
2026-09-04,2026-09-04,CM,NSE,STK,2004,INE00PV01013,AHLADA,EQ,,,,,AHLADA ENGINEERS LIMITED,36.51,38.50,35.51,37.29,37.00,37.51,,37.29,,,11371,420014.00,178,F1,1,,,,,
2026-09-04,2026-09-04,CM,NSE,STK,17833,INE758C01029,AHLUCONT,EQ,,,,,AHLUWALIA CONT IND LTD,599.90,611.90,592.60,599.05,600.00,595.45,,599.07,,,225666,135319422.35,9251,F1,1,,,,,
2026-09-04,2026-09-04,CM,NSE,STK,13086,INE212H01026,AIAENG,EQ,,,,,AIA ENGINEERING LIMITED,4250.00,4272.40,4206.00,4231.20,4211.00,4272.40,,4231.29,,,117943,501324698.20,5899,F1,1,,,,,
2026-09-04,2026-09-04,CM,NSE,STK,23984,INE0RUV01018,AIMTRON,SM,,,,,AIMTRON ELECTRONICS LTD,1631.90,1631.90,1579.00,1582.60,1579.00,1620.35,,1582.60,,,18600,29719650.00,86,F1,200,,,,,
2026-09-04,2026-09-04,CM,NSE,STK,9878,INE805A01014,GOLDTECH,BE,,,,,AION-TECH SOLUTIONS LTD,46.50,47.96,46.50,47.04,47.45,47.10,,47.09,,,5814,276155.59,60,F1,1,,,,,
2026-09-04,2026-09-04,CM,NSE,STK,9897,INE645W01026,AIRAN,EQ,,,,,AIRAN LIMITED,15.13,15.55,14.90,15.44,15.54,14.80,,15.47,,,208770,3213186.77,843,F1,1,,,,,
2026-09-04,2026-09-04,CM,NSE,STK,6068,INE801L01010,AIROLAM,EQ,,,,,AIRO LAM LIMITED,88.00,88.00,86.21,86.46,86.21,86.34,,86.46,,,797,68975.27,28,F1,1,,,,,
2026-09-04,2026-09-04,CM,NSE,STK,8124,INE031B01049,AJANTPHARM,EQ,,,,,AJANTA PHARMA LIMITED,3503.50,3521.10,3455.30,3464.80,3460.10,3521.10,,3464.79,,,65346,227242339.40,10255,F1,1,,,,,
2026-09-04,2026-09-04,CM,NSE,STK,29624,INE274Y01021,AJAXENGG,EQ,,,,,AJAX ENGINEERING LIMITED,577.00,588.00,571.00,582.45,583.00,579.75,,582.41,,,74192,43092839.40,9241,F1,1,,,,,
2026-09-04,2026-09-04,CM,NSE,STK,17307,INE298G01035,AJMERA,EQ,,,,,AJMERA REALTY & INF I LTD,116.00,121.00,116.00,117.76,117.50,115.45,,117.77,,,443302,52557042.36,6461,F1,1,,,,,
2026-09-04,2026-09-04,CM,NSE,STK,3403,INE820Y01021,AJOONI,EQ,,,,,AJOONI BIOTECH LIMITED,3.73,3.76,3.68,3.71,3.73,3.71,,3.71,,,147021,546054.63,290,F1,1,,,,,
2026-09-04,2026-09-04,CM,NSE,STK,21121,INE0PCY01014,AKANKSHA,SM,,,,,AKANKSHA POWER N INFRA L,130.25,136.70,127.25,136.70,136.70,130.20,,136.70,,,55000,7385900.00,41,F1,1000,,,,,
2026-09-04,2026-09-04,CM,NSE,STK,13510,INE737W01013,AKASH,EQ,,,,,AKASH INFRA-PROJECTS LTD,25.10,25.97,24.67,25.60,25.64,24.92,,25.60,,,5520,139892.29,46,F1,1,,,,,
2026-09-04,2026-09-04,CM,NSE,STK,2176,INE00Y801016,AKG,EQ,,,,,AKG EXIM LIMITED,9.40,9.79,9.20,9.59,9.36,9.34,,9.59,,,37356,349804.21,149,F1,1,,,,,
2026-09-04,2026-09-04,CM,NSE,STK,14890,INE642Z01026,AKI,EQ,,,,,AKI INDIA LIMITED,7.22,7.22,7.22,7.22,7.22,6.57,,7.27,,,258805,1868572.10,113,F1,1,,,,,
2026-09-04,2026-09-04,CM,NSE,STK,24304,INE0PMR01017,AKIKO,SM,,,,,AKIKO GLOBAL SERVICES L,398.05,419.00,398.05,416.15,419.00,404.00,,416.15,,,27200,11153280.00,26,F1,800,,,,,
2026-09-04,2026-09-04,CM,NSE,STK,24159,INE916Y01027,AFIL,EQ,,,,,AKME FINTRADE (INDIA) LTD,9.50,9.54,9.19,9.22,9.25,9.31,,9.22,,,579665,5389185.34,493,F1,1,,,,,
2026-09-04,2026-09-04,CM,NSE,STK,8595,INE523B01011,AKSHOPTFBR,BE,,,,,AKSH OPTIFIBRE  LTD,6.99,7.43,6.99,7.43,7.43,7.08,,7.44,,,227194,1660683.67,287,F1,1,,,,,
2026-09-04,2026-09-04,CM,NSE,STK,9558,INE256Z01025,AKSHAR,EQ,,,,,AKSHAR SPINTEX LIMITED,0.42,0.44,0.42,0.42,0.43,0.42,,0.42,,,1110421,474351.40,300,F1,1,,,,,
2026-09-04,2026-09-04,CM,NSE,STK,20194,INE542B01011,AKSHARCHEM,BE,,,,,AKSHARCHEM INDIA LIMITED,445.20,445.20,402.80,444.85,445.20,424.00,,445.69,,,70539,30166261.30,959,F1,1,,,,,
2026-09-04,2026-09-04,CM,NSE,STK,24715,INE09XN01023,AKUMS,EQ,,,,,AKUMS DRUGS AND PHARMA L,784.40,785.00,748.35,765.75,764.80,780.55,,765.75,,,338753,257909160.65,21239,F1,1,,,,,
2026-09-04,2026-09-04,CM,NSE,STK,9921,INE914E01040,ALANKIT,EQ,,,,,ALANKIT LIMITED,8.05,8.19,7.95,8.14,8.15,8.02,,8.14,,,76587,620142.69,507,F1,1,,,,,
2026-09-04,2026-09-04,CM,NSE,STK,17256,INE155C01010,ALBERTDAVD,EQ,,,,,ALBERT DAVID LIMITED,876.90,878.00,851.60,860.25,869.90,870.15,,860.21,,,3339,2877043.15,357,F1,1,,,,,
2026-09-04,2026-09-04,CM,NSE,STK,18762,INE448V01019,ALCODIS,SM,,,,,ALCOKRAFT DISTILLERIE LTD,65.05,70.75,65.05,68.40,70.75,71.85,,68.40,,,4375,295437.50,6,F1,625,,,,,
2026-09-04,2026-09-04,CM,NSE,STK,79,INE426A01027,ALEMBICLTD,EQ,,,,,ALEMBIC LIMITED,111.60,114.80,109.81,111.41,111.70,109.51,,111.41,,,5309246,597581071.02,39669,F1,1,,,,,
2026-09-04,2026-09-04,CM,NSE,STK,25328,INE901L01018,APLLTD,EQ,,,,,ALEMBIC PHARMA LTD,805.00,811.75,792.60,808.20,804.00,803.65,,808.17,,,174296,139867334.35,13154,F1,1,,,,,
2026-09-04,2026-09-04,CM,NSE,STK,764573,INE782D01027,ALFREDHE,EQ,,,,,ALFRED HERBERT INDIA L,2898.00,2900.00,2810.00,2898.90,2898.90,2898.30,,2854.98,,,23,65135.50,9,F1,1,,,,,
2026-09-04,2026-09-04,CM,NSE,STK,761270,INE598D01035,ALGOQUANT,EQ,,,,,ALGOQUANT FINTECH LIMITED,64.27,64.89,64.03,64.50,64.19,64.27,,64.51,,,1132524,72907576.62,2150,F1,1,,,,,
2026-09-04,2026-09-04,CM,NSE,STK,13656,INE062D01024,ALICON,EQ,,,,,ALICON CASTALLOY LIMITED,685.25,691.00,667.55,684.20,691.00,684.55,,683.99,,,12867,8746139.40,969,F1,1,,,,,
2026-09-04,2026-09-04,CM,NSE,STK,5265,INE03Q201024,ALIVUS,EQ,,,,,ALIVUS LIFE SCIENCES LTD,1418.90,1446.90,1356.40,1366.30,1369.90,1418.80,,1366.34,,,169642,235034344.10,15579,F1,1,,,,,
2026-09-04,2026-09-04,CM,NSE,STK,16963,INE773I01017,ALKALI,BE,,,,,ALKALI METALS LTD,66.50,68.85,65.25,65.55,65.55,66.52,,64.85,,,5638,380375.74,57,F1,1,,,,,
2026-09-04,2026-09-04,CM,NSE,STK,11703,INE540L01014,ALKEM,EQ,,,,,ALKEM LABORATORIES LTD.,5190.00,5210.50,5130.00,5190.00,5190.00,5193.00,,5190.00,,,63261,327423815.00,10154,F1,1,,,,,
2026-09-04,2026-09-04,CM,NSE,STK,4487,INE150B01039,ALKYLAMINE,EQ,,,,,ALKYL AMINES CHEM. LTD,1999.00,2068.10,1999.00,2020.90,2026.00,2003.20,,2020.89,,,97864,198998907.20,14308,F1,1,,,,,
2026-09-04,2026-09-04,CM,NSE,STK,13203,INE0M2X01012,ALLETEC,SM,,,,,ALL E TECHNOLOGIES LTD,135.90,137.65,135.90,137.25,137.30,133.25,,137.25,,,22400,3068160.00,43,F1,400,,,,,
2026-09-04,2026-09-04,CM,NSE,STK,758448,INE0GV601021,ALLTIME,EQ,,,,,ALL TIME PLASTICS LIMITED,201.97,210.00,200.50,206.08,206.45,199.78,,206.08,,,171524,35356223.56,4261,F1,1,,,,,
2026-09-04,2026-09-04,CM,NSE,STK,763784,INE1YPB01014,AGL,EQ,,,,,ALLCARGO GLOBAL LIMITED,13.61,13.97,13.61,13.65,13.66,13.66,,13.65,,,978529,13476262.97,2387,F1,1,,,,,
2026-09-04,2026-09-04,CM,NSE,STK,13501,INE418H01029,ALLCARGO,EQ,,,,,ALLCARGO LOGISTICS LTD,12.77,12.77,12.22,12.44,12.43,12.51,,12.44,,,12711642,158348010.29,12649,F1,1,,,,,
2026-09-04,2026-09-04,CM,NSE,STK,17778,INE0NN701020,ATL,EQ,,,,,ALLCARGO TERMINALS LTD,24.49,25.65,24.32,25.31,25.20,24.26,,25.32,,,220494,5518913.51,2019,F1,1,,,,,
2026-09-04,2026-09-04,CM,NSE,STK,11798,INE835G01018,ALLDIGI,EQ,,,,,ALLDIGI TECH LIMITED,805.60,810.00,797.00,805.85,803.85,801.65,,805.95,,,2586,2081171.05,302,F1,1,,,,,
2026-09-04,2026-09-04,CM,NSE,STK,24308,INE552Z01027,ABDL,EQ,,,,,ALLIED BLEND N DISTILS L,603.25,614.15,603.25,609.95,606.20,609.40,,609.95,,,114222,69675581.95,5160,F1,1,,,,,
2026-09-04,2026-09-04,CM,NSE,STK,14813,INE102I01027,ADSL,EQ,,,,,ALLIED DIGITAL SERV. LTD,105.24,105.72,103.50,104.13,104.49,104.85,,104.13,,,63640,6646060.64,1471,F1,1,,,,,
2026-09-04,2026-09-04,CM,NSE,STK,16719,INE326B01035,ALMONDZ,EQ,,,,,ALMONDZ GLOBAL SEC LTD,17.80,18.09,17.52,17.89,18.00,17.66,,17.88,,,302678,5397065.14,613,F1,1,,,,,
2026-09-04,2026-09-04,CM,NSE,STK,17675,INE270A01029,ALOKINDS,EQ,,,,,ALOK INDUSTRIES LIMITED,7.56,8.28,7.54,7.83,7.86,7.53,,7.83,,,65791332,524704517.19,32342,F1,1,,,,,
2026-09-04,2026-09-04,CM,NSE,STK,14848,INE385I01010,ALPA,EQ,,,,,ALPA LABORATORIES LTD,64.00,64.00,61.50,62.71,62.05,63.30,,62.73,,,9194,578468.52,161,F1,1,,,,,
2026-09-04,2026-09-04,CM,NSE,STK,22688,INE0R4701017,ALPEXSOLAR,SM,,,,,ALPEX SOLAR LIMITED,877.65,905.00,864.95,889.30,890.00,877.75,,889.30,,,101900,90475475.00,617,F1,100,,,,,
2026-09-04,2026-09-04,CM,NSE,STK,14601,INE137C01018,ALPHAGEO,BE,,,,,ALPHAGEO (INDIA) LIMITED,321.70,329.80,317.10,323.85,324.90,315.00,,322.82,,,15099,4880105.90,388,F1,1,,,,,
2026-09-04,2026-09-04,CM,NSE,STK,764186,INE1JCQ01037,ALPINETEX,EQ,,,,,ALPINE TEXWORLD LIMITED,57.60,58.95,55.60,57.76,57.88,57.17,,57.76,,,337604,19260026.54,3446,F1,1,,,,,
2026-09-04,2026-09-04,CM,NSE,STK,764578,INE058F01019,ALUFLUOR,EQ,,,,,ALUFLUORIDE LTD.,505.00,505.00,496.05,499.05,498.60,502.15,,498.96,,,4229,2115600.30,162,F1,1,,,,,
2026-09-04,2026-09-04,CM,NSE,STK,23474,INE0STM01017,ALUWIND,SM,,,,,ALUWIND INFRA-TECH LTD,48.50,49.40,47.55,49.20,49.20,48.50,,49.20,,,9000,437775.00,6,F1,1500,,,,,
2026-09-04,2026-09-04,CM,NSE,STK,760740,INE121R01077,AMAGI,EQ,,,,,AMAGI MEDIA LABS LIMITED,566.85,570.00,555.30,563.30,565.20,562.35,,563.09,,,183462,103217270.05,6580,F1,1,,,,,
2026-09-04,2026-09-04,CM,NSE,STK,764583,INE841D01013,AMAL,EQ,,,,,AMAL LTD.,748.00,756.70,735.00,743.20,756.40,749.80,,743.70,,,4940,3672642.35,369,F1,1,,,,,
2026-09-04,2026-09-04,CM,NSE,STK,758910,INE084K01015,AMANTA,BE,,,,,AMANTA HEALTHCARE LIMITED,194.03,194.03,194.03,194.03,194.03,190.23,,194.80,,,11335,2199330.05,28,F1,1,,,,,
2026-09-04,2026-09-04,CM,NSE,STK,100,INE885A01032,ARE&M,EQ,,,,,AMARA RAJA ENERGY MOB LTD,861.30,868.95,855.05,864.20,864.90,860.40,,864.19,,,363791,314148605.05,21774,F1,1,,,,,
2026-09-04,2026-09-04,CM,NSE,STK,764588,INE484D01012,AMARJOTHI,EQ,,,,,AMARJOTHI SPINNING MILL L,159.00,164.68,158.00,160.94,162.39,158.81,,160.94,,,9739,1570680.11,85,F1,1,,,,,
2026-09-04,2026-09-04,CM,NSE,STK,763256,INE293601014,AMBAAUTO,SM,,,,,AMBA AUTO SALES AND SER L,113.90,113.90,109.55,110.50,110.50,109.55,,110.50,,,126000,14017200.00,15,F1,1000,,,,,
2026-09-04,2026-09-04,CM,NSE,STK,762546,INE432A01017,AMBALALSA,BE,,,,,AMBALAL SARABHAI ENT L,43.67,45.60,42.80,43.73,43.50,43.67,,43.73,,,39962,1760411.70,185,F1,1,,,,,
2026-09-04,2026-09-04,CM,NSE,STK,1185,INE371P01015,AMBER,EQ,,,,,AMBER ENTERPRISES (I) LTD,7428.00,7524.00,7380.00,7474.00,7474.00,7410.00,,7474.06,,,128335,958773669.50,19991,F1,1,,,,,
2026-09-04,2026-09-04,CM,NSE,STK,11496,INE792B01012,AMBICAAGAR,EQ,,,,,AMBICA AGAR & AROMAINDLTD,27.69,28.35,25.54,27.21,26.06,26.33,,27.20,,,520846,14246641.92,1482,F1,1,,,,,
2026-09-04,2026-09-04,CM,NSE,STK,15234,INE540G01014,AMBIKCO,EQ,,,,,AMBIKA COTTON MILL LTD.,1649.90,1650.00,1624.30,1639.10,1638.00,1634.70,,1636.92,,,5906,9678668.20,825,F1,1,,,,,
2026-09-04,2026-09-04,CM,NSE,STK,1270,INE079A01024,AMBUJACEM,EQ,,,,,AMBUJA CEMENTS LTD,404.95,408.20,404.25,405.00,405.00,405.00,,405.00,,,807422,327743057.50,13152,F1,1,,,,,
2026-09-04,2026-09-04,CM,NSE,STK,14398,INE005I01014,AMDIND,EQ,,,,,AMD INDUSTRIES LIMITED,58.00,61.75,58.00,60.32,60.30,58.51,,60.32,,,73559,4470654.58,950,F1,1,,,,,
2026-09-04,2026-09-04,CM,NSE,STK,10898,INE0KT901015,AMEYA,SM,,,,,AMEYA PRECISION ENG LTD,107.15,107.15,107.15,107.15,107.15,107.15,,107.15,,,2000,214300.00,1,F1,1000,,,,,
2026-09-04,2026-09-04,CM,NSE,STK,19867,INE275D01022,AMNPLST,EQ,,,,,AMINES & PLASTICIZERS LTD,179.95,179.95,172.80,172.89,172.80,176.07,,172.91,,,5639,984167.66,291,F1,1,,,,,
2026-09-04,2026-09-04,CM,NSE,STK,761670,INE05TO01019,AEROPLANE,EQ,,,,,AMIR CHAND JAG KUM (E) L,188.00,197.00,187.15,194.29,196.20,188.07,,194.17,,,724408,139871004.10,9550,F1,1,,,,,
2026-09-04,2026-09-04,CM,NSE,STK,2598,INE606A01024,AMJLAND,EQ,,,,,AMJ LAND HOLDINGS LIMITED,39.79,39.92,38.63,39.47,39.65,39.60,,39.76,,,3541,138832.95,119,F1,1,,,,,
2026-09-04,2026-09-04,CM,NSE,STK,17547,INE098F01031,AMRUTANJAN,EQ,,,,,AMRUTAJAN HEALTH LTD,509.00,516.00,500.10,505.45,502.00,507.35,,505.47,,,41069,20742267.40,1038,F1,1,,,,,
2026-09-04,2026-09-04,CM,NSE,STK,759956,INE549H01021,ARSSBL,EQ,,,,,ANAND RATHI SH N STK BR L,520.65,529.40,513.35,515.05,516.00,514.95,,514.94,,,153131,79767694.15,4296,F1,1,,,,,
2026-09-04,2026-09-04,CM,NSE,STK,7145,INE463V01026,ANANDRATHI,EQ,,,,,ANAND RATHI WEALTH LTD,2213.00,2224.00,2201.00,2215.90,2215.00,2205.30,,2215.88,,,119776,265196998.30,13636,F1,1,,,,,
2026-09-04,2026-09-04,CM,NSE,STK,13620,INE242C01024,ANANTRAJ,EQ,,,,,ANANT RAJ LIMITED,633.00,646.40,622.10,625.45,625.30,628.30,,625.40,,,4215356,2673085693.55,66431,F1,1,,,,,
2026-09-04,2026-09-04,CM,NSE,STK,759363,INE1UA823019,ANANTAM,IV,,,,,ANANTAM HIGHWAYS TRUST,106.00,106.39,105.66,106.00,106.00,106.00,,106.00,,,13503,1431325.96,87,F1,1,,,,,
2026-09-04,2026-09-04,CM,NSE,STK,764446,INE1J5V01013,ANAWIL,SM,,,,,ANAWIL WIRE AND ENGIN LTD,379.80,393.90,369.00,382.40,380.00,382.50,,382.40,,,308800,117413600.00,655,F1,400,,,,,
2026-09-04,2026-09-04,CM,NSE,STK,758427,INE0VG001016,AMCL,SM,,,,,ANB METAL CAST LIMITED,357.00,370.00,357.00,370.00,370.00,363.50,,370.00,,,1600,583960.00,4,F1,400,,,,,
2026-09-04,2026-09-04,CM,NSE,STK,15420,INE666E01020,ACL,EQ,,,,,ANDHRA CEMENTS LIMITED,43.58,43.59,43.00,43.36,43.59,43.58,,43.36,,,18265,790050.60,274,F1,1,,,,,
2026-09-04,2026-09-04,CM,NSE,STK,166,INE435A01051,ANDHRAPAP,EQ,,,,,ANDHRA PAPER LIMITED,63.80,64.98,62.22,64.45,63.90,63.29,,64.45,,,342517,21883284.51,2631,F1,1,,,,,
2026-09-04,2026-09-04,CM,NSE,STK,136,INE715B01021,ANDHRSUGAR,EQ,,,,,ANDHRA SUGARS LTD,102.19,102.71,98.75,99.51,99.50,101.29,,99.51,,,477164,47824065.33,5143,F1,1,,,,,
2026-09-04,2026-09-04,CM,NSE,STK,5206,INE449C01025,ANDREWYU,EQ,,,,,ANDREW YULE & CO. LTD.,28.00,28.50,27.79,27.93,28.00,27.98,,27.95,,,42562,1197794.99,286,F1,1,,,,,
2026-09-04,2026-09-04,CM,NSE,STK,324,INE732I01021,ANGELONE,EQ,,,,,ANGEL ONE LIMITED,295.10,308.35,294.75,299.80,299.80,286.00,,299.77,,,29274355,8825066015.90,175151,F1,1,,,,,
2026-09-04,2026-09-04,CM,NSE,STK,482,INE635Y01015,AISL,SM,,,,,ANI INTEGRATED SERV LTD.,59.95,59.95,55.90,59.95,59.95,57.10,,59.95,,,45000,2689890.00,44,F1,600,,,,,
2026-09-04,2026-09-04,CM,NSE,STK,16657,INE087B01017,ANIKINDS,EQ,,,,,ANIK INDUSTRIES LTD,45.20,46.95,45.00,45.00,45.60,44.99,,45.00,,,2038,92546.22,35,F1,1,,,,,
2026-09-04,2026-09-04,CM,NSE,STK,20453,INE071F01012,APCL,EQ,,,,,ANJANI PORTLAND CEM LTD,102.50,102.50,100.11,101.42,101.90,100.10,,101.42,,,4976,504691.74,106,F1,1,,,,,
2026-09-04,2026-09-04,CM,NSE,STK,25878,INE106I01010,ANKITMETAL,BZ,,,,,ANKIT MET & POW LTD,1.69,1.70,1.66,1.70,1.70,1.69,,1.70,,,6585,11137.41,27,F1,1,,,,,
2026-09-04,2026-09-04,CM,NSE,STK,758968,INE0Y8W01025,AHCL,EQ,,,,,ANLON HEALTHCARE LIMITED,15.68,15.89,15.54,15.68,15.73,15.60,,15.68,,,2049674,32180628.72,2391,F1,1,,,,,
2026-09-04,2026-09-04,CM,NSE,STK,13657,INE0LR101013,ANLON,SM,,,,,ANLON TECHNOLOGY SOL LTD,658.00,673.95,658.00,670.00,670.00,658.00,,670.00,,,6800,4542580.00,16,F1,400,,,,,
2026-09-04,2026-09-04,CM,NSE,STK,3727,INE02AR01019,ANMOL,EQ,,,,,ANMOL INDIA LIMITED,10.00,10.20,9.70,10.08,10.16,10.04,,10.07,,,48326,485464.22,241,F1,1,,,,,
2026-09-04,2026-09-04,CM,NSE,STK,764471,INE0MGM01017,ANNAPURNA,EQ,,,,,ANNAPURNA SWADISHT LTD,151.45,151.45,139.00,140.20,140.01,147.78,,140.20,,,96996,13774275.44,1165,F1,1,,,,,
2026-09-04,2026-09-04,CM,NSE,STK,765503,INE103001017,ANNU,BE,,,,,ANNU PROJECTS LIMITED,68.23,69.00,68.23,68.23,68.23,71.82,,68.32,,,412335,28147292.89,3486,F1,1,,,,,
2026-09-04,2026-09-04,CM,NSE,STK,758740,INE0VTV01012,ANONDITA,SM,,,,,ANONDITA MEDICARE LIMITED,1105.00,1144.80,1105.00,1109.55,1144.80,1099.90,,1109.55,,,71200,79668500.00,200,F1,200,,,,,
2026-09-04,2026-09-04,CM,NSE,STK,765020,INE030C01015,ANSALBU,EQ,,,,,ANSAL BUILDWELL LTD.,75.00,83.00,75.00,80.68,83.00,76.35,,80.76,,,905,71967.57,13,F1,1,,,,,
2026-09-04,2026-09-04,CM,NSE,STK,19677,INE436A01026,ANSALAPI,BZ,,,,,ANSAL PROP & INFRA LTD,3.31,3.32,3.26,3.31,3.31,3.31,,3.39,,,8384,27809.54,13,F1,1,,,,,
2026-09-04,2026-09-04,CM,NSE,STK,5194,INE414B01021,ANTGRAPHIC,EQ,,,,,ANTARCTICA LTD,0.75,0.76,0.73,0.73,0.74,0.75,,0.73,,,202908,150438.62,173,F1,1,,,,,
2026-09-04,2026-09-04,CM,NSE,STK,13598,INE818A01017,ANTELOPUS,EQ,,,,,ANTELOPUS SELAN ENRGY LTD,1001.00,1028.80,925.20,957.15,949.00,1013.30,,957.62,,,4816181,4805165352.50,130208,F1,1,,,,,
2026-09-04,2026-09-04,CM,NSE,STK,757885,INE0CZ201020,ANTHEM,EQ,,,,,ANTHEM BIOSCIENCES LTD,970.00,973.50,926.80,934.05,933.35,950.70,,934.04,,,872940,821102343.75,49939,F1,1,,,,,
2026-09-04,2026-09-04,CM,NSE,STK,1797,INE01BK01022,AWHCL,EQ,,,,,ANTONY WASTE HDG CELL LTD,372.20,374.85,367.05,370.80,370.80,371.40,,370.79,,,64504,23943766.70,3214,F1,1,,,,,
2026-09-04,2026-09-04,CM,NSE,STK,28314,INE489G01022,ANUHPHR,EQ,,,,,ANUH PHARMA LIMITED,80.75,82.35,79.70,81.10,80.73,79.68,,81.11,,,80373,6539239.53,1399,F1,1,,,,,
2026-09-04,2026-09-04,CM,NSE,STK,2829,INE930P01018,ANURAS,EQ,,,,,ANUPAM RASAYAN INDIA LTD,1240.00,1246.10,1234.00,1238.70,1234.00,1240.20,,1238.70,,,82271,101814132.70,3801,F1,1,,,,,
2026-09-04,2026-09-04,CM,NSE,STK,28983,INE0SI601032,ANYA,SM,,,,,ANYA POLYTECH & FERTI LTD,15.30,15.30,15.30,15.30,15.30,15.05,,15.30,,,5000,76500.00,1,F1,5000,,,,,
2026-09-04,2026-09-04,CM,NSE,STK,11945,INE0MIZ23019,ANZEN,IV,,,,,ANZEN IND ENE YLD PLU TRU,129.00,129.00,129.00,129.00,129.00,130.00,,128.50,,,25000,3225000.00,1,F1,25000,,,,,
2026-09-04,2026-09-04,CM,NSE,STK,758904,INF1J2R01114,AONEGOLD,EQ,,,,,AONEAMC - AONEGOLD,14.29,14.48,14.29,14.37,14.35,14.28,,14.37,,,470758,6764581.69,1226,F1,1,,,,,
2026-09-04,2026-09-04,CM,NSE,STK,30472,INF1J2R01056,AONELIQUID,EQ,,,,,AONEAMC - AONELIQUID,1075.71,1075.71,1075.66,1075.67,1075.67,1075.29,,1075.67,,,18446,19841873.70,138,F1,1,,,,,
2026-09-04,2026-09-04,CM,NSE,STK,757096,INF1J2R01064,AONENIFTY,EQ,,,,,AONEAMC - AONENIFTY,10.13,10.13,9.86,9.89,9.90,9.89,,9.89,,,88348,875018.40,1178,F1,1,,,,,
2026-09-04,2026-09-04,CM,NSE,STK,760193,INF1J2R01171,AONESILVER,EQ,,,,,AONEAMC - AONESILVER,8.77,8.92,8.77,8.89,8.89,8.79,,8.89,,,264493,2348916.25,958,F1,1,,,,,
2026-09-04,2026-09-04,CM,NSE,STK,759992,INF1J2R01148,AONETMMQ50,EQ,,,,,AONEAMC - AONETMMQ50,10.33,10.49,10.24,10.30,10.31,10.28,,10.30,,,32103,330989.08,250,F1,1,,,,,
2026-09-04,2026-09-04,CM,NSE,STK,29975,INF1J2R01015,AONETOTAL,EQ,,,,,AONEAMC - AONETOTAL,11.90,12.00,11.87,11.93,11.94,11.85,,11.93,,,188125,2241719.70,1193,F1,1,,,,,
2026-09-04,2026-09-04,CM,NSE,STK,11491,INE372A01015,APARINDS,EQ,,,,,APAR INDUSTRIES LTD.,17689.00,17895.00,17365.00,17421.00,17437.00,17704.00,,17420.85,,,93101,1640579285.00,27628,F1,1,,,,,
2026-09-04,2026-09-04,CM,NSE,STK,154,INE116A01032,APCOTEXIND,EQ,,,,,APCOTEX INDUSTRIES LIMITE,658.00,665.00,632.70,635.50,634.00,650.40,,635.51,,,172649,111377373.60,8268,F1,1,,,,,
2026-09-04,2026-09-04,CM,NSE,STK,27291,INE0T4V01015,APEXECO,ST,,,,,APEX ECOTECH LIMITED,251.90,278.20,251.90,278.20,278.20,265.00,,278.20,,,10400,2786800.00,13,F1,800,,,,,
2026-09-04,2026-09-04,CM,NSE,STK,21623,INE346W01013,APEX,EQ,,,,,APEX FROZEN FOODS LIMITED,378.00,383.60,373.20,375.15,373.70,376.75,,375.22,,,99807,37664500.90,3751,F1,1,,,,,
2026-09-04,2026-09-04,CM,NSE,STK,25780,INE702C01027,APLAPOLLO,EQ,,,,,APL APOLLO TUBES LTD,2154.60,2281.00,2150.40,2250.00,2250.00,2159.40,,2250.00,,,955928,2123707808.80,31541,F1,1,,,,,
2026-09-04,2026-09-04,CM,NSE,STK,757170,INE0TLC07101,930APMD32,N0,,,,,APMD 9.30% 2032 STRPP F,105490.00,105500.00,105490.00,105495.00,105500.00,103201.01,,105495.00,,,2,210990.00,2,F1,1,,,,,
2026-09-04,2026-09-04,CM,NSE,STK,157,INE437A01024,APOLLOHOSP,EQ,,,,,APOLLO HOSPITALS ENTER. L,8702.50,8740.00,8641.00,8650.00,8650.00,8692.00,,8650.02,,,288351,2501175229.00,30333,F1,1,,,,,
2026-09-04,2026-09-04,CM,NSE,STK,1134,INE713T01028,APOLLO,EQ,,,,,APOLLO MICRO SYSTEMS LTD,383.50,392.95,383.50,388.90,389.80,383.25,,388.88,,,4500219,1747437304.55,33823,F1,1,,,,,
2026-09-04,2026-09-04,CM,NSE,STK,14361,INE126J01016,APOLLOPIPE,EQ,,,,,APOLLO PIPES LIMITED,617.00,617.00,600.55,605.10,605.00,614.55,,605.10,,,76562,46377828.00,2742,F1,1,,,,,
2026-09-04,2026-09-04,CM,NSE,STK,6302,INE451F01024,APOLSINHOT,EQ,,,,,APOLLO SINDOORI HOTEL LTD,1233.10,1248.00,1212.00,1218.10,1214.20,1233.10,,1218.10,,,625,764974.90,57,F1,1,,,,,
2026-09-04,2026-09-04,CM,NSE,STK,163,INE438A01022,APOLLOTYRE,EQ,,,,,APOLLO TYRES LTD,433.85,435.15,428.25,429.55,430.85,433.85,,429.55,,,407526,175436511.95,15940,F1,1,,,,,
2026-09-04,2026-09-04,CM,NSE,STK,24638,INE0LQG01010,APRAMEYA,SM,,,,,APRAMEYA ENGINEERING LTD,120.00,120.50,115.00,116.50,118.45,120.30,,116.50,,,21000,2482975.00,33,F1,500,,,,,
2026-09-04,2026-09-04,CM,NSE,STK,760366,INE0M2307370,915APSBC28,N0,,,,,APSBC 9.15% 2028 STRPP C,101599.00,101599.00,101599.00,101599.00,101599.00,101000.01,,101599.00,,,1,101599.00,1,F1,1,,,,,
2026-09-04,2026-09-04,CM,NSE,STK,760380,INE0M2307396,915APSBC35,N0,,,,,APSBC 9.15% 2035 STRPP J,105125.00,105125.00,105125.00,105125.00,105125.00,104450.02,,105125.00,,,1,105125.00,1,F1,1,,,,,
2026-09-04,2026-09-04,CM,NSE,STK,761435,INE1OOJ01011,APSISAERO,ST,,,,,APSIS AEROCOM LIMITED,611.30,611.30,611.30,611.30,611.30,599.35,,611.30,,,2400,1467120.00,2,F1,1200,,,,,
2026-09-04,2026-09-04,CM,NSE,STK,14074,INE266F01018,APTECHT,BE,,,,,APTECH LIMITED,91.00,91.99,88.25,89.13,89.49,90.97,,89.14,,,128869,11550891.02,903,F1,1,,,,,
2026-09-04,2026-09-04,CM,NSE,STK,5435,INE852O01025,APTUS,EQ,,,,,APTUS VALUE HSG FIN I LTD,257.31,261.96,256.20,258.85,258.65,257.31,,258.84,,,1203338,311197175.14,33845,F1,1,,,,,
2026-09-04,2026-09-04,CM,NSE,STK,23365,INE416A01051,AQYLON,EQ,,,,,AQYLON NEXUS LIMITED,22.18,22.66,21.76,22.46,22.66,21.59,,22.45,,,555317,12377345.92,1622,F1,1,,,,,
2026-09-04,2026-09-04,CM,NSE,STK,758670,INE0YDV01010,ARCIIL,SM,,,,,ARC INSULATION & INSU LTD,37.20,37.20,36.00,36.95,36.95,37.90,,36.95,,,4000,147150.00,4,F1,1000,,,,,
2026-09-04,2026-09-04,CM,NSE,STK,12024,INE128X01021,ACI,EQ,,,,,ARCHEAN CHEMICAL IND LTD,501.00,512.70,495.00,504.20,501.35,495.20,,504.23,,,640010,322552684.90,31200,F1,1,,,,,
2026-09-04,2026-09-04,CM,NSE,STK,245,INE0CHO01012,ADL,EQ,,,,,ARCHIDPLY DECOR LIMITED,75.00,75.00,71.00,72.00,72.00,72.79,,72.00,,,757,55232.18,24,F1,1,,,,,
2026-09-04,2026-09-04,CM,NSE,STK,16795,INE877I01016,ARCHIDPLY,EQ,,,,,ARCHIDPLY IND. LTD,107.99,107.99,103.65,104.89,103.82,105.99,,104.86,,,17295,1832632.45,307,F1,1,,,,,
2026-09-04,2026-09-04,CM,NSE,STK,5688,INE731A01020,ARCHIES,EQ,,,,,ARCHIES LTD,13.00,13.20,12.80,12.90,12.87,12.91,,12.90,,,10318,134089.58,98,F1,1,,,,,
2026-09-04,2026-09-04,CM,NSE,STK,764598,INE372M01010,ARCL,EQ,,,,,ARCL ORGANICS LTD.,238.25,238.25,216.89,225.00,225.00,228.30,,225.00,,,998,220537.69,54,F1,1,,,,,
2026-09-04,2026-09-04,CM,NSE,STK,764480,INE0XNF01022,ARDEE,EQ,,,,,ARDEE INDUSTRIES LIMITED,55.97,56.14,55.20,55.66,55.90,54.84,,55.66,,,2239330,124632052.43,12131,F1,1,,,,,
2026-09-04,2026-09-04,CM,NSE,STK,758700,INE784R01023,ARFIN,EQ,,,,,ARFIN INDIA LIMITED,89.02,89.02,85.89,87.24,86.90,89.09,,87.19,,,1136109,99188227.23,4595,F1,1,,,,,
2026-09-04,2026-09-04,CM,NSE,STK,13092,INE0L2Y01011,ARHAM,SM,,,,,ARHAM TECHNOLOGIES LTD,215.00,215.00,208.00,213.95,214.50,214.45,,213.95,,,81000,17230900.00,59,F1,1000,,,,,
2026-09-04,2026-09-04,CM,NSE,STK,15204,INE298I01015,ARIES,EQ,,,,,ARIES AGRO LTD.,496.55,506.95,486.30,500.10,502.95,496.60,,500.09,,,59836,29715171.55,2666,F1,1,,,,,
2026-09-04,2026-09-04,CM,NSE,STK,13340,INE0NCC01015,ARIHANTACA,SM,,,,,ARIHANT ACADEMY LIMITED,495.00,500.00,495.00,498.25,500.00,496.00,,498.25,,,3600,1793780.00,9,F1,400,,,,,
2026-09-04,2026-09-04,CM,NSE,STK,3813,INE420B01036,ARIHANTCAP,EQ,,,,,ARIHANT CAPITAL MKTS LTD,78.88,80.40,78.35,79.69,80.25,78.52,,79.70,,,235293,18733203.12,1413,F1,1,,,,,
2026-09-04,2026-09-04,CM,NSE,STK,13885,INE413D01011,ARIHANT,EQ,,,,,ARIHANT FOUN & HOU LTD,959.00,994.80,920.50,953.15,988.35,920.65,,954.42,,,1172,1112764.10,176,F1,1,,,,,
2026-09-04,2026-09-04,CM,NSE,STK,20159,INE643K01018,ARIHANTSUP,EQ,,,,,ARIHANT SUPERSTRUCT LTD,239.00,239.00,228.00,229.50,229.00,236.15,,229.69,,,37696,8916907.30,412,F1,1,,,,,
2026-09-04,2026-09-04,CM,NSE,STK,757614,INE0H9P01028,ARIS,EQ,,,,,ARISINFRA SOLUTIONS LTD,130.00,132.89,127.10,128.56,128.00,129.43,,128.64,,,1642011,213311946.96,8777,F1,1,,,,,
2026-09-04,2026-09-04,CM,NSE,STK,25398,INE0QRL01017,ARKADE,EQ,,,,,ARKADE DEVELOPERS LIMITED,125.40,126.45,121.78,125.22,125.99,124.17,,125.17,,,285467,35325916.48,3435,F1,1,,,,,
2026-09-04,2026-09-04,CM,NSE,STK,17263,INE109C01017,ARMANFIN,EQ,,,,,ARMAN FIN SERV LTD,1987.20,2083.00,1987.20,2069.30,2073.00,1991.90,,2069.31,,,42583,87630756.30,4530,F1,1,,,,,
2026-09-04,2026-09-04,CM,NSE,STK,760752,INE0TZX01019,ARMOUR,ST,,,,,ARMOUR SECURITY (INDIA) L,18.00,18.00,18.00,18.00,18.00,18.00,,18.00,,,2000,36000.00,1,F1,2000,,,,,
2026-09-04,2026-09-04,CM,NSE,STK,14557,INE210C01013,AROGRANITE,EQ,,,,,ARO GRANITE IND. LTD.,25.05,25.05,24.40,24.55,24.55,24.97,,25.20,,,5191,127040.90,39,F1,1,,,,,
2026-09-04,2026-09-04,CM,NSE,STK,9264,INE570D01018,ARROWGREEN,BE,,,,,ARROW GREENTECH LIMITED,777.40,816.00,775.85,814.10,816.00,777.40,,814.10,,,41808,33590157.45,1054,F1,1,,,,,
2026-09-04,2026-09-04,CM,NSE,STK,29015,INE968D01022,ARSHIYA,BZ,,,,,ARSHIYA LIMITED,0.75,0.76,0.70,0.73,0.73,0.73,,0.73,,,349656,249338.54,200,F1,1,,,,,
2026-09-04,2026-09-04,CM,NSE,STK,6156,INE738V01013,ARTNIRMAN,EQ,,,,,ART NIRMAN LIMITED,40.80,40.99,40.63,40.63,40.63,40.43,,40.63,,,172,7044.81,4,F1,1,,,,,
2026-09-04,2026-09-04,CM,NSE,STK,761330,INE757T01025,AEPL,EQ,,,,,ARTEMIS ELECTRICALS & P L,16.81,18.20,16.00,17.50,17.31,17.09,,17.50,,,170886,2989103.37,888,F1,1,,,,,
2026-09-04,2026-09-04,CM,NSE,STK,16913,INE025R01021,ARTEMISMED,EQ,,,,,ARTEMIS MED SERVICE LTD,321.00,339.30,318.30,332.80,332.95,319.85,,332.79,,,885338,295886045.55,23561,F1,1,,,,,
2026-09-04,2026-09-04,CM,NSE,STK,756896,INE0TTG01017,ARUNAYA,SM,,,,,ARUNAYA ORGANICS LIMITED,14.30,14.50,14.30,14.45,14.40,14.60,,14.45,,,12000,172200.00,6,F1,2000,,,,,
2026-09-04,2026-09-04,CM,NSE,STK,2814,INE006Z01016,ARVEE,EQ,,,,,ARVEE LABORATORIES I LTD,165.61,171.90,163.00,165.10,171.90,165.00,,165.10,,,790,130858.86,41,F1,1,,,,,
2026-09-04,2026-09-04,CM,NSE,STK,9111,INE955V01021,ARVINDFASN,EQ,,,,,ARVIND FASHIONS LIMITED,456.60,458.05,445.00,446.50,446.00,454.30,,446.50,,,75363,34026053.60,5220,F1,1,,,,,
2026-09-04,2026-09-04,CM,NSE,STK,193,INE034A01011,ARVIND,EQ,,,,,ARVIND LIMITED,563.10,566.00,550.00,552.95,553.00,567.00,,552.96,,,308497,171795722.55,15618,F1,1,,,,,
2026-09-04,2026-09-04,CM,NSE,STK,19579,INE0P4T01013,ARVINDPORT,SM,,,,,ARVIND PORT AND INFRA LTD,32.00,32.00,32.00,32.00,32.00,32.00,,32.00,,,9000,288000.00,1,F1,1500,,,,,
2026-09-04,2026-09-04,CM,NSE,STK,10457,INE034S01021,ARVSMART,EQ,,,,,ARVIND SMARTSPACES LTD,645.60,653.80,640.05,642.50,645.00,639.00,,642.56,,,28414,18379019.10,1595,F1,1,,,,,
2026-09-04,2026-09-04,CM,NSE,STK,764603,INE032E01017,ARYAMAN,EQ,,,,,ARYAMAN FINANCIAL SERV L,615.00,626.35,615.00,620.20,622.95,626.50,,620.18,,,129,79899.30,10,F1,1,,,,,
2026-09-04,2026-09-04,CM,NSE,STK,5378,INE439A01020,ASAHIINDIA,EQ,,,,,ASAHI INDIA GLASS LIMITED,962.95,969.80,952.95,955.90,954.00,962.25,,955.88,,,256318,246070003.90,15061,F1,1,,,,,
2026-09-04,2026-09-04,CM,NSE,STK,25092,INE228I01012,ASAHISONG,BE,,,,,ASAHI SONGWON COLOR LTD,372.00,377.00,367.10,372.65,373.00,368.80,,372.62,,,18001,6722251.05,194,F1,1,,,,,
2026-09-04,2026-09-04,CM,NSE,STK,24711,INE0LAA01017,ASHALOG,SM,,,,,ASHAPURA LOGISTICS LTD,62.50,62.50,62.50,62.50,62.50,63.25,,62.50,,,1000,62500.00,1,F1,1000,,,,,
2026-09-04,2026-09-04,CM,NSE,STK,203,INE348A01023,ASHAPURMIN,EQ,,,,,ASHAPURA MINECHEM LTD,549.85,559.95,546.00,551.00,553.00,547.95,,551.04,,,275733,152183165.65,13177,F1,1,,,,,
2026-09-04,2026-09-04,CM,NSE,STK,24403,INE365D01021,ASHIANA,EQ,,,,,ASHIANA HOUSING LTD,366.20,370.40,358.20,359.55,358.75,366.55,,359.58,,,40739,14826575.10,991,F1,1,,,,,
2026-09-04,2026-09-04,CM,NSE,STK,762551,INE094B01013,ASHIKAG,BE,,,,,ASHIKA GLOBAL SEC LTD,443.85,443.85,421.00,426.85,426.90,429.25,,426.84,,,82968,35284147.30,168,F1,1,,,,,
2026-09-04,2026-09-04,CM,NSE,STK,206,INE440A01010,ASHIMASYN,EQ,,,,,ASHIMA LTD,17.60,18.34,17.50,17.89,17.94,17.88,,17.89,,,207276,3675024.39,330,F1,1,,,,,
2026-09-04,2026-09-04,CM,NSE,STK,212,INE208A01029,ASHOKLEY,EQ,,,,,ASHOK LEYLAND LTD,168.98,173.29,168.18,169.00,169.00,169.35,,169.01,,,13509881,2304474435.93,59938,F1,1,,,,,
2026-09-04,2026-09-04,CM,NSE,STK,20182,INE442H01029,ASHOKA,EQ,,,,,ASHOKA BUILDCON LTD,117.25,118.18,115.00,115.55,115.77,117.32,,115.55,,,998292,115767124.26,9403,F1,1,,,,,
2026-09-04,2026-09-04,CM,NSE,STK,16943,INE760Y01011,ASHOKAMET,EQ,,,,,ASHOKA METCAST LIMITED,13.95,13.99,13.38,13.58,13.55,13.47,,13.51,,,17200,236690.95,103,F1,1,,,,,
2026-09-04,2026-09-04,CM,NSE,STK,760418,INE1A6Q01010,ASHWINI,SM,,,,,ASHWINI CONTAINER MOVER L,180.00,180.00,180.00,180.00,180.00,180.00,,180.00,,,1000,180000.00,1,F1,1000,,,,,
2026-09-04,2026-09-04,CM,NSE,STK,7030,INE276G01015,ASIANENE,EQ,,,,,ASIAN ENERGY SERVICES LTD,527.05,538.00,509.00,517.45,519.00,523.00,,517.47,,,476280,249638101.80,15683,F1,1,,,,,
2026-09-04,2026-09-04,CM,NSE,STK,14889,INE022I01019,ASIANTILES,EQ,,,,,ASIAN GRANITO IND. LTD.,49.80,50.50,49.56,50.26,50.19,49.96,,50.26,,,2049363,102651872.32,5169,F1,1,,,,,
2026-09-04,2026-09-04,CM,NSE,STK,19438,INE926K01017,AHLEAST,EQ,,,,,ASIAN HOTELS (EAST) LTD,135.05,139.00,135.00,136.51,137.89,135.86,,136.51,,,987,134946.95,46,F1,1,,,,,
2026-09-04,2026-09-04,CM,NSE,STK,18422,INE363A01022,ASIANHOTNR,EQ,,,,,ASIAN HOTELS (NORTH) LTD,389.95,390.85,378.55,384.75,388.75,383.85,,384.78,,,10682,4117347.95,448,F1,1,,,,,
2026-09-04,2026-09-04,CM,NSE,STK,19370,INE915K01010,AHLWEST,BE,,,,,ASIAN HOTELS (WEST) LTD,511.25,530.90,487.00,530.85,530.90,512.05,,530.85,,,442,230619.50,21,F1,1,,,,,
2026-09-04,2026-09-04,CM,NSE,STK,236,INE021A01026,ASIANPAINT,EQ,,,,,ASIAN PAINTS LIMITED,2540.00,2553.90,2519.80,2527.30,2527.30,2541.60,,2527.30,,,399368,1012472116.70,32272,F1,1,,,,,
2026-09-04,2026-09-04,CM,NSE,STK,762553,INE194D01017,ASTAR,EQ,,,,,ASIAN STAR CO. LTD.,590.00,597.90,585.00,585.00,585.00,578.50,,585.00,,,9,5351.50,4,F1,1,,,,,
2026-09-04,2026-09-04,CM,NSE,STK,765025,INE822B01017,ASIANTNE,EQ,,,,,ASIAN TEA & EXPORTS LTD.,9.50,9.76,9.34,9.74,9.74,9.76,,9.74,,,16866,161341.41,64,F1,1,,,,,
2026-09-04,2026-09-04,CM,NSE,STK,20152,INE491J01022,ASKAUTOLTD,EQ,,,,,ASK AUTOMOTIVE LIMITED,639.00,639.00,615.15,618.85,619.00,632.20,,618.86,,,164992,102854566.55,7129,F1,1,,,,,
2026-09-04,2026-09-04,CM,NSE,STK,17270,INE991I01015,ASPINWALL,EQ,,,,,ASPINWALL & CO LTD,257.65,265.00,257.55,259.25,257.55,257.55,,259.25,,,2331,612578.30,67,F1,1,,,,,
2026-09-04,2026-09-04,CM,NSE,STK,23396,INE0S7801010,ASPIRE,SM,,,,,ASPIRE & INNOVATIVE ADV L,12.50,13.25,12.50,13.25,13.25,13.05,,13.25,,,4000,51500.00,2,F1,2000,,,,,
2026-09-04,2026-09-04,CM,NSE,STK,765237,INE165G01010,ASSAMENT,EQ,,,,,ASSAM ENTRADE LIMITED,826.85,830.00,826.85,830.00,830.00,831.00,,798.00,,,16,13273.70,2,F1,1,,,,,
2026-09-04,2026-09-04,CM,NSE,STK,17598,INE073G01016,ASALCBR,EQ,,,,,ASSO ALCOHOLS & BREW LTD,696.05,710.00,696.05,706.35,700.05,696.05,,706.23,,,14302,10045732.95,1497,F1,1,,,,,
2026-09-04,2026-09-04,CM,NSE,STK,17728,INE563J01010,ASTEC,EQ,,,,,ASTEC LIFESCIENCES LTD,581.80,581.80,552.10,554.45,552.35,573.25,,554.56,,,43913,24704757.90,2181,F1,1,,,,,
2026-09-04,2026-09-04,CM,NSE,STK,1508,INE914M01019,ASTERDM,EQ,,,,,ASTER DM QUALITY CARE LTD,790.85,792.05,780.35,785.75,785.35,787.00,,785.75,,,1157850,911614568.70,41732,F1,1,,,,,
2026-09-04,2026-09-04,CM,NSE,STK,11618,INE386C01029,ASTRAMICRO,EQ,,,,,ASTRA MICROWAVE LTD,1666.10,1741.00,1666.10,1729.00,1734.40,1665.10,,1728.95,,,502645,863137245.10,26428,F1,1,,,,,
2026-09-04,2026-09-04,CM,NSE,STK,14418,INE006I01046,ASTRAL,EQ,,,,,ASTRAL LIMITED,1489.80,1509.90,1484.00,1492.90,1492.90,1495.20,,1495.47,,,658868,984779588.80,24797,F1,1,,,,,
2026-09-04,2026-09-04,CM,NSE,STK,5610,INE203A01020,ASTRAZEN,EQ,,,,,ASTRAZENECA PHARMA IND LT,6999.00,7062.00,6900.00,6944.00,6950.00,6940.50,,6942.47,,,6489,45222732.00,2682,F1,1,,,,,
2026-09-04,2026-09-04,CM,NSE,STK,764445,INE646X01014,ASTRON,BZ,,,,,ASTRON PAPER BORD MIL LTD,3.00,3.14,2.88,3.06,3.00,3.00,,3.06,,,45331,136174.19,106,F1,1,,,,,
2026-09-04,2026-09-04,CM,NSE,STK,15649,INE0ALR01029,ATALREAL,EQ,,,,,ATAL REALTECH LIMITED,26.09,26.40,26.04,26.22,26.15,25.90,,26.23,,,13883610,362621060.47,5677,F1,1,,,,,
2026-09-04,2026-09-04,CM,NSE,STK,15404,INE09KD01013,ATAM,EQ,,,,,ATAM VALVES LIMITED,55.99,58.40,50.00,52.99,52.67,54.79,,53.07,,,42586,2280440.59,445,F1,1,,,,,
2026-09-04,2026-09-04,CM,NSE,STK,756405,INE0V0Q01019,ATCENERGY,ST,,,,,ATC ENERGIES SYSTEM LTD,22.80,22.80,22.05,22.50,22.50,22.50,,22.50,,,12000,272340.00,7,F1,1200,,,,,
2026-09-04,2026-09-04,CM,NSE,STK,757645,INE0LEZ01016,ATHERENERG,EQ,,,,,ATHER ENERGY LIMITED,1644.00,1644.50,1560.90,1584.00,1584.00,1638.90,,1584.00,,,5585636,8886302451.80,146553,F1,1,,,,,
2026-09-04,2026-09-04,CM,NSE,STK,760953,IN90NN701011,ATLPP,E1,,,,,ATL RE.0.50 PPD UP,9.06,9.20,9.00,9.00,9.00,9.10,,9.00,,,342,3080.00,9,F1,1,,,,,
2026-09-04,2026-09-04,CM,NSE,STK,759007,INE0Z4F01028,ATLANTAELE,EQ,,,,,ATLANTA ELECTRICALS LTD,1905.90,1920.00,1847.90,1881.70,1884.00,1886.40,,1881.53,,,102999,193512208.80,12287,F1,1,,,,,
2026-09-04,2026-09-04,CM,NSE,STK,13585,INE285H01022,ATLANTAA,EQ,,,,,ATLANTAA LIMITED,41.28,41.28,39.00,39.15,39.29,39.86,,39.15,,,20793,819155.34,370,F1,1,,,,,
2026-09-04,2026-09-04,CM,NSE,STK,4568,INE446A01025,ATLASCYCLE,EQ,,,,,ATLAS CYCLE (HARYANA) LTD,96.44,96.44,93.50,96.18,96.20,95.44,,96.10,,,3691,351615.80,109,F1,1,,,,,
2026-09-04,2026-09-04,CM,NSE,STK,22785,INE05DH01017,ATMASTCO,SM,,,,,ATMASTCO LIMITED,140.00,140.75,137.60,139.50,139.50,139.75,,139.50,,,9200,1283240.00,12,F1,400,,,,,
2026-09-04,2026-09-04,CM,NSE,STK,30023,INE951D01028,ATULAUTO,EQ,,,,,ATUL AUTO LIMITED,462.00,467.20,458.35,465.15,467.00,461.30,,465.16,,,88513,40936212.50,3469,F1,1,,,,,
2026-09-04,2026-09-04,CM,NSE,STK,263,INE100A01010,ATUL,EQ,,,,,ATUL LTD,6476.00,6515.50,6370.50,6386.00,6376.00,6469.00,,6385.93,,,18343,117557736.50,6096,F1,1,,,,,
2026-09-04,2026-09-04,CM,NSE,STK,21238,INE949L01017,AUBANK,EQ,,,,,AU SMALL FINANCE BANK LTD,1071.90,1074.10,1060.40,1065.00,1065.00,1072.00,,1065.00,,,602949,644294683.10,31140,F1,1,,,,,
2026-09-04,2026-09-04,CM,NSE,STK,765451,INE16W401027,AUGMONT,EQ,,,,,AUGMONT ENTERPRISES LTD,922.70,940.10,894.00,901.50,900.00,922.70,,901.71,,,942895,864620013.85,33716,F1,1,,,,,
2026-09-04,2026-09-04,CM,NSE,STK,12022,INE132H01018,AURIONPRO,EQ,,,,,AURIONPRO SOLN LTD,691.00,697.30,686.00,689.70,686.90,686.45,,689.69,,,98258,67850598.35,4773,F1,1,,,,,
2026-09-04,2026-09-04,CM,NSE,STK,15869,INE0NUL01018,AUROIMPEX,SM,,,,,AURO IMPEX & CHEMICALS L,27.55,27.55,27.25,27.50,27.50,28.65,,27.50,,,16000,437920.00,10,F1,1600,,,,,
2026-09-04,2026-09-04,CM,NSE,STK,275,INE406A01037,AUROPHARMA,EQ,,,,,AUROBINDO PHARMA LTD,1637.30,1661.50,1622.60,1653.10,1653.10,1637.30,,1653.10,,,573938,947192281.70,26194,F1,1,,,,,
2026-09-04,2026-09-04,CM,NSE,STK,10310,INE898S01029,AURUM,EQ,,,,,AURUM PROPTECH LIMITED,226.70,228.55,223.70,225.16,226.60,224.76,,224.66,,,88743,20075958.83,2073,F1,1,,,,,
2026-09-04,2026-09-04,CM,NSE,STK,31468,INE142K01011,AURUS,EQ,,,,,AURUS GEM CORP LIMITED,4.70,4.95,4.57,4.84,4.85,4.62,,4.84,,,26293,127387.94,155,F1,1,,,,,
2026-09-04,2026-09-04,CM,NSE,STK,4037,INE218C01016,AUSOMENT,EQ,,,,,AUSOM ENTERPRISE LIMITED,162.00,166.59,155.20,161.79,160.45,159.95,,161.80,,,18928,3064350.93,204,F1,1,,,,,
2026-09-04,2026-09-04,CM,NSE,STK,764608,INE759F01012,AUSTENG,EQ,,,,,AUSTIN ENGINEERING CO. L,124.70,124.70,121.30,124.70,124.70,124.70,,124.89,,,951,117527.11,37,F1,1,,,,,
2026-09-04,2026-09-04,CM,NSE,STK,21451,INE0P0001010,APS,SM,,,,,AUSTRALIAN PREM SOLAR I L,245.00,248.65,241.00,244.75,243.00,245.00,,244.75,,,12000,2941150.00,40,F1,250,,,,,
2026-09-04,2026-09-04,CM,NSE,STK,23553,INE206F01022,AIIL,EQ,,,,,AUTHUM INVEST & INFRA LTD,521.90,528.00,518.00,519.90,518.50,519.05,,519.80,,,145614,76063846.65,9105,F1,1,,,,,
2026-09-04,2026-09-04,CM,NSE,STK,14106,INE718H01014,AUTOIND,EQ,,,,,AUTOLINE INDUSTRIES LTD,94.00,95.90,85.21,86.45,86.87,92.75,,86.46,,,600314,53498993.66,6554,F1,1,,,,,
2026-09-04,2026-09-04,CM,NSE,STK,764558,INE451C01013,ACGL,EQ,,,,,AUTOMOBILE CORPN OF GOA L,1799.80,1842.90,1761.80,1797.60,1839.00,1790.90,,1798.35,,,616,1104711.50,105,F1,1,,,,,
2026-09-04,2026-09-04,CM,NSE,STK,278,INE449A01011,AUTOAXLES,EQ,,,,,AUTOMOTIVE AXLES LIMITED,1710.00,1717.80,1684.10,1688.70,1685.00,1705.40,,1688.81,,,7212,12252961.80,838,F1,1,,,,,
2026-09-04,2026-09-04,CM,NSE,STK,10634,INE900C01027,ASAL,EQ,,,,,AUTOMOTIVE STAMPINGS & AS,486.50,486.50,466.05,473.75,472.75,486.30,,473.76,,,23916,11321120.85,1757,F1,1,,,,,
2026-09-04,2026-09-04,CM,NSE,STK,21406,INE349W01017,AVADHSUGAR,EQ,,,,,AVADH SUG & ENERGY LTD,827.00,827.00,801.00,809.50,809.10,831.10,,809.50,,,97497,78953673.35,4353,F1,1,,,,,
2026-09-04,2026-09-04,CM,NSE,STK,15058,INE0LCL01028,AVALON,EQ,,,,,AVALON TECHNOLOGIES LTD,2320.00,2347.70,2175.00,2196.60,2184.30,2248.60,,2196.60,,,683759,1543324603.50,62829,F1,1,,,,,
2026-09-04,2026-09-04,CM,NSE,STK,760736,INE1KU201016,AVANA,ST,,,,,AVANA ELECTROSYSTEMS LTD,154.60,154.75,154.60,154.75,154.75,152.40,,154.75,,,8000,1237300.00,3,F1,2000,,,,,
2026-09-04,2026-09-04,CM,NSE,STK,765030,INE758A01072,AVANCE,EQ,,,,,AVANCE TECHNOLOGIES LTD.,0.83,0.83,0.82,0.82,0.83,0.82,,0.82,,,2992770,2465295.71,1245,F1,1,,,,,
2026-09-04,2026-09-04,CM,NSE,STK,24610,INE005B01027,AVANTEL,EQ,,,,,AVANTEL LIMITED,156.60,158.38,154.46,154.96,155.03,156.50,,154.95,,,546755,85359412.18,6048,F1,1,,,,,
2026-09-04,2026-09-04,CM,NSE,STK,7936,INE871C01038,AVANTIFEED,EQ,,,,,AVANTI FEEDS LIMITED,797.10,805.80,795.50,798.60,798.00,795.85,,798.63,,,208229,166776989.55,14589,F1,1,,,,,
2026-09-04,2026-09-04,CM,NSE,STK,19913,INE192R01011,DMART,EQ,,,,,AVENUE SUPERMARTS LIMITED,3765.00,3779.90,3745.90,3770.00,3770.00,3763.00,,3770.00,,,288600,1085763180.50,20814,F1,1,,,,,
2026-09-04,2026-09-04,CM,NSE,STK,16249,INE483S01020,CCAVENUE,EQ,,,,,AVENUESAI LIMITED,15.48,16.21,15.41,15.70,15.76,15.40,,15.70,,,35876401,566531280.75,39145,F1,1,,,,,
2026-09-04,2026-09-04,CM,NSE,STK,15638,INE680Z01018,AVG,BE,,,,,AVG LOGISTICS LIMITED,171.30,173.00,165.05,166.04,167.00,171.30,,166.03,,,38132,6410621.30,257,F1,1,,,,,
2026-09-04,2026-09-04,CM,NSE,STK,25520,INE0TFB01017,AVIANSH,SM,,,,,AVI ANSH TEXTILE LIMITED,104.50,104.50,102.50,102.50,102.50,104.50,,102.50,,,6000,618500.00,5,F1,1000,,,,,
2026-09-04,2026-09-04,CM,NSE,STK,755092,INE0V9I01017,AVIENCE,SM,,,,,AVIENCE BIOMEDICALS LTD,272.00,279.00,270.05,275.00,275.00,270.50,,275.00,,,10200,2799270.00,16,F1,600,,,,,
2026-09-04,2026-09-04,CM,NSE,STK,14069,INE855F01042,ASMS,BE,,,,,AVIO SMART MRKT STACK LTD,7.11,7.23,7.01,7.07,7.12,7.11,,7.07,,,65281,462030.78,228,F1,1,,,,,
2026-09-04,2026-09-04,CM,NSE,STK,13557,INE323B01024,AVONMORE,EQ,,,,,AVONMORE CAP&MGT SERV LTD,13.74,13.74,12.93,13.02,13.05,13.12,,13.02,,,310318,4072896.71,722,F1,1,,,,,
2026-09-04,2026-09-04,CM,NSE,STK,23159,INE0R9401019,AVPINFRA,SM,,,,,AVP INFRACON LIMITED,58.50,59.00,58.00,58.25,58.05,58.40,,58.25,,,18400,1070960.00,17,F1,800,,,,,
2026-09-04,2026-09-04,CM,NSE,STK,8827,INE652Z01025,AVROIND,EQ,,,,,AVRO INDIA LIMITED,8.78,8.96,8.60,8.72,8.63,8.97,,8.71,,,390578,3432490.36,1288,F1,1,,,,,
2026-09-04,2026-09-04,CM,NSE,STK,14008,INE488D01021,AVTNPL,EQ,,,,,AVT NATURAL PRODUCTS LTD,93.66,93.66,90.45,91.02,91.50,91.64,,91.01,,,309025,28318141.42,3137,F1,1,,,,,
2026-09-04,2026-09-04,CM,NSE,STK,23864,INE108V01019,AWFIS,EQ,,,,,AWFIS SPACE SOLUTIONS LTD,258.00,262.95,256.55,260.80,261.95,256.50,,260.82,,,118804,30987027.95,3931,F1,1,,,,,
2026-09-04,2026-09-04,CM,NSE,STK,8110,INE699H01024,AWL,EQ,,,,,AWL AGRI BUSINESS LIMITED,191.11,191.90,186.20,187.29,188.00,190.79,,187.30,,,2987354,562059740.73,35133,F1,1,,,,,
2026-09-04,2026-09-04,CM,NSE,STK,5900,INE238A01034,AXISBANK,EQ,,,,,AXIS BANK LIMITED,1270.30,1280.70,1262.00,1273.00,1273.00,1267.00,,1273.00,,,3810611,4856455094.70,61874,F1,1,,,,,
2026-09-04,2026-09-04,CM,NSE,STK,765499,INF846KA1598,ENERGYAXIS,EQ,,,,,AXISAMC - ENERGYAXIS,19.00,19.17,19.00,19.15,19.17,19.20,,19.15,,,7399,141439.33,52,F1,1,,,,,
2026-09-04,2026-09-04,CM,NSE,STK,1044,INF846K01X63,BNKETFAXIS,EQ,,,,,AXISAMC-BNKETFAXIS,593.46,595.93,591.80,592.50,592.50,593.00,,592.50,,,145,86077.13,25,F1,1,,,,,
2026-09-04,2026-09-04,CM,NSE,STK,5732,INF846K016C7,CONSUMAXIS,EQ,,,,,AXISAMC-CONSUMAXIS,120.17,120.37,119.02,119.02,119.02,119.64,,119.02,,,1590,190909.80,21,F1,1,,,,,
2026-09-04,2026-09-04,CM,NSE,STK,20532,INF846K01W80,GOLDAXIS,EQ,,,,,AXISAMC-GOLDAXIS,128.47,129.25,127.84,128.11,128.19,127.20,,128.11,,,333634,42818668.75,2624,F1,1,,,,,
2026-09-04,2026-09-04,CM,NSE,STK,3608,INF846K01Z12,HEALTHAXIS,EQ,,,,,AXISAMC-HEALTHAXIS,171.23,190.00,166.75,167.04,172.00,168.69,,167.06,,,6611,1107251.43,125,F1,1,,,,,
2026-09-04,2026-09-04,CM,NSE,STK,3010,INF846K01Y96,ITAXIS,EQ,,,,,AXISAMC-ITAXIS,343.16,344.99,335.61,339.03,340.00,339.76,,339.02,,,1669,567665.11,62,F1,1,,,,,
2026-09-04,2026-09-04,CM,NSE,STK,21252,INF846K01W98,NIFTYAXIS,EQ,,,,,AXISAMC-NIFTYAXIS,265.78,265.99,264.62,265.62,265.61,264.58,,265.62,,,27062,7187756.04,145,F1,1,,,,,
2026-09-04,2026-09-04,CM,NSE,STK,14742,INF846K010Q0,SENSEXAXIS,EQ,,,,,AXISAMC-SENSEXAXIS,78.67,81.00,78.67,79.81,79.40,79.67,,79.81,,,1362,108720.97,52,F1,1,,,,,
2026-09-04,2026-09-04,CM,NSE,STK,11193,INF846K011K1,SILVERAXIS,EQ,,,,,AXISAMC-SILVERAXIS,230.02,232.50,230.02,231.46,231.42,228.73,,231.46,,,144700,33498383.82,1362,F1,1,,,,,
2026-09-04,2026-09-04,CM,NSE,STK,30155,INF846KA1119,VALUEAXIS,EQ,,,,,AXISAMC-VALUEAXIS,32.60,32.90,32.55,32.88,32.89,32.71,,32.88,,,20010,657617.04,231,F1,1,,,,,
2026-09-04,2026-09-04,CM,NSE,STK,9436,INE555B01013,AXISCADES,EQ,,,,,AXISCADES TECH LTD,1735.20,1765.00,1701.70,1711.60,1710.10,1730.40,,1711.60,,,168634,292321339.60,14233,F1,1,,,,,
2026-09-04,2026-09-04,CM,NSE,STK,9902,INE02EZ01022,AXITA,EQ,,,,,AXITA COTTON LIMITED,8.11,8.14,8.01,8.01,8.02,8.01,,8.01,,,356179,2858146.74,600,F1,1,,,,,
2026-09-04,2026-09-04,CM,NSE,STK,764613,INE767C01012,AXTEL,EQ,,,,,AXTEL INDUSTRIES LTD.,388.60,396.70,388.60,394.50,394.50,394.80,,393.54,,,1470,577845.15,43,F1,1,,,,,
2026-09-04,2026-09-04,CM,NSE,STK,760981,INE501X01029,AYE,EQ,,,,,AYE FINANCE LIMITED,182.05,188.95,180.84,184.81,184.71,180.61,,184.80,,,1223851,227713546.74,20556,F1,1,,,,,
2026-09-04,2026-09-04,CM,NSE,STK,10285,INE193B01039,AYMSYNTEX,EQ,,,,,AYM SYNTEX LIMITED,317.25,323.45,305.10,310.70,315.10,317.25,,310.77,,,124761,39242961.35,4405,F1,1,,,,,
2026-09-04,2026-09-04,CM,NSE,STK,20905,INE02IJ01035,AZAD,EQ,,,,,AZAD ENGINEERING LIMITED,2770.00,2824.30,2753.40,2777.30,2781.00,2766.90,,2777.25,,,224210,624898969.10,18137,F1,1,,,,,
2026-09-04,2026-09-04,CM,NSE,STK,765035,INE566M01017,AZADIND,EQ,,,,,AZAD INDIA MOBILITY LTD.,90.32,90.97,89.00,89.59,89.90,90.32,,89.60,,,36841,3302057.50,402,F1,1,,,,,
2026-09-04,2026-09-04,CM,NSE,STK,762616,INE489D01011,BNALTD,BE,,,,,B & A LTD.,360.00,360.00,360.00,360.00,360.00,360.00,,360.00,,,42,15120.00,2,F1,1,,,,,
2026-09-04,2026-09-04,CM,NSE,STK,12153,INE01EE01011,BBTCL,EQ,,,,,B&B TRIPLEWALL CONT LTD,236.00,236.00,227.00,230.22,227.30,233.77,,230.22,,,3429,793987.77,169,F1,1,,,,,
2026-09-04,2026-09-04,CM,NSE,STK,11226,INE116D01028,BAGFILMS,EQ,,,,,B.A.G FILMS AND MEDIA LTD,4.35,4.60,4.29,4.51,4.49,4.32,,4.51,,,225253,1010761.20,226,F1,1,,,,,
2026-09-04,2026-09-04,CM,NSE,STK,759420,INE17CQ01015,BAGDIGITAL,SM,,,,,B.A.G.CONVERGENCE LIMITED,106.00,106.00,105.00,105.00,105.00,106.00,,105.00,,,11200,1180880.00,5,F1,1600,,,,,
2026-09-04,2026-09-04,CM,NSE,STK,13290,INE350H01032,BLKASHYAP,EQ,,,,,B.L.KASHYAP & SON LTD,57.60,62.45,57.04,59.34,59.40,57.60,,59.34,,,2983058,181837695.18,12864,F1,1,,,,,
2026-09-04,2026-09-04,CM,NSE,STK,25114,INE01FR01028,STYLEBAAZA,EQ,,,,,BAAZAR STYLE RETAIL LTD,397.50,403.70,391.95,400.25,399.25,394.85,,400.14,,,557524,222551207.15,5822,F1,1,,,,,
2026-09-04,2026-09-04,CM,NSE,STK,20141,INE0QW501012,BABAFP,SM,,,,,BABA FOOD PROCESSING,24.00,24.00,23.85,23.85,23.85,25.50,,23.85,,,6400,153120.00,4,F1,1600,,,,,
2026-09-04,2026-09-04,CM,NSE,STK,17735,INE878I01022,BAFNAPH,BE,,,,,BAFNA PHARMACEUTICALS LTD,296.60,296.60,295.85,295.85,295.85,301.85,,296.23,,,4794,1420561.95,74,F1,1,,,,,
2026-09-04,2026-09-04,CM,NSE,STK,763363,INE2OVN25015,BAGMANE,RR,,,,,BAGMANE PRIME OFFICE REIT,107.04,107.04,105.90,106.28,106.15,106.38,,106.28,,,399564,42466543.54,4657,F1,1,,,,,
2026-09-04,2026-09-04,CM,NSE,STK,12989,INE029Q01017,BAHETI,SM,,,,,BAHETI RECYCLING IND LTD,881.00,881.00,842.65,846.00,846.00,849.45,,846.00,,,13875,11828850.00,27,F1,375,,,,,
2026-09-04,2026-09-04,CM,NSE,STK,13794,INE020D01022,BAIDFIN,EQ,,,,,BAID FINSERV LIMITED,10.23,10.23,9.91,10.12,10.20,10.10,,10.12,,,43775,444006.39,165,F1,1,,,,,
2026-09-04,2026-09-04,CM,NSE,STK,16669,INE917I01010,BAJAJ-AUTO,EQ,,,,,BAJAJ AUTO LIMITED,12005.00,12025.00,11873.00,11919.00,11919.00,11920.00,,11919.03,,,154199,1841113095.00,19294,F1,1,,,,,
2026-09-04,2026-09-04,CM,NSE,STK,19531,INE933K01021,BAJAJCON,EQ,,,,,BAJAJ CONSUMER CARE LTD,512.00,519.80,507.50,517.55,516.00,508.95,,517.54,,,1279757,657173077.40,26101,F1,1,,,,,
2026-09-04,2026-09-04,CM,NSE,STK,15034,INE193E01025,BAJAJELEC,EQ,,,,,BAJAJ ELECT.LTD,334.00,337.15,330.00,331.15,331.00,334.20,,331.15,,,73439,24434097.65,2379,F1,1,,,,,
2026-09-04,2026-09-04,CM,NSE,STK,317,INE296A01032,BAJFINANCE,EQ,,,,,BAJAJ FINANCE LIMITED,1050.60,1063.60,1049.70,1060.50,1060.50,1049.00,,1060.50,,,5952048,6285695160.10,104933,F1,1,,,,,
2026-09-04,2026-09-04,CM,NSE,STK,16675,INE918I01026,BAJAJFINSV,EQ,,,,,BAJAJ FINSERV LTD.,1985.00,1994.20,1970.00,1970.00,1970.00,1992.10,,1970.01,,,437793,866359784.40,31032,F1,1,,,,,
2026-09-04,2026-09-04,CM,NSE,STK,6863,INE411U01027,BAJAJHCARE,EQ,,,,,BAJAJ HEALTHCARE LIMITED,327.80,331.90,319.85,321.45,320.75,325.20,,321.46,,,458849,148591192.70,5529,F1,1,,,,,
2026-09-04,2026-09-04,CM,NSE,STK,308,INE306A01021,BAJAJHIND,EQ,,,,,BAJAJ HINDUSTHAN SUGAR LT,22.18,22.18,21.50,21.86,21.96,22.08,,21.86,,,21280859,462969000.48,23788,F1,1,,,,,
2026-09-04,2026-09-04,CM,NSE,STK,305,INE118A01012,BAJAJHLDNG,EQ,,,,,BAJAJ HOLDINGS & INVS LTD,11102.00,11355.00,11100.00,11162.00,11162.00,11165.00,,11162.00,,,37106,415823206.00,10973,F1,1,,,,,
2026-09-04,2026-09-04,CM,NSE,STK,25270,INE377Y01014,BAJAJHFL,EQ,,,,,BAJAJ HOUSING FINANCE LTD,83.00,83.55,82.93,83.08,83.19,82.95,,83.07,,,1824719,151768998.25,19747,F1,1,,,,,
2026-09-04,2026-09-04,CM,NSE,STK,762563,INE704G01024,BAJAJST,EQ,,,,,BAJAJ STEEL INDS. LTD.,366.70,366.85,361.70,362.95,364.00,361.50,,362.66,,,4966,1809679.55,438,F1,1,,,,,
2026-09-04,2026-09-04,CM,NSE,STK,20531,INE0KQN01018,BAJEL,EQ,,,,,BAJEL PROJECTS LIMITED,185.69,188.12,182.53,183.82,184.50,185.69,,183.81,,,94742,17509910.49,1983,F1,1,,,,,
2026-09-04,2026-09-04,CM,NSE,STK,13441,INE083D01012,BALPHARMA,EQ,,,,,BAL PHARMA LTD.,87.70,89.69,87.10,87.73,88.00,87.71,,87.73,,,8210,720777.45,199,F1,1,,,,,
2026-09-04,2026-09-04,CM,NSE,STK,14501,INE050E01027,BALAMINES,EQ,,,,,BALAJI AMINES LIMITED,2432.00,2550.00,2432.00,2525.20,2516.00,2417.80,,2525.27,,,608894,1533578295.50,55081,F1,1,,,,,
2026-09-04,2026-09-04,CM,NSE,STK,30030,INE0PQ601019,BALAJIPHOS,SM,,,,,BALAJI PHOSPHATES LIMITED,109.95,114.80,109.95,114.00,114.00,108.25,,114.00,,,13000,1458700.00,10,F1,1000,,,,,
2026-09-04,2026-09-04,CM,NSE,STK,9158,INE794B01026,BALAJITELE,EQ,,,,,BALAJI TELEFILMS LIMITED.,91.25,95.70,88.36,93.17,93.00,91.31,,93.18,,,1526021,141071087.04,10826,F1,1,,,,,
2026-09-04,2026-09-04,CM,NSE,STK,11309,INE618N01022,BALAXI,EQ,,,,,BALAXI PHARMA LTD,26.60,26.60,24.93,25.37,24.93,25.80,,25.37,,,50780,1302032.60,216,F1,1,,,,,
2026-09-04,2026-09-04,CM,NSE,STK,335,INE787D01026,BALKRISIND,EQ,,,,,BALKRISHNA IND. LTD,2330.00,2346.30,2264.00,2284.60,2281.00,2327.30,,2284.55,,,324489,742163483.20,29526,F1,1,,,,,
2026-09-04,2026-09-04,CM,NSE,STK,10181,INE875R01011,BALKRISHNA,EQ,,,,,BALKRISHNA PAPER MILLS L,17.50,17.50,17.00,17.08,17.40,17.48,,17.09,,,6016,104245.52,71,F1,1,,,,,
2026-09-04,2026-09-04,CM,NSE,STK,338,INE164A01016,BALMLAWRIE,EQ,,,,,BALMER LAWRIE & CO LTD,177.75,178.44,177.30,177.98,178.24,176.93,,177.99,,,106907,19010279.41,1933,F1,1,,,,,
2026-09-04,2026-09-04,CM,NSE,STK,762603,INE525F01025,BLIL,EQ,,,,,BALMER LAWRIE INVSTS. L,72.98,72.98,72.36,72.53,72.59,72.47,,72.53,,,97501,7078873.12,1045,F1,1,,,,,
2026-09-04,2026-09-04,CM,NSE,STK,341,INE119A01028,BALRAMCHIN,EQ,,,,,BALRAMPUR CHINI MILLS LTD,697.00,702.00,682.50,690.60,691.55,704.35,,690.54,,,2232338,1543249872.90,43329,F1,1,,,,,
2026-09-04,2026-09-04,CM,NSE,STK,23607,INE011E01029,BALUFORGE,EQ,,,,,BALU FORGE INDUSTRIES LTD,572.50,585.35,563.60,574.10,577.25,570.35,,574.11,,,1304593,750415894.45,21451,F1,1,,,,,
2026-09-04,2026-09-04,CM,NSE,STK,347,INE655B01011,BANARBEADS,EQ,,,,,BANARAS BEADS LTD,114.01,115.89,113.52,113.90,113.75,114.85,,113.98,,,1302,148988.04,51,F1,1,,,,,
2026-09-04,2026-09-04,CM,NSE,STK,13880,INE213C01025,BANCOINDIA,EQ,,,,,BANCO PRODUCTS (I) LTD,618.40,629.10,616.50,623.50,626.00,616.90,,623.49,,,77773,48478421.00,6891,F1,1,,,,,
2026-09-04,2026-09-04,CM,NSE,STK,2263,INE545U01014,BANDHANBNK,EQ,,,,,BANDHAN BANK LIMITED,165.11,166.74,164.50,164.95,164.95,164.23,,164.95,,,2928918,484362717.92,21919,F1,1,,,,,
2026-09-04,2026-09-04,CM,NSE,STK,760325,INF194KB1KJ7,GOLDBND,EQ,,,,,BANDHANAMC - GOLDBND,154.98,154.98,152.93,153.82,153.83,152.71,,153.95,,,2042,314178.65,219,F1,1,,,,,
2026-09-04,2026-09-04,CM,NSE,STK,18783,INF194KA1U07,IDFNIFTYET,EQ,,,,,BANDHANAMC - IDFNIFTYET,266.63,268.89,263.95,264.49,264.00,265.31,,264.49,,,1426,377329.65,54,F1,1,,,,,
2026-09-04,2026-09-04,CM,NSE,STK,760328,INF194KB1KI9,SILVERBND,EQ,,,,,BANDHANAMC - SILVERBND,233.10,234.35,232.14,233.61,232.28,230.37,,233.61,,,13449,3142247.16,530,F1,1,,,,,
2026-09-04,2026-09-04,CM,NSE,STK,15303,INE863I01016,BANG,EQ,,,,,BANG OVERSEAS LTD.,34.16,34.97,33.30,34.79,34.83,34.17,,34.79,,,78335,2706437.32,468,F1,1,,,,,
2026-09-04,2026-09-04,CM,NSE,STK,4668,INE028A01039,BANKBARODA,EQ,,,,,BANK OF BARODA,242.37,242.37,239.00,239.00,239.00,240.44,,239.00,,,7816984,1876863209.27,34280,F1,1,,,,,
2026-09-04,2026-09-04,CM,NSE,STK,4745,INE084A01016,BANKINDIA,EQ,,,,,BANK OF INDIA,144.80,145.80,144.11,145.00,145.00,145.00,,145.00,,,2902558,421059917.66,44590,F1,1,,,,,
2026-09-04,2026-09-04,CM,NSE,STK,11377,INE457A01014,MAHABANK,EQ,,,,,BANK OF MAHARASHTRA,86.75,86.95,85.70,85.95,85.95,86.32,,85.92,,,13802528,1193277156.70,37453,F1,1,,,,,
2026-09-04,2026-09-04,CM,NSE,STK,822,INE862Y01015,BANKA,EQ,,,,,BANKA BIOLOO LIMITED,79.00,79.00,77.25,79.00,79.00,75.27,,79.00,,,5253,411657.40,37,F1,1,,,,,
2026-09-04,2026-09-04,CM,NSE,STK,12037,INE186H01022,BASML,BE,,,,,BANNARI AM SPIN MILL LTD.,24.91,25.45,24.91,25.41,25.40,25.02,,25.36,,,39871,1002543.29,121,F1,1,,,,,
2026-09-04,2026-09-04,CM,NSE,STK,350,INE459A01010,BANARISUG,EQ,,,,,BANNARI AMMAN SUGARS LTD,3878.20,3883.00,3774.00,3803.30,3800.00,3874.70,,3803.24,,,857,3276412.60,190,F1,1,,,,,
2026-09-04,2026-09-04,CM,NSE,STK,24386,INE0B9K01025,BANSALWIRE,EQ,,,,,BANSAL WIRE INDUSTRIES L,319.00,322.75,313.25,315.00,313.40,319.00,,315.02,,,63070,20019986.45,2867,F1,1,,,,,
2026-09-04,2026-09-04,CM,NSE,STK,14511,INE629D01020,BANSWRAS,EQ,,,,,BANSWARA SYNTEX LIMITED,119.38,120.00,116.26,117.05,117.00,117.78,,117.05,,,31201,3671154.63,314,F1,1,,,,,
2026-09-04,2026-09-04,CM,NSE,STK,15073,INE139I01011,BVCL,EQ,,,,,BARAK VALLEY CEM. LTD.,44.70,44.70,43.17,43.48,43.21,43.14,,43.51,,,85128,3738636.21,300,F1,1,,,,,
2026-09-04,2026-09-04,CM,NSE,STK,29176,INE0QX401014,BARFLEX,SM,,,,,BARFLEX POLYFILMS LIMITED,60.90,60.90,58.05,60.90,60.90,60.90,,60.90,,,12000,718400.00,6,F1,2000,,,,,
2026-09-04,2026-09-04,CM,NSE,STK,24117,INF251K01TL6,BBNPNBETF,EQ,,,,,BARODABNP - BBNPNBETF,58.02,58.31,58.00,58.30,58.30,57.15,,58.30,,,200,11621.00,21,F1,1,,,,,
2026-09-04,2026-09-04,CM,NSE,STK,20547,INF251K01SU9,BBNPPGOLD,EQ,,,,,BARODABNP - BBNPPGOLD,148.20,149.50,146.80,148.70,148.50,147.50,,148.70,,,1237,184494.80,61,F1,1,,,,,
2026-09-04,2026-09-04,CM,NSE,STK,368,INE373A01013,BASF,EQ,,,,,BASF INDIA LTD,3835.00,3907.00,3829.40,3864.90,3875.00,3832.40,,3864.69,,,30319,116983697.10,4174,F1,1,,,,,
2026-09-04,2026-09-04,CM,NSE,STK,18442,INE0OCC01013,BASILIC,SM,,,,,BASILIC FLY STUDIO LTD,193.00,193.00,186.05,188.65,187.70,193.95,,188.65,,,13800,2609475.00,41,F1,300,,,,,
2026-09-04,2026-09-04,CM,NSE,STK,371,INE176A01028,BATAINDIA,EQ,,,,,BATA INDIA LTD,677.45,682.00,671.00,672.75,673.00,677.40,,672.75,,,89939,60853756.00,5667,F1,1,,,,,
2026-09-04,2026-09-04,CM,NSE,STK,762568,INE177C01022,BATLIBOI,EQ,,,,,BATLIBOI LTD.,89.90,91.94,88.88,90.81,90.51,88.39,,90.81,,,25336,2287336.60,879,F1,1,,,,,
2026-09-04,2026-09-04,CM,NSE,STK,22574,INE0JFJ01011,BAWEJA,ST,,,,,BAWEJA STUDIOS LIMITED,26.00,26.25,26.00,26.10,26.10,25.95,,26.10,,,7200,187920.00,9,F1,800,,,,,
2026-09-04,2026-09-04,CM,NSE,STK,17927,INE462A01022,BAYERCROP,EQ,,,,,BAYER CROPSCIENCE LTD,3960.80,3998.90,3960.80,3989.90,3995.00,3960.80,,3989.85,,,9989,39796201.60,1611,F1,1,,,,,
2026-09-04,2026-09-04,CM,NSE,STK,2513,INE412G01024,BCLIND,EQ,,,,,BCL INDUSTRIES LIMITED,36.37,37.95,36.04,36.62,36.90,36.22,,36.62,,,526260,19266050.05,2673,F1,1,,,,,
2026-09-04,2026-09-04,CM,NSE,STK,761494,INE00SW01015,BCPL,EQ,,,,,BCPL RAILWAY INFRA LTD,67.77,72.00,67.25,68.45,68.90,67.77,,68.45,,,15587,1079191.11,476,F1,1,,,,,
2026-09-04,2026-09-04,CM,NSE,STK,23922,INE639X01027,BEACON,SM,,,,,BEACON TRUSTEESHIP LTD,84.50,84.50,82.95,83.60,84.35,87.30,,83.60,,,20000,1673200.00,20,F1,1000,,,,,
2026-09-04,2026-09-04,CM,NSE,STK,17933,INE520H01022,BEARDSELL,EQ,,,,,BEARDSELL LIMITED,25.29,26.32,24.62,25.31,25.79,25.41,,25.31,,,7642,194932.07,204,F1,1,,,,,
2026-09-04,2026-09-04,CM,NSE,STK,20196,INE844K01012,BEDMUTHA,EQ,,,,,BEDMUTHA INDUST LTD,108.50,115.00,108.50,112.37,112.00,112.23,,112.37,,,7077,794550.62,115,F1,1,,,,,
2026-09-04,2026-09-04,CM,NSE,STK,762573,INE213D01015,BEEKAY,EQ,,,,,BEEKAY STEEL INDS. LTD.,419.55,421.00,406.85,417.40,421.00,419.55,,418.97,,,4726,1932740.70,172,F1,1,,,,,
2026-09-04,2026-09-04,CM,NSE,STK,765291,INE1EEM01017,BLEL,EQ,,,,,BEHARI LAL ENGINEERING L,454.25,458.80,448.00,453.15,454.95,454.25,,453.11,,,823610,372026475.05,13315,F1,1,,,,,
2026-09-04,2026-09-04,CM,NSE,STK,757938,INE344T01014,BELLACASA,EQ,,,,,BELLA CASA FASH AND RET L,241.90,246.95,240.02,242.85,242.00,239.51,,242.85,,,4050,985493.12,263,F1,1,,,,,
2026-09-04,2026-09-04,CM,NSE,STK,757102,INE894V01022,BELRISE,EQ,,,,,BELRISE INDUSTRIES LTD,238.15,239.25,233.52,236.86,237.00,238.11,,236.87,,,1873911,443187718.36,26919,F1,1,,,,,
2026-09-04,2026-09-04,CM,NSE,STK,15067,INE0N7W01012,BLAL,EQ,,,,,BEML LAND ASSETS LIMITED,162.00,164.95,160.61,160.88,161.30,161.93,,160.88,,,43253,7011275.35,854,F1,1,,,,,
2026-09-04,2026-09-04,CM,NSE,STK,395,INE258A01024,BEML,EQ,,,,,BEML LIMITED,2082.00,2127.00,2045.00,2057.80,2058.00,2079.40,,2057.67,,,687676,1435602230.90,41468,F1,1,,,,,
2026-09-04,2026-09-04,CM,NSE,STK,764618,INE664D01019,BENARAS,EQ,,,,,BENARES HOTELS LTD.,10270.00,10270.00,10200.00,10200.00,10200.00,10200.00,,10200.00,,,107,1091470.00,30,F1,1,,,,,
2026-09-04,2026-09-04,CM,NSE,STK,762578,INE083K01017,BENGALASM,EQ,,,,,BENGAL & ASSAM CO. LTD.,6445.00,6499.00,6271.00,6332.50,6280.00,6375.00,,6319.30,,,362,2318625.00,104,F1,1,,,,,
2026-09-04,2026-09-04,CM,NSE,STK,404,INE463A01038,BERGEPAINT,EQ,,,,,BERGER PAINTS (I) LTD,494.00,496.70,484.00,485.30,484.95,491.40,,485.31,,,277300,135103354.40,23139,F1,1,,,,,
2026-09-04,2026-09-04,CM,NSE,STK,2306,INE052T01021,BESTAGRO,EQ,,,,,BEST AGROLIFE LIMITED,20.99,21.20,18.83,19.29,19.15,20.34,,19.28,,,2082129,40865213.11,5742,F1,1,,,,,
2026-09-04,2026-09-04,CM,NSE,STK,759842,INE351Y01019,BETA,EQ,,,,,BETA DRUGS LIMITED,2258.00,2275.70,2190.10,2218.50,2211.00,2258.90,,2218.50,,,13251,29458593.80,2146,F1,1,,,,,
2026-09-04,2026-09-04,CM,NSE,STK,5662,INE0HQI01014,BEWLTD,SM,,,,,BEW ENGINEERING LIMITED,50.70,50.70,48.25,49.30,49.50,49.30,,49.30,,,11500,567475.00,21,F1,500,,,,,
2026-09-04,2026-09-04,CM,NSE,STK,21113,INE878K01010,BFINVEST,EQ,,,,,BF INVESTMENT LIMITED,475.00,475.00,464.10,469.35,470.00,469.45,,469.29,,,33149,15575550.75,1587,F1,1,,,,,
2026-09-04,2026-09-04,CM,NSE,STK,14567,INE243D01012,BFUTILITIE,EQ,,,,,BF UTILITIES LIMITED,543.05,561.55,537.00,542.45,537.00,544.00,,542.49,,,272295,149617948.20,12608,F1,1,,,,,
2026-09-04,2026-09-04,CM,NSE,STK,764183,INF0QA701CI0,BANK10BETF,EQ,,,,,BFAM - BANK10BETF,20.69,20.92,20.68,20.90,20.90,20.69,,20.83,,,538,11240.22,10,F1,1,,,,,
2026-09-04,2026-09-04,CM,NSE,STK,21986,INF0QA701714,BANKBETF,EQ,,,,,BFAM - BANKBETF,58.42,58.75,58.32,58.56,58.50,58.40,,58.56,,,5574,326182.97,245,F1,1,,,,,
2026-09-04,2026-09-04,CM,NSE,STK,23915,INF0QA701854,LIQUIDBETF,EQ,,,,,BFAM - LIQUIDBETF,1097.63,1097.65,1097.63,1097.63,1097.63,1097.27,,1097.63,,,217506,238742512.82,99,F1,1,,,,,
2026-09-04,2026-09-04,CM,NSE,STK,21959,INF0QA701722,NIFTYBETF,EQ,,,,,BFAM - NIFTYBETF,249.51,249.51,245.75,246.65,245.75,245.83,,246.65,,,1413872,348627438.05,1596,F1,1,,,,,
2026-09-04,2026-09-04,CM,NSE,STK,15193,INE661I01014,BGRENERGY,BE,,,,,BGR ENERGY SYSTEMS LTD,238.44,247.80,235.70,246.26,244.10,238.44,,246.22,,,42914,10376265.87,466,F1,1,,,,,
2026-09-04,2026-09-04,CM,NSE,STK,758228,INE0ZRC01017,BHADORA,ST,,,,,BHADORA INDUSTRIES LTD,106.00,113.50,102.70,111.95,111.95,108.10,,111.95,,,69600,7647660.00,33,F1,1200,,,,,
2026-09-04,2026-09-04,CM,NSE,STK,13427,INE354C01027,BHAGERIA,BE,,,,,BHAGERIA INDUSTRIES LTD,288.00,304.65,286.00,304.65,304.65,290.15,,304.65,,,218809,66049020.80,1396,F1,1,,,,,
2026-09-04,2026-09-04,CM,NSE,STK,6164,INE414D01027,BHAGCHEM,EQ,,,,,BHAGIRADHA CHEM & INDS L,266.60,269.80,263.10,264.60,266.00,266.30,,264.61,,,34606,9205198.15,759,F1,1,,,,,
2026-09-04,2026-09-04,CM,NSE,STK,20776,INE458B01036,BHAGYANGR,EQ,,,,,BHAGYANAGAR INDIA LIMITED,373.05,381.80,369.00,370.45,369.75,373.45,,370.45,,,77510,28929252.80,2681,F1,1,,,,,
2026-09-04,2026-09-04,CM,NSE,STK,19556,INE474E01029,BHANDARI,EQ,,,,,BHANDARI HOSIERY EXP LTD,3.02,3.05,3.00,3.03,3.04,3.00,,3.03,,,101595,307877.04,194,F1,1,,,,,
2026-09-04,2026-09-04,CM,NSE,STK,419,INE922A01025,BEPL,EQ,,,,,BHANSALI ENG. POLYMERS LT,130.00,131.20,126.10,127.50,127.11,129.74,,127.50,,,1190325,152708771.13,11867,F1,1,,,,,
2026-09-04,2026-09-04,CM,NSE,STK,13761,INE464A01036,BBL,EQ,,,,,BHARAT BIJLEE LTD,2309.70,2315.90,2280.00,2289.30,2280.00,2298.30,,2289.32,,,26842,61721950.30,2531,F1,1,,,,,
2026-09-04,2026-09-04,CM,NSE,STK,760726,INE05XR01022,BHARATCOAL,EQ,,,,,BHARAT COKING COAL LTD,33.80,34.05,33.60,33.81,33.90,33.80,,33.81,,,3546055,119753255.17,12715,F1,1,,,,,
2026-09-04,2026-09-04,CM,NSE,STK,2144,INE171Z01026,BDL,EQ,,,,,BHARAT DYNAMICS LIMITED,1253.00,1293.00,1253.00,1255.00,1255.00,1257.70,,1255.07,,,1391949,1772334434.50,42408,F1,1,,,,,
2026-09-04,2026-09-04,CM,NSE,STK,383,INE263A01024,BEL,EQ,,,,,BHARAT ELECTRONICS LTD,409.25,413.10,405.35,405.35,405.35,408.60,,405.35,,,8354982,3422432462.90,92382,F1,1,,,,,
2026-09-04,2026-09-04,CM,NSE,STK,422,INE465A01025,BHARATFORG,EQ,,,,,BHARAT FORGE LTD,1997.60,1997.60,1951.00,1956.00,1956.00,1981.00,,1956.61,,,1526364,3007566456.00,88838,F1,1,,,,,
2026-09-04,2026-09-04,CM,NSE,STK,9397,INE561C01019,BHARATGEAR,BE,,,,,BHARAT GEARS LTD,104.49,106.48,102.05,102.93,103.01,104.49,,102.95,,,18094,1872692.69,187,F1,1,,,,,
2026-09-04,2026-09-04,CM,NSE,STK,764623,INE365Y01019,BPLPHARMA,EQ,,,,,BHARAT PARENTERALS LTD.,1545.00,1568.80,1520.00,1533.30,1550.00,1520.80,,1532.79,,,586,902303.90,110,F1,1,,,,,
2026-09-04,2026-09-04,CM,NSE,STK,526,INE029A01011,BPCL,EQ,,,,,BHARAT PETROLEUM CORP  LT,319.40,320.65,315.70,315.70,315.70,320.05,,315.70,,,1834819,583852326.35,19332,F1,1,,,,,
2026-09-04,2026-09-04,CM,NSE,STK,3834,INE838B01021,BHARATRAS,EQ,,,,,BHARAT RASAYAN LTD,1190.10,1207.00,1165.20,1171.80,1179.90,1184.20,,1171.84,,,25242,29857744.30,2734,F1,1,,,,,
2026-09-04,2026-09-04,CM,NSE,STK,21683,INE727S01012,BRNL,EQ,,,,,BHARAT ROAD NETWORK LTD,17.13,17.39,17.01,17.12,17.25,17.12,,17.12,,,18030,309823.13,191,F1,1,,,,,
2026-09-04,2026-09-04,CM,NSE,STK,30244,INE415D01024,BHARATSE,EQ,,,,,BHARAT SEATS LIMITED,213.69,214.70,210.50,211.69,211.99,213.69,,211.72,,,93907,19950995.61,2110,F1,1,,,,,
2026-09-04,2026-09-04,CM,NSE,STK,16123,INE316L01019,BHARATWIRE,EQ,,,,,BHARAT WIRE ROPES LTD.,179.51,182.59,178.97,181.32,181.50,180.42,,181.33,,,141594,25629840.72,2287,F1,1,,,,,
2026-09-04,2026-09-04,CM,NSE,STK,10604,INE397D01024,BHARTIARTL,EQ,,,,,BHARTI AIRTEL LIMITED,1868.10,1870.70,1840.00,1840.00,1840.00,1869.00,,1840.00,,,3614328,6704394530.20,93290,F1,1,,,,,
2026-09-04,2026-09-04,CM,NSE,STK,23489,INE343G01021,BHARTIHEXA,EQ,,,,,BHARTI HEXACOM LIMITED,1507.00,1520.20,1490.00,1495.40,1500.00,1505.60,,1495.40,,,37216,55877875.60,4372,F1,1,,,,,
2026-09-04,2026-09-04,CM,NSE,STK,7848,INE828A01016,BIL,EQ,,,,,BHARTIYA INTERNATIONAL,924.00,924.00,899.95,907.85,913.75,915.85,,907.93,,,8736,7951980.55,638,F1,1,,,,,
2026-09-04,2026-09-04,CM,NSE,STK,438,INE257A01026,BHEL,EQ,,,,,BHEL,433.00,439.20,429.20,431.10,431.10,431.80,,431.39,,,5925391,2570597352.55,52899,F1,1,,,,,
2026-09-04,2026-09-04,CM,NSE,STK,762621,INE274K01012,BTTL,BE,,,,,BHILWARA TECHNICAL TEXT L,43.08,43.49,41.00,41.53,42.50,42.66,,41.53,,,4172,172553.10,62,F1,1,,,,,
2026-09-04,2026-09-04,CM,NSE,STK,18431,INE412U01025,BIGBLOC,EQ,,,,,BIGBLOC CONSTRUCTION LTD,41.95,42.40,40.31,41.92,42.40,41.29,,41.92,,,56466,2332106.71,623,F1,1,,,,,
2026-09-04,2026-09-04,CM,NSE,STK,11966,INE00E101023,BIKAJI,EQ,,,,,BIKAJI FOODS INTERN LTD,587.15,589.85,582.00,584.20,583.00,587.15,,584.18,,,52134,30526794.75,3510,F1,1,,,,,
2026-09-04,2026-09-04,CM,NSE,STK,25527,INE0SQH01013,BIKEWO,ST,,,,,BIKEWO GREEN TECH LIMITED,103.95,103.95,97.80,97.80,97.80,102.90,,97.80,,,74000,7287400.00,29,F1,2000,,,,,
2026-09-04,2026-09-04,CM,NSE,STK,13622,INE071A01013,BILVYAPAR,BE,,,,,BIL VYAPAR LIMITED,3.98,4.09,3.91,4.04,4.05,3.98,,4.04,,,6223,25258.51,29,F1,1,,,,,
2026-09-04,2026-09-04,CM,NSE,STK,762586,INE986A01012,BI,BE,,,,,BILCARE LTD.,93.57,95.85,91.52,95.85,95.85,91.29,,95.85,,,89587,8517750.05,233,F1,1,,,,,
2026-09-04,2026-09-04,CM,NSE,STK,759806,INE0HOQ01053,GROWW,EQ,,,,,BILLIONBRAINS GARAGE VN L,193.00,195.68,191.85,194.00,194.50,190.24,,194.00,,,44702306,8674312538.27,208015,F1,1,,,,,
2026-09-04,2026-09-04,CM,NSE,STK,762588,INE469A01019,BIMETAL,EQ,,,,,BIMETAL BEARINGS LTD.,633.50,635.50,633.50,635.00,635.00,630.45,,635.00,,,107,67953.00,8,F1,1,,,,,
2026-09-04,2026-09-04,CM,NSE,STK,763598,INE1BKA01015,BMLL,SM,,,,,BIO MEDICA LABORATORIES L,165.00,181.00,165.00,177.00,180.00,162.30,,177.00,,,67000,11441400.00,56,F1,1000,,,,,
2026-09-04,2026-09-04,CM,NSE,STK,11373,INE376G01013,BIOCON,EQ,,,,,BIOCON LIMITED.,404.00,404.90,396.20,397.40,397.40,402.00,,397.39,,,3108555,1246689437.30,26399,F1,1,,,,,
2026-09-04,2026-09-04,CM,NSE,STK,4136,INE829A01014,BIOFILCHEM,EQ,,,,,BIOFIL CHEM & PHARMA LTD,32.80,32.80,31.31,32.00,31.85,31.97,,32.00,,,5543,177784.20,151,F1,1,,,,,
2026-09-04,2026-09-04,CM,NSE,STK,760942,INE0XW001014,BIOPOL,SM,,,,,BIOPOL CHEMICALS LIMITED,45.70,45.75,45.70,45.75,45.75,43.60,,45.75,,,10800,494040.00,4,F1,1200,,,,,
2026-09-04,2026-09-04,CM,NSE,STK,6815,INE800A01015,BIRLACABLE,BE,,,,,BIRLA CABLE LIMITED,376.55,376.55,375.55,376.55,376.55,358.65,,376.54,,,174752,65801386.90,1035,F1,1,,,,,
2026-09-04,2026-09-04,CM,NSE,STK,480,INE340A01012,BIRLACORPN,EQ,,,,,BIRLA CORPORATION LTD,880.00,895.00,874.30,887.35,892.00,880.90,,887.40,,,48723,43168944.65,4366,F1,1,,,,,
2026-09-04,2026-09-04,CM,NSE,STK,762593,INE372E01025,BIRLAPREC,EQ,,,,,BIRLA PRECISION TECH L,53.25,59.79,52.73,57.92,57.40,51.67,,57.92,,,2574084,147065385.94,15177,F1,1,,,,,
2026-09-04,2026-09-04,CM,NSE,STK,1455,INE557A01011,BIRLANU,EQ,,,,,BIRLANU LIMITED,1440.00,1451.00,1421.90,1448.00,1451.00,1423.50,,1448.00,,,5921,8498138.10,437,F1,1,,,,,
2026-09-04,2026-09-04,CM,NSE,STK,24404,INF209KC1134,ABGSEC,EQ,,,,,BIRLASLAMC - ABGSEC,114.94,114.94,113.54,113.58,113.58,114.33,,113.58,,,104,11891.20,22,F1,1,,,,,
2026-09-04,2026-09-04,CM,NSE,STK,760247,INF209KC1670,ABSL10BANK,EQ,,,,,BIRLASLAMC - ABSL10BANK,168.16,170.50,165.14,168.65,165.14,168.15,,168.63,,,156,26329.98,21,F1,1,,,,,
2026-09-04,2026-09-04,CM,NSE,STK,13987,INF209KB17D5,ABSLBANETF,EQ,,,,,BIRLASLAMC - ABSLBANETF,59.05,59.26,58.85,59.06,58.85,59.05,,59.06,,,61627,3638326.45,306,F1,1,,,,,
2026-09-04,2026-09-04,CM,NSE,STK,14518,INF209KB18T9,ABSLLIQUID,EQ,,,,,BIRLASLAMC - ABSLLIQUID,1000.00,1000.01,999.99,1000.00,1000.00,999.99,,1000.00,,,1302,1302003.74,18,F1,1,,,,,
2026-09-04,2026-09-04,CM,NSE,STK,761066,INF209KC1662,ABSLMSCIN,EQ,,,,,BIRLASLAMC - ABSLMSCIN,29.79,29.85,29.31,29.44,29.44,29.50,,29.44,,,1070,31525.25,28,F1,1,,,,,
2026-09-04,2026-09-04,CM,NSE,STK,7339,INF209KB16D7,ABSLNN50ET,EQ,,,,,BIRLASLAMC - ABSLNN50ET,77.99,77.99,76.90,77.08,77.08,77.01,,77.08,,,6022,464538.55,182,F1,1,,,,,
2026-09-04,2026-09-04,CM,NSE,STK,5957,INF209KB10E8,BSLSENETFG,EQ,,,,,BIRLASLAMC - BSLSENETFG,78.67,78.67,77.12,77.52,77.52,77.15,,77.52,,,2392,185300.74,72,F1,1,,,,,
2026-09-04,2026-09-04,CM,NSE,STK,6297,INF209KB10C2,HEALTHY,EQ,,,,,BIRLASLAMC - HEALTHY,17.00,17.21,16.81,16.84,16.99,17.06,,16.84,,,723183,12219886.76,1399,F1,1,,,,,
2026-09-04,2026-09-04,CM,NSE,STK,10693,INF209KB14K7,MOMENTUM,EQ,,,,,BIRLASLAMC - MOMENTUM,31.25,31.56,31.00,31.06,31.00,31.37,,31.06,,,128103,3992672.86,298,F1,1,,,,,
2026-09-04,2026-09-04,CM,NSE,STK,10690,INF209KB15K4,NIFTYQLITY,EQ,,,,,BIRLASLAMC - NIFTYQLITY,21.29,21.43,21.24,21.32,21.33,21.36,,21.32,,,16867,359496.32,177,F1,1,,,,,
2026-09-04,2026-09-04,CM,NSE,STK,8003,INF209KB19F6,SILVER,EQ,,,,,BIRLASLAMC - SILVER,230.51,233.49,230.51,232.64,232.30,229.64,,232.64,,,770617,179208505.07,6547,F1,1,,,,,
2026-09-04,2026-09-04,CM,NSE,STK,6462,INF209KB11D8,TECH,EQ,,,,,BIRLASLAMC - TECH,33.99,34.62,33.33,33.81,33.75,33.82,,33.83,,,18515,626937.56,177,F1,1,,,,,
2026-09-04,2026-09-04,CM,NSE,STK,23806,INF209KB19Z4,ABSLPSE,EQ,,,,,BIRLASLAMC-ABSLPSE,10.17,10.20,10.11,10.18,10.20,10.11,,10.18,,,110576,1124325.08,342,F1,1,,,,,
2026-09-04,2026-09-04,CM,NSE,STK,6994,INE836A01035,BSOFT,EQ,,,,,BIRLASOFT LIMITED,295.00,299.55,288.45,289.35,288.60,293.25,,289.35,,,1083783,316444757.25,30305,F1,1,,,,,
2026-09-04,2026-09-04,CM,NSE,STK,3435,INE676A01027,BBOX,EQ,,,,,BLACK BOX LIMITED,722.00,731.20,710.00,712.25,714.00,720.90,,712.24,,,198315,142108721.00,12698,F1,1,,,,,
2026-09-04,2026-09-04,CM,NSE,STK,762601,INE761G01016,BLACKROSE,BE,,,,,BLACK ROSE INDS. LTD.,113.00,115.00,111.15,113.02,112.91,112.43,,112.60,,,16624,1876913.60,191,F1,1,,,,,
2026-09-04,2026-09-04,CM,NSE,STK,27144,INE0UIZ01018,BLACKBUCK,EQ,,,,,BLACKBUCK LIMITED,582.00,588.95,580.00,586.10,585.00,582.40,,586.10,,,157466,92049219.70,18533,F1,1,,,,,
2026-09-04,2026-09-04,CM,NSE,STK,8132,INE791A01024,BLBLIMITED,EQ,,,,,BLB LIMITED,17.00,17.10,16.42,16.68,16.95,16.96,,16.69,,,117198,1961986.02,443,F1,1,,,,,
2026-09-04,2026-09-04,CM,NSE,STK,19269,INE416D01022,BLISSGVS,BE,,,,,BLISS GVS PHARMA LTD,630.00,671.30,607.40,671.00,671.30,639.35,,670.99,,,347698,230043407.45,3162,F1,1,,,,,
2026-09-04,2026-09-04,CM,NSE,STK,22566,INE0NLT01010,BLSE,EQ,,,,,BLS E-SERVICES LIMITED,324.05,326.95,317.35,320.05,319.10,323.65,,320.07,,,143302,46121607.30,3292,F1,1,,,,,
2026-09-04,2026-09-04,CM,NSE,STK,17279,INE153T01027,BLS,EQ,,,,,BLS INTL SERVS LTD,240.15,241.25,237.00,238.79,241.00,240.15,,238.77,,,646943,154253178.63,10399,F1,1,,,,,
2026-09-04,2026-09-04,CM,NSE,STK,765040,INE373T01047,BLUECLOUDS,EQ,,,,,BLUE CLOUD SOFTECH SOLU L,19.85,20.15,19.80,19.88,19.90,19.90,,19.88,,,1013239,20176120.88,2267,F1,1,,,,,
2026-09-04,2026-09-04,CM,NSE,STK,8552,INE472B01011,BLUECOAST,BE,,,,,BLUE COAST HOTELS LIMITED,22.58,24.20,22.01,23.49,23.49,23.16,,22.08,,,892,20401.83,24,F1,1,,,,,
2026-09-04,2026-09-04,CM,NSE,STK,495,INE233B01017,BLUEDART,EQ,,,,,BLUE DART EXPRESS LTD,5034.00,5048.90,4968.10,4991.70,5000.00,5028.80,,4991.54,,,5838,29187141.70,1318,F1,1,,,,,
2026-09-04,2026-09-04,CM,NSE,STK,19686,INE0KBH01020,BLUEJET,EQ,,,,,BLUE JET HEALTHCARE LTD,582.05,584.00,565.50,569.80,571.15,579.00,,569.77,,,442380,253500585.00,11811,F1,1,,,,,
2026-09-04,2026-09-04,CM,NSE,STK,23410,INE0SAK01011,BLUEPEBBLE,SM,,,,,BLUE PEBBLE LIMITED,73.95,84.00,73.95,84.00,84.00,70.00,,84.00,,,18000,1479260.00,45,F1,400,,,,,
2026-09-04,2026-09-04,CM,NSE,STK,8311,INE472A01039,BLUESTARCO,EQ,,,,,BLUE STAR LIMITED,1485.70,1514.70,1475.00,1484.00,1484.00,1485.70,,1483.94,,,419549,625702948.90,29196,F1,1,,,,,
2026-09-04,2026-09-04,CM,NSE,STK,758185,INE0X3M01010,BLUEWATER,ST,,,,,BLUE WATER LOGISTICS LTD,475.00,490.00,473.20,486.75,490.00,497.95,,486.75,,,16000,7686050.00,16,F1,1000,,,,,
2026-09-04,2026-09-04,CM,NSE,STK,759291,INE304W01038,BLUESTONE,EQ,,,,,BLUESTONE JEWEL LFSTL LTD,802.00,848.00,800.05,842.75,845.00,804.90,,842.74,,,1065449,889184612.20,38110,F1,1,,,,,
2026-09-04,2026-09-04,CM,NSE,STK,757520,INE0U4101014,BLUSPRING,EQ,,,,,BLUSPRING ENTERPRISES LTD,135.40,139.80,132.00,138.96,137.20,134.25,,138.98,,,605059,83054803.33,8224,F1,1,,,,,
2026-09-04,2026-09-04,CM,NSE,STK,759256,INE965W01036,BMWVENTLTD,EQ,,,,,BMW VENTURES LIMITED,56.22,56.22,55.10,55.36,55.21,55.13,,55.33,,,40922,2263897.46,1029,F1,1,,,,,
2026-09-04,2026-09-04,CM,NSE,STK,762608,INE00HZ01011,BNAGROCHEM,EQ,,,,,BN AGROCHEM LTD.,226.28,227.69,215.40,216.73,215.50,226.73,,216.16,,,1260,283171.03,107,F1,1,,,,,
2026-09-04,2026-09-04,CM,NSE,STK,25017,INE338D01028,BODALCHEM,EQ,,,,,BODAL CHEMICALS LTD,147.26,159.99,146.36,155.62,155.49,150.76,,155.61,,,5050468,785378513.84,40463,F1,1,,,,,
2026-09-04,2026-09-04,CM,NSE,STK,14150,INE0EEJ01023,BTML,EQ,,,,,BODHI TREE MULTIMEDIA LTD,8.42,8.70,8.20,8.51,8.30,8.49,,8.51,,,305536,2584157.40,301,F1,1,,,,,
2026-09-04,2026-09-04,CM,NSE,STK,11640,INE802W01023,BOHRAIND,EQ,,,,,BOHRA INDUSTRIES LIMITED,12.25,12.93,12.25,12.70,12.36,12.35,,12.70,,,3714,47130.71,39,F1,1,,,,,
2026-09-04,2026-09-04,CM,NSE,STK,380,INE050A01025,BBTC,EQ,,,,,BOMBAY BURMAH TRADING COR,1513.90,1513.90,1495.10,1496.80,1495.10,1501.60,,1496.80,,,43404,65156570.90,3393,F1,1,,,,,
2026-09-04,2026-09-04,CM,NSE,STK,513,INE032A01023,BOMDYEING,EQ,,,,,BOMBAY DYEING & MFG. CO L,113.19,115.25,113.05,113.47,113.68,113.19,,113.47,,,381464,43408634.86,3612,F1,1,,,,,
2026-09-04,2026-09-04,CM,NSE,STK,6052,INE0I3Y01014,BMETRICS,SM,,,,,BOMBAY METRICS S C LTD,39.85,40.00,35.05,35.15,35.15,34.70,,35.15,,,8800,328240.00,8,F1,800,,,,,
2026-09-04,2026-09-04,CM,NSE,STK,809,INE032Z01020,BSHSL,EQ,,,,,BOMBAY SUPER HYBRID SEEDS,89.46,94.20,88.50,91.48,90.81,89.46,,91.48,,,15418,1407871.24,247,F1,1,,,,,
2026-09-04,2026-09-04,CM,NSE,STK,31128,INE053F07538,810IRFC27,N2,,,,,BOND 8.10% PA TAX FREE S2,1082.00,1082.00,1082.00,1082.00,1082.00,1083.00,,1082.38,,,100,108200.00,2,F1,1,,,,,
2026-09-04,2026-09-04,CM,NSE,STK,31040,INE906B07CB9,830NHAI27,N2,,,,,BOND 8.30% PA TAX FREE S2,1086.07,1088.00,1086.06,1086.40,1086.06,1086.06,,1086.40,,,713,775163.18,18,F1,1,,,,,
2026-09-04,2026-09-04,CM,NSE,STK,591,INE053F07660,840IRFC29,N8,,,,,BOND 8.40% PA TF TI-SIIA,1307.80,1307.80,1307.80,1307.80,1307.80,1097.10,,1307.80,,,5,6539.00,1,F1,1,,,,,
2026-09-04,2026-09-04,CM,NSE,STK,603,INE053F07686,865IRFC29,NA,,,,,BOND 8.65% PA TF TI-SIIB,1108.00,1108.00,1107.00,1107.00,1107.00,1108.00,,1104.01,,,20,22150.00,2,F1,1,,,,,
2026-09-04,2026-09-04,CM,NSE,STK,30990,INE020B07HS2,871REC28,N9,,,,,BOND 8.71% TAX FREE S2B,1120.50,1121.50,1120.50,1121.42,1120.70,1122.06,,1121.42,,,223,249973.70,5,F1,1,,,,,
2026-09-04,2026-09-04,CM,NSE,STK,31970,INE557F07132,901NHB34,N6,,,,,BOND 9.01%PA TF TR-I S 3B,6380.00,6380.00,6365.00,6378.63,6365.00,6384.00,,6378.63,,,21,133965.00,3,F1,1,,,,,
2026-09-04,2026-09-04,CM,NSE,STK,761056,INE0B9A01018,BONLON,EQ,,,,,BONLON INDUSTRIES LIMITED,40.74,41.87,40.05,40.13,40.06,40.66,,40.14,,,3268,132078.08,99,F1,1,,,,,
2026-09-04,2026-09-04,CM,NSE,STK,757919,INE16SF01016,BORANA,EQ,,,,,BORANA WEAVES LIMITED,303.65,309.40,303.65,307.60,307.80,300.35,,307.53,,,11240,3446664.55,295,F1,1,,,,,
2026-09-04,2026-09-04,CM,NSE,STK,19401,INE02PY01013,BOROLTD,EQ,,,,,BOROSIL LIMITED,249.00,260.00,247.79,258.96,258.71,248.63,,258.89,,,265545,68025456.75,5949,F1,1,,,,,
2026-09-04,2026-09-04,CM,NSE,STK,3149,INE666D01022,BORORENEW,EQ,,,,,BOROSIL RENEWABLES LTD,495.00,505.50,491.60,499.15,499.10,497.50,,499.15,,,271428,135892472.80,17675,F1,1,,,,,
2026-09-04,2026-09-04,CM,NSE,STK,24014,INE02L001032,BOROSCI,EQ,,,,,BOROSIL SCIENTIFIC LTD,136.41,136.80,131.00,132.16,131.00,134.93,,132.16,,,46065,6134322.60,876,F1,1,,,,,
2026-09-04,2026-09-04,CM,NSE,STK,4491,INE782A01015,BOSCH-HCIL,EQ,,,,,BOSCH HOME COMFRT IND LTD,1777.70,1843.00,1756.20,1818.80,1833.00,1777.70,,1819.05,,,64153,115223517.30,6377,F1,1,,,,,
2026-09-04,2026-09-04,CM,NSE,STK,2181,INE323A01026,BOSCHLTD,EQ,,,,,BOSCH LIMITED,47195.00,47200.00,46660.00,46820.00,46820.00,47000.00,,46819.67,,,16913,792331010.00,8679,F1,1,,,,,
2026-09-04,2026-09-04,CM,NSE,STK,25119,INE0QNI01012,BOSS,SM,,,,,BOSS PACKAGING SOLU LTD,54.25,55.90,54.20,55.70,55.70,56.60,,55.70,,,10000,551100.00,5,F1,2000,,,,,
2026-09-04,2026-09-04,CM,NSE,STK,530,INE110A01019,BPL,EQ,,,,,BPL LTD,49.21,50.18,49.00,49.38,49.30,49.31,,49.38,,,56301,2790503.90,962,F1,1,,,,,
2026-09-04,2026-09-04,CM,NSE,STK,764628,INE320I01017,BRAHMINFRA,EQ,,,,,BRAHMAPUTRA INFRA L,160.00,167.89,160.00,163.82,164.00,162.17,,164.08,,,26893,4408908.49,669,F1,1,,,,,
2026-09-04,2026-09-04,CM,NSE,STK,24814,INE02RE01045,FIRSTCRY,EQ,,,,,BRAINBEES SOLUTIONS LTD,179.00,183.00,176.25,180.16,180.07,178.67,,180.15,,,1541167,276623996.81,19085,F1,1,,,,,
2026-09-04,2026-09-04,CM,NSE,STK,7780,INE977Y01011,BCONCEPTS,EQ,,,,,BRAND CONCEPTS LIMITED,166.00,176.43,165.00,167.33,170.55,165.43,,167.33,,,11790,2006386.40,613,F1,1,,,,,
2026-09-04,2026-09-04,CM,NSE,STK,760972,INE0XUD01014,BRANDMAN,SM,,,,,BRANDMAN RETAIL LIMITED,174.50,176.50,171.00,171.30,171.10,172.55,,171.30,,,12800,2215040.00,15,F1,800,,,,,
2026-09-04,2026-09-04,CM,NSE,STK,15184,INE791I01019,BRIGADE,EQ,,,,,BRIGADE ENTER. LTD,714.00,735.00,685.80,696.10,693.00,712.30,,696.10,,,1980508,1402448960.65,67648,F1,1,,,,,
2026-09-04,2026-09-04,CM,NSE,STK,757794,INE03NU01014,BRIGHOTEL,EQ,,,,,BRIGADE HOTEL VENTURE LTD,58.95,59.89,58.90,59.19,59.07,58.95,,59.23,,,84277,5006645.32,2393,F1,1,,,,,
2026-09-04,2026-09-04,CM,NSE,STK,764633,INE630D01010,BRIGHTBR,EQ,,,,,BRIGHT BROTHERS LTD.,254.60,260.55,252.10,254.80,254.80,254.60,,254.49,,,20221,5238546.35,151,F1,1,,,,,
2026-09-04,2026-09-04,CM,NSE,STK,8833,INE425B01027,BCG,EQ,,,,,BRIGHTCOM GROUP LIMITED,9.03,9.06,8.91,8.98,9.02,9.00,,8.98,,,2648978,23820468.91,3310,F1,1,,,,,
2026-09-04,2026-09-04,CM,NSE,STK,547,INE216A01030,BRITANNIA,EQ,,,,,BRITANNIA INDUSTRIES LTD,5155.00,5160.50,5089.50,5101.50,5101.50,5130.00,,5101.51,,,269673,1382023857.50,24426,F1,1,,,,,
2026-09-04,2026-09-04,CM,NSE,STK,2203,INE0FDU25010,BIRET,RR,,,,,BROOKFIELD INDIA RET,344.00,344.00,339.50,341.79,341.99,342.37,,341.79,,,136167,46511470.16,7282,F1,1,,,,,
2026-09-04,2026-09-04,CM,NSE,STK,25140,INE650L01011,BROOKS,BE,,,,,BROOKS LAB LIMITED,65.95,66.68,64.00,66.07,66.00,64.15,,65.99,,,12920,843757.90,95,F1,1,,,,,
2026-09-04,2026-09-04,CM,NSE,STK,19585,INE118H01025,BSE,EQ,,,,,BSE LIMITED,3400.00,3474.00,3391.70,3409.80,3409.80,3306.10,,3409.80,,,7975058,27395759857.00,321829,F1,1,,,,,
2026-09-04,2026-09-04,CM,NSE,STK,559,INE594B01012,BSL,EQ,,,,,BSL LTD,124.00,124.99,122.75,123.58,123.85,123.22,,123.58,,,1949,241010.39,81,F1,1,,,,,
2026-09-04,2026-09-04,CM,NSE,STK,2716,INE295F01017,BUTTERFLY,EQ,,,,,BTRFLY GANDHI APPL LTD,615.15,628.90,611.05,624.85,623.00,613.60,,624.85,,,11660,7243780.40,737,F1,1,,,,,
2026-09-04,2026-09-04,CM,NSE,STK,24704,INE0SZ301012,BULKCORP,ST,,,,,BULKCORP INTERNATIONAL L,78.00,78.00,78.00,78.00,78.00,75.60,,78.00,,,1200,93600.00,1,F1,1200,,,,,
2026-09-04,2026-09-04,CM,NSE,STK,15194,INE817H01022,BURNPUR,EQ,,,,,BURNPUR CEMENT LIMITED,21.56,21.56,21.56,21.56,21.56,20.54,,21.56,,,55339,1193108.84,181,F1,1,,,,,
2026-09-04,2026-09-04,CM,NSE,STK,764643,INE084D01010,CGVAK,EQ,,,,,C G V A K SOFTWARE & EX L,155.00,155.00,148.00,148.21,148.20,148.01,,148.18,,,1852,275043.86,41,F1,1,,,,,
2026-09-04,2026-09-04,CM,NSE,STK,760854,INE0SMX01019,CKKRETAIL,SM,,,,,C K K RETAIL MART LIMITED,151.05,151.05,151.00,151.00,151.00,157.95,,151.00,,,1600,241640.00,2,F1,800,,,,,
2026-09-04,2026-09-04,CM,NSE,STK,18372,INE0QBU01012,CPS,SM,,,,,C P S SHAPERS LIMITED,1169.80,1169.80,1105.80,1130.00,1130.00,1164.00,,1130.00,,,3000,3411705.00,12,F1,150,,,,,
2026-09-04,2026-09-04,CM,NSE,STK,7227,INE0BV301023,MAPMYINDIA,EQ,,,,,C.E. INFO SYSTEMS LIMITED,975.00,982.90,967.60,972.20,972.40,968.60,,972.21,,,65490,63751719.90,6240,F1,1,,,,,
2026-09-04,2026-09-04,CM,NSE,STK,27274,INE0U7V01015,C2C,SM,,,,,C2C ADVANCED SYSTEMS LTD,225.05,226.50,220.00,221.80,223.45,223.85,,221.80,,,57150,12679920.00,256,F1,150,,,,,
2026-09-04,2026-09-04,CM,NSE,STK,764255,INE11XY01018,CMLL,EQ,,,,,CALIBER MINING AND LOG L,508.00,517.05,501.10,503.05,502.00,501.40,,503.06,,,314875,159964559.45,8230,F1,1,,,,,
2026-09-04,2026-09-04,CM,NSE,STK,8400,INE526B01014,CALSOFT,BE,,,,,CALIFORNIA SOFTWARE CO LT,43.00,43.00,40.98,40.98,40.98,43.13,,40.85,,,155604,6468149.79,609,F1,1,,,,,
2026-09-04,2026-09-04,CM,NSE,STK,14222,INE627H01017,CTE,BE,,,,,CAMBRIDGE TECH ENTER LTD,41.01,42.74,39.51,41.82,42.34,41.03,,41.85,,,11345,471697.42,76,F1,1,,,,,
2026-09-04,2026-09-04,CM,NSE,STK,6216,INE052I01032,CAMLINFINE,EQ,,,,,CAMLIN FINE SCIENCES LTD,102.90,105.37,102.10,103.13,103.01,102.28,,103.13,,,689443,71371382.43,6530,F1,1,,,,,
2026-09-04,2026-09-04,CM,NSE,STK,9362,INE278Y01022,CAMPUS,EQ,,,,,CAMPUS ACTIVEWEAR LIMITED,223.97,225.00,220.51,223.24,221.95,223.97,,223.23,,,364174,81120146.52,8786,F1,1,,,,,
2026-09-04,2026-09-04,CM,NSE,STK,583,INE477A01020,CANFINHOME,EQ,,,,,CAN FIN HOMES LTD,808.00,815.00,802.60,807.40,807.05,804.95,,807.37,,,222474,180019604.10,12191,F1,1,,,,,
2026-09-04,2026-09-04,CM,NSE,STK,10794,INE476A01022,CANBK,EQ,,,,,CANARA BANK,126.30,127.30,125.50,125.50,125.50,125.80,,125.50,,,12141084,1536504463.99,48968,F1,1,,,,,
2026-09-04,2026-09-04,CM,NSE,STK,759477,INE01TY01017,CANHLIFE,EQ,,,,,CANARA HSBC LIFE INS CO L,155.08,161.05,153.51,157.23,156.70,154.31,,157.21,,,1086892,172038535.64,21398,F1,1,,,,,
2026-09-04,2026-09-04,CM,NSE,STK,759311,INE218I01013,CRAMC,EQ,,,,,CANARA ROBECO AMC LIMITED,252.10,254.00,250.00,251.50,251.75,251.20,,251.50,,,177971,44889731.70,4315,F1,1,,,,,
2026-09-04,2026-09-04,CM,NSE,STK,19368,INE0QG301017,CANARYS,SM,,,,,CANARYS AUTOMATIONS LTD,25.80,26.55,24.85,26.10,26.25,25.80,,26.10,,,96000,2482800.00,21,F1,4000,,,,,
2026-09-04,2026-09-04,CM,NSE,STK,20160,INE068L01024,CANTABIL,EQ,,,,,CANTABIL RETAIL LTD,238.70,245.00,238.00,243.05,243.70,237.74,,243.00,,,94452,22814791.81,1486,F1,1,,,,,
2026-09-04,2026-09-04,CM,NSE,STK,21749,INE264T01014,CAPACITE,EQ,,,,,CAPACITE INFRAPROJECT LTD,209.95,217.90,208.22,216.22,216.50,208.88,,216.24,,,373452,79914783.99,5699,F1,1,,,,,
2026-09-04,2026-09-04,CM,NSE,STK,759867,INE0ILV01024,CAPILLARY,EQ,,,,,CAPILLARY TECHNO INDIA L,485.00,492.35,480.00,490.05,486.50,480.05,,489.95,,,109289,53268298.60,3384,F1,1,,,,,
2026-09-04,2026-09-04,CM,NSE,STK,756015,INE345H01024,CIFL,EQ,,,,,CAPITAL INDIA FINANCE LTD,20.59,21.10,19.80,19.98,20.36,20.17,,19.98,,,231565,4664461.66,364,F1,1,,,,,
2026-09-04,2026-09-04,CM,NSE,STK,29157,INE0Z8Z23013,CAPINVIT,IV,,,,,CAPITAL INFRA TRUST,76.44,76.88,76.20,76.64,76.79,76.19,,76.65,,,1210656,92500933.28,1335,F1,1,,,,,
2026-09-04,2026-09-04,CM,NSE,STK,22675,INE646H01017,CAPITALSFB,EQ,,,,,CAPITAL SMALL FIN BANK L,285.60,285.60,280.10,280.95,281.40,281.85,,280.76,,,6864,1941225.25,402,F1,1,,,,,
2026-09-04,2026-09-04,CM,NSE,STK,19451,INE707C01018,CAPTRUST,BE,,,,,CAPITAL TRUST LIMITED,20.00,20.70,19.44,20.04,20.16,19.76,,20.75,,,37318,748378.43,101,F1,1,,,,,
2026-09-04,2026-09-04,CM,NSE,STK,3906,INE475E01026,CAPLIPOINT,EQ,,,,,CAPLIN POINT LAB LTD.,2845.00,2845.00,2759.60,2810.80,2794.00,2845.00,,2810.75,,,208526,581526237.50,21861,F1,1,,,,,
2026-09-04,2026-09-04,CM,NSE,STK,20329,INE180C01042,CGCL,EQ,,,,,CAPRI GLOBAL CAPITAL LTD,274.00,284.80,271.50,279.90,281.90,271.70,,279.93,,,7594713,2098998472.35,54695,F1,1,,,,,
2026-09-04,2026-09-04,CM,NSE,STK,764203,INE536P01021,CPL,EQ,,,,,CAPTAIN POLYPLAST LIMITED,62.40,62.90,61.45,62.11,62.50,62.40,,62.15,,,138710,8595454.01,975,F1,1,,,,,
2026-09-04,2026-09-04,CM,NSE,STK,595,INE120A01034,CARBORUNIV,EQ,,,,,CARBORUNDUM UNIVERSAL LTD,1078.70,1140.90,1069.90,1130.60,1130.00,1078.00,,1130.62,,,338864,380595339.90,21605,F1,1,,,,,
2026-09-04,2026-09-04,CM,NSE,STK,29113,INE752H01013,CARERATING,EQ,,,,,CARE RATINGS LIMITED,1718.00,1762.90,1699.70,1738.20,1731.00,1708.40,,1738.22,,,354155,611432963.40,11044,F1,1,,,,,
2026-09-04,2026-09-04,CM,NSE,STK,758941,INE0P6P01016,CPEDU,EQ,,,,,CAREER POINT EDUTECH LTD,190.39,195.01,188.48,191.97,193.00,189.76,,191.97,,,5928,1142151.72,131,F1,1,,,,,
2026-09-04,2026-09-04,CM,NSE,STK,28879,INE0V7W01012,CARRARO,EQ,,,,,CARRARO INDIA LIMITED,531.90,538.95,527.25,533.65,534.90,533.95,,533.69,,,71136,37951939.30,4781,F1,1,,,,,
2026-09-04,2026-09-04,CM,NSE,STK,5407,INE290S01011,CARTRADE,EQ,,,,,CARTRADE TECH LIMITED,2997.00,3051.90,2945.30,3000.20,3002.00,2992.20,,3000.25,,,315551,946580569.80,42267,F1,1,,,,,
2026-09-04,2026-09-04,CM,NSE,STK,1879,INE482D01024,CARYSIL,EQ,,,,,CARYSIL LIMITED,1161.90,1180.00,1136.50,1140.80,1146.00,1157.00,,1140.78,,,72848,84433023.30,5628,F1,1,,,,,
2026-09-04,2026-09-04,CM,NSE,STK,758129,INE0WL201014,CUDML,SM,,,,,CASH UR DRIVE MARKETING L,105.00,106.00,102.00,105.20,105.20,104.00,,105.20,,,22000,2279300.00,17,F1,1000,,,,,
2026-09-04,2026-09-04,CM,NSE,STK,1250,INE172A01027,CASTROLIND,EQ,,,,,CASTROL INDIA LIMITED,186.21,190.95,186.03,190.27,190.31,186.42,,190.27,,,4231930,800519306.47,28190,F1,1,,,,,
2026-09-04,2026-09-04,CM,NSE,STK,11452,INE421D01022,CCL,EQ,,,,,CCL PRODUCTS (I) LTD,1107.30,1114.90,1079.70,1106.20,1105.50,1107.30,,1106.22,,,193825,212723945.10,18992,F1,1,,,,,
2026-09-04,2026-09-04,CM,NSE,STK,15254,INE482A01020,CEATLTD,EQ,,,,,CEAT LIMITED,3323.30,3344.00,3291.20,3333.20,3333.00,3315.30,,3333.07,,,73368,243703499.40,15232,F1,1,,,,,
2026-09-04,2026-09-04,CM,NSE,STK,757690,INE11J101017,CEDAAR,ST,,,,,CEDAAR TEXTILE LIMITED,13.20,13.60,13.10,13.60,13.60,13.70,,13.60,,,10000,131700.00,5,F1,1000,,,,,
2026-09-04,2026-09-04,CM,NSE,STK,24742,INE0AG901020,CEIGALL,EQ,,,,,CEIGALL INDIA LIMITED,359.85,359.85,351.00,355.80,355.00,347.55,,355.81,,,949597,336816348.75,18029,F1,1,,,,,
2026-09-04,2026-09-04,CM,NSE,STK,761037,INE016Q01014,CEINSYS,EQ,,,,,CEINSYS TECH LIMITED,682.00,702.00,672.00,677.85,680.80,678.65,,677.87,,,71954,49369137.80,4494,F1,1,,,,,
2026-09-04,2026-09-04,CM,NSE,STK,13162,INE185H01016,CELEBRITY,EQ,,,,,CELEBRITY FASHIONS LTD,6.83,6.83,6.60,6.80,6.82,6.74,,6.80,,,23532,158675.41,83,F1,1,,,,,
2026-09-04,2026-09-04,CM,NSE,STK,16950,INE0O0001013,CELLPOINT,SM,,,,,CELL POINT (INDIA) LTD,15.35,16.30,15.35,16.30,16.30,15.35,,16.30,,,2400,37980.00,2,F1,1200,,,,,
2026-09-04,2026-09-04,CM,NSE,STK,18806,INE0OMO01025,CELLECOR,SM,,,,,CELLECOR GADGETS LIMITED,32.15,33.00,31.40,32.85,32.35,32.50,,32.85,,,354000,11505600.00,63,F1,3000,,,,,
2026-09-04,2026-09-04,CM,NSE,STK,19795,INE0LMW01024,CELLO,EQ,,,,,CELLO WORLD LIMITED,344.90,345.55,339.80,342.00,342.55,343.45,,342.03,,,189002,64747052.90,7403,F1,1,,,,,
2026-09-04,2026-09-04,CM,NSE,STK,5622,INE686A01026,CEMPRO,EQ,,,,,CEMINDIA PROJECTS LIMITED,1299.00,1314.70,1270.10,1297.40,1299.00,1296.90,,1297.38,,,359470,464714476.80,19708,F1,1,,,,,
2026-09-04,2026-09-04,CM,NSE,STK,14894,INE483A01010,CENTRALBK,EQ,,,,,CENTRAL BANK OF INDIA,30.85,31.18,30.78,31.08,31.10,30.77,,31.08,,,5295221,164335328.96,11961,F1,1,,,,,
2026-09-04,2026-09-04,CM,NSE,STK,21174,INE736A01011,CDSL,EQ,,,,,CENTRAL DEPO SER (I) LTD,1400.00,1417.90,1391.60,1394.60,1394.60,1394.00,,1394.60,,,1117172,1568607134.10,38445,F1,1,,,,,
2026-09-04,2026-09-04,CM,NSE,STK,761581,INE05HV01027,CMPDI,EQ,,,,,CENTRAL MINE P N D INST L,239.39,244.55,236.67,243.92,243.60,239.66,,243.93,,,2694037,651945967.52,29485,F1,1,,,,,
2026-09-04,2026-09-04,CM,NSE,STK,2454,INE660C01027,CENTRUM,EQ,,,,,CENTRUM CAPITAL LIMITED,22.37,22.75,22.00,22.55,22.75,22.45,,22.54,,,180060,4024032.66,521,F1,1,,,,,
2026-09-04,2026-09-04,CM,NSE,STK,14982,INE320B01020,CENTUM,EQ,,,,,CENTUM ELECTRONICS LTD,3746.30,3800.00,3723.00,3767.30,3760.00,3776.10,,3767.35,,,29156,109470226.30,6016,F1,1,,,,,
2026-09-04,2026-09-04,CM,NSE,STK,619,INE485A01015,CENTENKA,EQ,,,,,CENTURY ENKA LTD,620.00,620.00,607.05,608.90,610.00,616.65,,608.87,,,126471,77159305.10,5991,F1,1,,,,,
2026-09-04,2026-09-04,CM,NSE,STK,11511,INE281A01026,CENTEXT,EQ,,,,,CENTURY EXTRUSIONS LTD,21.29,22.20,19.75,20.19,20.50,21.24,,20.18,,,957330,19723997.33,3040,F1,1,,,,,
2026-09-04,2026-09-04,CM,NSE,STK,13305,INE348B01021,CENTURYPLY,EQ,,,,,CENTURY PLYBOARDS (I) LTD,749.90,755.35,745.15,748.45,750.25,749.20,,748.43,,,17510,13104301.20,3279,F1,1,,,,,
2026-09-04,2026-09-04,CM,NSE,STK,15039,INE739E01017,CERA,EQ,,,,,CERA SANITARYWARE LTD,5800.00,5889.50,5737.50,5787.50,5790.00,5683.50,,5786.01,,,19476,113006082.50,6266,F1,1,,,,,
2026-09-04,2026-09-04,CM,NSE,STK,29016,INE345B01019,CEREBRAINT,BZ,,,,,CEREBRA INT TECH LTD,2.60,2.72,2.55,2.69,2.70,2.60,,2.69,,,60459,160051.86,123,F1,1,,,,,
2026-09-04,2026-09-04,CM,NSE,STK,628,INE486A01021,CESC,EQ,,,,,CESC LTD,148.29,149.14,145.91,146.50,146.00,147.96,,146.50,,,1448303,213138918.29,11780,F1,1,,,,,
2026-09-04,2026-09-04,CM,NSE,STK,760,INE067A01029,CGPOWER,EQ,,,,,CG POWER AND IND SOL LTD,895.00,899.80,888.05,891.00,891.00,895.00,,891.03,,,2159759,1932433142.00,39300,F1,1,,,,,
2026-09-04,2026-09-04,CM,NSE,STK,8546,INE427F01016,CHALET,EQ,,,,,CHALET HOTELS LIMITED,890.00,904.00,888.05,896.75,900.00,890.75,,896.75,,,87842,78884369.90,8774,F1,1,,,,,
2026-09-04,2026-09-04,CM,NSE,STK,3482,INE419D01026,CLSEL,EQ,,,,,CHAMAN LAL SETIA EXP LTD,302.90,306.70,298.05,301.90,302.00,304.80,,301.90,,,68370,20600620.55,2038,F1,1,,,,,
2026-09-04,2026-09-04,CM,NSE,STK,13731,INE06PV01010,CMNL,SM,,,,,CHAMAN METALLICS LIMITED,125.00,127.00,114.20,115.75,114.20,121.95,,115.75,,,25500,3088875.00,30,F1,750,,,,,
2026-09-04,2026-09-04,CM,NSE,STK,637,INE085A01013,CHAMBLFERT,EQ,,,,,CHAMBAL FERTILIZERS LTD,419.90,422.95,418.05,419.05,419.50,418.30,,419.05,,,329143,138339506.70,15583,F1,1,,,,,
2026-09-04,2026-09-04,CM,NSE,STK,29541,INE11HG01018,CHAMUNDA,SM,,,,,CHAMUNDA ELECTRICAL LTD,44.95,44.95,42.95,43.35,43.35,43.25,,43.35,,,21000,914700.00,7,F1,3000,,,,,
2026-09-04,2026-09-04,CM,NSE,STK,29633,INE0B2N01016,CHANDAN,SM,,,,,CHANDAN HEALTHCARE LTD,208.10,214.95,204.00,211.50,212.50,208.95,,211.50,,,27200,5690200.00,32,F1,800,,,,,
2026-09-04,2026-09-04,CM,NSE,STK,18654,INE0PT101017,CHAVDA,SM,,,,,CHAVDA INFRA LIMITED,127.10,127.10,124.00,124.50,124.50,127.10,,124.50,,,7000,876300.00,7,F1,1000,,,,,
2026-09-04,2026-09-04,CM,NSE,STK,757991,INE0TGX01019,CHEMBONDCH,BE,,,,,CHEMBOND CHEMICAL LIMITED,261.60,267.45,252.00,254.45,252.00,259.00,,254.47,,,5353,1373339.95,132,F1,1,,,,,
2026-09-04,2026-09-04,CM,NSE,STK,14618,INE995D01025,CHEMBOND,EQ,,,,,CHEMBOND MATERIALTECH LTD,178.96,178.96,169.01,170.90,172.00,173.02,,170.79,,,6660,1145702.24,219,F1,1,,,,,
2026-09-04,2026-09-04,CM,NSE,STK,276,INE03YM01018,CHEMCON,BE,,,,,CHEMCON SPECIAL CHEM LTD,201.95,202.40,197.55,198.38,199.50,201.29,,198.39,,,14633,2915702.51,252,F1,1,,,,,
2026-09-04,2026-09-04,CM,NSE,STK,765045,INE298W01016,CHEMCRUX,EQ,,,,,CHEMCRUX ENTERPRISES LTD.,82.00,83.20,80.05,82.16,82.28,82.48,,82.16,,,5344,433971.00,181,F1,1,,,,,
2026-09-04,2026-09-04,CM,NSE,STK,2799,INE783X01023,CHEMFAB,EQ,,,,,CHEMFAB ALKALIS LIMITED,364.45,364.45,356.05,360.10,360.05,358.00,,360.10,,,4597,1650776.65,53,F1,1,,,,,
2026-09-04,2026-09-04,CM,NSE,STK,5449,INE488A01050,CHEMPLASTS,EQ,,,,,CHEMPLAST SANMAR LIMITED,168.00,173.58,168.00,170.29,171.00,167.03,,170.29,,,198762,33811368.40,5114,F1,1,,,,,
2026-09-04,2026-09-04,CM,NSE,STK,2049,INE178A01016,CHENNPETRO,EQ,,,,,CHENNAI PETROLEUM CORP LT,1445.10,1463.90,1425.50,1452.20,1450.00,1440.00,,1452.16,,,934269,1352931844.30,33069,F1,1,,,,,
2026-09-04,2026-09-04,CM,NSE,STK,24625,INE0U1T01012,CHETANA,SM,,,,,CHETANA EDUCATION LIMITED,43.00,43.80,43.00,43.65,43.80,43.00,,43.65,,,6400,278480.00,4,F1,1600,,,,,
2026-09-04,2026-09-04,CM,NSE,STK,9879,INE974B01016,CHEVIOT,EQ,,,,,CHEVIOT COMPANY LIMITED,1143.00,1166.00,1141.00,1159.40,1154.80,1143.10,,1159.39,,,1428,1648064.30,118,F1,1,,,,,
2026-09-04,2026-09-04,CM,NSE,STK,8866,INE102B01014,CHOICEIN,EQ,,,,,CHOICE INTERNATIONAL LTD,768.90,781.20,756.50,760.95,761.00,768.45,,760.95,,,567061,436060020.30,14203,F1,1,,,,,
2026-09-04,2026-09-04,CM,NSE,STK,759610,INF2KCX01012,CHOICEGOLD,EQ,,,,,CHOICEAMC - CHOICEGOLD,154.50,154.50,151.35,152.65,152.92,151.13,,152.66,,,9699,1477156.71,151,F1,1,,,,,
2026-09-04,2026-09-04,CM,NSE,STK,21740,INE149A01033,CHOLAHLDNG,EQ,,,,,CHOLAMANDALAM FIN HOL LTD,1516.00,1532.70,1498.30,1525.70,1525.00,1502.80,,1525.69,,,77666,117920772.90,7808,F1,1,,,,,
2026-09-04,2026-09-04,CM,NSE,STK,685,INE121A01024,CHOLAFIN,EQ,,,,,CHOLAMANDALAM IN & FIN CO,1841.00,1859.90,1828.00,1839.00,1839.00,1849.30,,1839.00,,,677118,1246886816.90,36495,F1,1,,,,,
2026-09-04,2026-09-04,CM,NSE,STK,14937,INE536H01010,CIEINDIA,EQ,,,,,CIE AUTOMOTIVE INDIA LTD,387.00,387.00,382.25,385.35,384.75,383.95,,385.35,,,185100,71115590.65,10934,F1,1,,,,,
2026-09-04,2026-09-04,CM,NSE,STK,27161,INE704H01022,CINELINE,EQ,,,,,CINELINE INDIA LIMITED,91.40,99.40,90.10,95.23,95.75,89.83,,95.23,,,308404,29256601.78,2264,F1,1,,,,,
2026-09-04,2026-09-04,CM,NSE,STK,8024,INE039B01026,CINEVISTA,EQ,,,,,CINEVISTA LIMITED,14.49,14.98,14.20,14.24,14.50,14.19,,14.42,,,2982,43047.91,57,F1,1,,,,,
2026-09-04,2026-09-04,CM,NSE,STK,694,INE059A01026,CIPLA,EQ,,,,,CIPLA LTD,1397.70,1399.10,1375.50,1385.00,1385.00,1394.70,,1385.00,,,1326180,1835806472.20,46344,F1,1,,,,,
2026-09-04,2026-09-04,CM,NSE,STK,763149,INE2Q7823014,CITIUSINVT,IV,,,,,CITIUS TRANSNET INV TRUST,115.99,116.39,115.00,116.37,116.39,115.03,,116.37,,,115340,13409027.65,144,F1,1,,,,,
2026-09-04,2026-09-04,CM,NSE,STK,5701,INE491A01021,CUB,EQ,,,,,CITY UNION BANK LTD,234.00,242.90,233.69,236.01,235.24,234.36,,236.02,,,2621193,628595752.93,44237,F1,1,,,,,
2026-09-04,2026-09-04,CM,NSE,STK,20233,INE201M01029,CLEDUCATE,BE,,,,,CL EDUCATE LIMITED,58.99,59.75,56.65,58.08,56.65,59.53,,58.08,,,12818,754584.95,81,F1,1,,,,,
2026-09-04,2026-09-04,CM,NSE,STK,758736,INE0UQ601012,CLASSICEIL,SM,,,,,CLASSIC ELECTRODE (IND) L,54.80,54.95,54.80,54.95,54.95,52.35,,54.95,,,25600,1406240.00,11,F1,1600,,,,,
2026-09-04,2026-09-04,CM,NSE,STK,754695,INE1QGM01024,CLAYCRAFT,SM,,,,,CLAY CRAFT INDIA LIMITED,160.00,162.00,158.00,159.40,158.80,159.85,,159.40,,,23400,3729810.00,36,F1,600,,,,,
2026-09-04,2026-09-04,CM,NSE,STK,760183,INE647U01026,CLEANMAX,EQ,,,,,CLEAN MAX ENVIRO EN SOL L,1306.00,1357.90,1289.70,1347.90,1344.00,1298.70,,1347.88,,,256257,343150661.40,20896,F1,1,,,,,
2026-09-04,2026-09-04,CM,NSE,STK,5049,INE227W01023,CLEAN,EQ,,,,,CLEAN SCIENCE & TECH LTD,853.50,855.95,834.00,836.15,835.00,852.95,,836.17,,,297191,250280688.00,19595,F1,1,,,,,
2026-09-04,2026-09-04,CM,NSE,STK,760143,INE1EF801010,CSSL,SM,,,,,CLEAR SECURED SERVICES L,90.50,93.00,89.75,91.65,93.00,90.15,,91.65,,,26000,2347700.00,14,F1,1000,,,,,
2026-09-04,2026-09-04,CM,NSE,STK,30893,INE00WV01027,CMRGREEN,EQ,,,,,CMR GREEN TECHNOLOGIES L,231.55,231.55,225.81,228.34,228.50,230.74,,228.31,,,270377,61628732.85,5496,F1,1,,,,,
2026-09-04,2026-09-04,CM,NSE,STK,7603,INE925R01014,CMSINFO,EQ,,,,,CMS INFO SYSTEMS LIMITED,245.45,246.94,241.00,243.46,243.70,244.86,,243.47,,,528852,128495261.16,16069,F1,1,,,,,
2026-09-04,2026-09-04,CM,NSE,STK,20374,INE522F01014,COALINDIA,EQ,,,,,COAL INDIA LTD,418.00,418.00,412.55,415.35,415.35,420.05,,415.35,,,6126850,2538755745.65,69442,F1,1,,,,,
2026-09-04,2026-09-04,CM,NSE,STK,6006,INE377E01024,COASTCORP,EQ,,,,,COASTAL CORPORATION LTD,42.32,43.09,41.54,41.88,42.00,41.93,,41.86,,,69707,2942176.77,673,F1,1,,,,,
2026-09-04,2026-09-04,CM,NSE,STK,21508,INE704P01025,COCHINSHIP,EQ,,,,,COCHIN SHIPYARD LIMITED,1488.90,1522.90,1486.00,1499.10,1499.10,1486.70,,1499.19,,,630573,951865055.60,22367,F1,1,,,,,
2026-09-04,2026-09-04,CM,NSE,STK,11169,INE335K01011,COFFEEDAY,BE,,,,,COFFEE DAY ENTERPRISE LTD,32.20,32.86,31.92,32.86,32.86,31.30,,32.84,,,1123239,36822270.17,1393,F1,1,,,,,
2026-09-04,2026-09-04,CM,NSE,STK,11543,INE591G01025,COFORGE,EQ,,,,,COFORGE LIMITED,1982.00,1992.90,1962.40,1972.80,1972.80,1971.80,,1972.76,,,1108102,2189360687.50,44156,F1,1,,,,,
2026-09-04,2026-09-04,CM,NSE,STK,17945,INE03QK01018,COHANCE,EQ,,,,,COHANCE LIFESCIENCES LTD,463.30,470.00,453.60,456.60,456.00,460.85,,456.60,,,572792,264348542.20,26506,F1,1,,,,,
2026-09-04,2026-09-04,CM,NSE,STK,15141,INE259A01022,COLPAL,EQ,,,,,COLGATE PALMOLIVE LTD.,1860.00,1863.90,1829.20,1829.20,1829.20,1850.00,,1829.22,,,562995,1036456365.10,27974,F1,1,,,,,
2026-09-04,2026-09-04,CM,NSE,STK,762628,INE819A01049,COMFINTE,EQ,,,,,COMFORT INTECH LTD.,6.15,6.26,6.07,6.21,6.22,6.19,,6.20,,,114743,707750.26,347,F1,1,,,,,
2026-09-04,2026-09-04,CM,NSE,STK,21578,INE073V01015,COMSYN,EQ,,,,,COMMERCIAL SYN BAGS LTD,300.50,306.00,285.30,301.30,300.00,302.70,,301.32,,,108742,32623991.70,1784,F1,1,,,,,
2026-09-04,2026-09-04,CM,NSE,STK,764648,INE823B01015,COMPEAU,EQ,,,,,COMPETENT AUTOMOB CO. L,368.70,379.95,353.00,371.80,370.00,361.80,,372.11,,,2858,1053347.55,99,F1,1,,,,,
2026-09-04,2026-09-04,CM,NSE,STK,19670,INE070C01037,COMPINFO,BZ,,,,,COMPUAGE INFOCOM LTD,1.05,1.11,1.03,1.09,1.08,1.07,,1.08,,,24498,26827.03,27,F1,1,,,,,
2026-09-04,2026-09-04,CM,NSE,STK,31138,INE453B01029,COMPUSOFT,EQ,,,,,COMPUCOM SOFTWARE LTD,13.20,13.20,12.62,13.02,13.10,12.89,,13.02,,,23203,301866.70,252,F1,1,,,,,
2026-09-04,2026-09-04,CM,NSE,STK,342,INE596I01020,CAMS,EQ,,,,,COMPUTER AGE MNGT SER LTD,750.00,757.75,746.05,748.80,748.80,747.40,,748.60,,,469646,352918733.85,24622,F1,1,,,,,
2026-09-04,2026-09-04,CM,NSE,STK,18060,INE338H01029,CONCORDBIO,EQ,,,,,CONCORD BIOTECH LIMITED,1450.00,1450.40,1411.60,1417.10,1420.00,1447.70,,1416.76,,,59142,84504764.30,7166,F1,1,,,,,
2026-09-04,2026-09-04,CM,NSE,STK,28764,INE037Z01029,CEWATER,EQ,,,,,CONCORD ENVIRO SYSTEMS L,266.15,266.90,261.00,262.55,262.00,265.40,,262.55,,,42011,11058753.30,1830,F1,1,,,,,
2026-09-04,2026-09-04,CM,NSE,STK,764638,INE700F01024,CFEL,EQ,,,,,CONFIDENCE FUTURIST ENE L,32.10,32.67,31.41,32.48,32.48,32.05,,32.48,,,14038,454299.91,79,F1,1,,,,,
2026-09-04,2026-09-04,CM,NSE,STK,10238,INE552D01024,CONFIPET,EQ,,,,,CONFIDENCE PETRO IND LTD.,84.70,85.30,82.00,82.48,82.30,84.28,,82.48,,,2371168,197624634.41,14601,F1,1,,,,,
2026-09-04,2026-09-04,CM,NSE,STK,758453,INE0EAS01014,CONNPLEX,SM,,,,,CONNPLEX CINEMAS LIMITED,223.00,252.70,222.00,244.45,247.00,223.35,,244.45,,,670400,155288440.00,345,F1,800,,,,,
2026-09-04,2026-09-04,CM,NSE,STK,14992,INE429I01024,CCCL,EQ,,,,,CONS. CONST. CONSORT LTD,14.49,14.54,14.12,14.27,14.45,14.19,,14.28,,,118802,1700420.52,372,F1,1,,,,,
2026-09-04,2026-09-04,CM,NSE,STK,11732,INE025A01027,CONSOFINVT,BE,,,,,CONSO. FIN. & HOLD. LTD.,288.30,288.30,288.30,288.30,288.30,274.60,,288.30,,,21811,6288111.30,40,F1,1,,,,,
2026-09-04,2026-09-04,CM,NSE,STK,4749,INE111A01025,CONCOR,EQ,,,,,CONTAINER CORP OF IND LTD,508.80,509.65,502.00,508.00,508.00,508.85,,507.93,,,1107962,559654862.65,20722,F1,1,,,,,
2026-09-04,2026-09-04,CM,NSE,STK,2531,INE340Z01019,CONTI,SM,,,,,CONTINENTAL SEED CHEM LTD,11.10,11.10,10.95,11.10,11.10,11.10,,11.10,,,203313,2246775.30,4,F1,3333,,,,,
2026-09-04,2026-09-04,CM,NSE,STK,17477,INE663B01015,CONTROLPR,EQ,,,,,CONTROL PRINT LIMITED,602.00,602.00,591.15,593.35,593.00,600.30,,593.12,,,7641,4537803.20,1450,F1,1,,,,,
2026-09-04,2026-09-04,CM,NSE,STK,8567,INE0HS001028,COOLCAPS,ST,,,,,COOL CAPS INDUSTRIES LTD,24.20,24.50,23.05,24.50,24.50,23.35,,24.50,,,176250,4272437.50,93,F1,1250,,,,,
2026-09-04,2026-09-04,CM,NSE,STK,4007,INE558D01021,CORALFINAC,EQ,,,,,CORAL INDIA FIN & HOUS LT,33.58,34.00,32.32,33.47,33.20,32.94,,33.47,,,13197,441743.65,247,F1,1,,,,,
2026-09-04,2026-09-04,CM,NSE,STK,15271,INE792I01017,CORDSCABLE,EQ,,,,,CORDS CABLE INDUS LTD.,306.00,330.00,306.00,317.00,315.80,302.90,,317.09,,,264160,84483455.95,4857,F1,1,,,,,
2026-09-04,2026-09-04,CM,NSE,STK,739,INE169A01031,COROMANDEL,EQ,,,,,COROMANDEL INTERNTL. LTD,1927.00,1948.30,1927.00,1938.80,1940.10,1931.30,,1938.79,,,143726,278602967.60,11670,F1,1,,,,,
2026-09-04,2026-09-04,CM,NSE,STK,760254,INE02ZQ01018,CORONA,EQ,,,,,CORONA REMEDIES LIMITED,2121.00,2150.40,2090.80,2100.10,2094.00,2127.80,,2100.09,,,12081,25512564.10,2434,F1,1,,,,,
2026-09-04,2026-09-04,CM,NSE,STK,742,INE757A01017,COSMOFIRST,EQ,,,,,COSMO FIRST LIMITED,938.70,943.10,916.00,919.85,920.00,940.15,,919.89,,,66169,61310195.75,3778,F1,1,,,,,
2026-09-04,2026-09-04,CM,NSE,STK,6385,INE652F01027,CCHHL,EQ,,,,,COUNTRY CLUB HOSP HOL LTD,12.70,12.95,12.40,12.61,12.83,12.64,,12.61,,,42082,530815.24,142,F1,1,,,,,
2026-09-04,2026-09-04,CM,NSE,STK,16989,INE695B01025,COUNCODOS,BE,,,,,COUNTRY CONDO S LIMITED,6.65,6.65,6.44,6.45,6.44,6.52,,6.51,,,11466,74684.95,62,F1,1,,,,,
2026-09-04,2026-09-04,CM,NSE,STK,20086,INE521J01018,CPCAP,EQ,,,,,CP CAPITAL LIMITED,121.69,139.79,117.25,128.33,128.70,118.30,,128.33,,,85391,10850962.54,1126,F1,1,,,,,
2026-09-04,2026-09-04,CM,NSE,STK,2328,INF457M01133,CPSEETF,EQ,,,,,CPSE ETF,95.44,95.44,93.40,93.70,93.58,93.57,,93.72,,,353172,33131903.92,5424,F1,1,,,,,
2026-09-04,2026-09-04,CM,NSE,STK,2854,INE00LO01017,CRAFTSMAN,EQ,,,,,CRAFTSMAN AUTOMATION LTD,11248.00,11539.00,11097.00,11398.00,11360.00,11220.00,,11398.48,,,28595,325405364.00,10263,F1,1,,,,,
2026-09-04,2026-09-04,CM,NSE,STK,764653,INE145E01017,CRAVATEX,EQ,,,,,CRAVATEX LTD.,326.75,339.90,314.95,329.50,317.35,326.75,,332.33,,,1353,445774.35,104,F1,1,,,,,
2026-09-04,2026-09-04,CM,NSE,STK,16419,INE0OFK01019,CRAYONS,SM,,,,,CRAYONS ADVERTISING LTD,26.00,26.00,24.80,25.10,25.10,26.00,,25.10,,,9000,228500.00,6,F1,1000,,,,,
2026-09-04,2026-09-04,CM,NSE,STK,9384,INE230B01021,CREATIVEYE,EQ,,,,,CREATIVE EYE LIMITED,6.15,6.25,5.89,6.19,6.19,6.13,,6.19,,,16063,98897.90,55,F1,1,,,,,
2026-09-04,2026-09-04,CM,NSE,STK,23468,INE0R7401011,CGRAPHICS,SM,,,,,CREATIVE GRAPHICS S IND L,150.90,150.90,147.00,147.60,147.60,148.55,,147.60,,,16000,2369400.00,18,F1,800,,,,,
2026-09-04,2026-09-04,CM,NSE,STK,11155,INE985W01018,CNL,EQ,,,,,CREATIVE NEWTECH LIMITED,1246.50,1247.30,1210.00,1215.50,1229.80,1243.40,,1215.46,,,12127,14882988.20,964,F1,1,,,,,
2026-09-04,2026-09-04,CM,NSE,STK,765303,INE1KPX01025,CREDENT,SM,,,,,CREDENT CONNECT N CARE L,336.50,340.00,311.00,317.70,311.00,336.50,,317.70,,,140400,45686040.00,205,F1,600,,,,,
2026-09-04,2026-09-04,CM,NSE,STK,4421,INE741K01010,CREDITACC,EQ,,,,,CREDITACCESS GRAMEEN LTD,1453.90,1468.00,1438.00,1443.10,1440.00,1437.40,,1443.02,,,217925,315871104.10,27335,F1,1,,,,,
2026-09-04,2026-09-04,CM,NSE,STK,20878,INE220Q01020,MUFTI,EQ,,,,,CREDO BRANDS MARKETING L,72.85,75.60,72.51,75.23,75.55,72.87,,75.23,,,149617,11150002.93,1414,F1,1,,,,,
2026-09-04,2026-09-04,CM,NSE,STK,765053,INE716D01033,CRSL,BE,,,,,CRESSANDA RAILWAY SOLUT L,2.61,2.74,2.48,2.73,2.74,2.61,,2.73,,,702306,1882951.33,867,F1,1,,,,,
2026-09-04,2026-09-04,CM,NSE,STK,13900,INE559D01011,CREST,EQ,,,,,CREST VENTURES LIMITED,369.90,369.90,356.20,359.00,357.10,365.30,,359.00,,,1505,542334.80,118,F1,1,,,,,
2026-09-04,2026-09-04,CM,NSE,STK,757,INE007A01025,CRISIL,EQ,,,,,CRISIL LTD,4775.00,4872.00,4726.30,4802.00,4790.00,4759.70,,4802.08,,,184833,891819123.40,16015,F1,1,,,,,
2026-09-04,2026-09-04,CM,NSE,STK,757850,INE0S4R01014,CRIZAC,EQ,,,,,CRIZAC LIMITED,163.00,163.77,159.95,160.29,160.31,162.27,,160.29,,,294106,47373657.63,6684,F1,1,,,,,
2026-09-04,2026-09-04,CM,NSE,STK,17094,INE299U01018,CROMPTON,EQ,,,,,CROMPT GREA CON ELEC LTD,227.64,235.47,226.27,232.40,232.40,226.51,,232.56,,,4443658,1037169878.01,31875,F1,1,,,,,
2026-09-04,2026-09-04,CM,NSE,STK,8083,INE491V01019,CROWN,EQ,,,,,CROWN LIFTERS LIMITED,114.45,114.69,110.03,112.84,114.00,111.80,,112.84,,,37657,4251325.82,279,F1,1,,,,,
2026-09-04,2026-09-04,CM,NSE,STK,14966,INE679A01013,CSBBANK,EQ,,,,,CSB BANK LIMITED,325.15,331.65,320.80,328.55,329.00,324.95,,328.54,,,658990,215977474.25,15607,F1,1,,,,,
2026-09-04,2026-09-04,CM,NSE,STK,10350,INE718F01018,CSLFINANCE,EQ,,,,,CSL FINANCE LIMITED,245.58,254.70,245.58,251.77,252.00,243.86,,251.72,,,94290,23706633.74,2410,F1,1,,,,,
2026-09-04,2026-09-04,CM,NSE,STK,763753,INE0ZK601013,CSM,EQ,,,,,CSM TECHNOLOGIES LIMITED,93.99,94.78,93.40,94.36,94.57,94.00,,94.31,,,80421,7555333.62,727,F1,1,,,,,
2026-09-04,2026-09-04,CM,NSE,STK,15078,INE0NR623014,CUBEINVIT,IV,,,,,CUBE HIGHWAYS TRUST,157.78,158.00,156.50,157.50,156.50,157.00,,157.49,,,504255,79221381.86,5575,F1,1,,,,,
2026-09-04,2026-09-04,CM,NSE,STK,4064,INE144D01012,CUBEXTUB,EQ,,,,,CUBEX TUBINGS LTD,76.60,78.66,75.95,76.80,76.70,76.41,,76.84,,,48940,3782790.70,1373,F1,1,,,,,
2026-09-04,2026-09-04,CM,NSE,STK,1901,INE298A01020,CUMMINSIND,EQ,,,,,CUMMINS INDIA LTD,5071.00,5083.00,5013.00,5035.00,5035.00,5071.00,,5035.00,,,483825,2438711381.00,28202,F1,1,,,,,
2026-09-04,2026-09-04,CM,NSE,STK,18520,INE509F01029,CUPID,EQ,,,,,CUPID LIMITED,280.00,287.00,280.00,283.15,283.60,279.95,,283.15,,,8434946,2392690721.30,64825,F1,1,,,,,
2026-09-04,2026-09-04,CM,NSE,STK,30189,INE117B01020,CURAA,EQ,,,,,CURA TECHNOLOGIES LIMITED,78.50,78.50,60.00,72.46,74.00,66.20,,72.46,,,2020,145016.75,114,F1,1,,,,,
2026-09-04,2026-09-04,CM,NSE,STK,759825,INE1BZN01016,CURIS,SM,,,,,CURIS LIFESCIENCES LTD,145.70,153.50,145.00,151.35,151.90,145.10,,151.35,,,38000,5657500.00,37,F1,1000,,,,,
2026-09-04,2026-09-04,CM,NSE,STK,758964,INE1CRQ01014,CURRENT,SM,,,,,CURRENT INFRAPROJECTS LTD,86.20,86.20,85.00,85.00,85.00,89.00,,85.00,,,6400,546400.00,4,F1,1600,,,,,
2026-09-04,2026-09-04,CM,NSE,STK,11842,INE278G01037,CYBERMEDIA,EQ,,,,,CYBER MEDIA (INDIA) LTD.,25.90,28.45,22.20,26.40,26.75,23.88,,26.41,,,2157521,57564647.54,7778,F1,1,,,,,
2026-09-04,2026-09-04,CM,NSE,STK,11447,INE075Z01011,CMRSL,SM,,,,,CYBER MEDIA RES & SER LTD,72.80,73.15,72.00,73.15,73.15,69.70,,73.15,,,4000,291160.00,5,F1,800,,,,,
2026-09-04,2026-09-04,CM,NSE,STK,6054,INE214A01019,CYBERTECH,BE,,,,,CYBERTECH SYSTEMS & SOFTW,134.39,134.39,132.50,133.36,133.50,132.27,,133.33,,,6933,923511.08,135,F1,1,,,,,
2026-09-04,2026-09-04,CM,NSE,STK,17187,INE055S01018,CYIENTDLM,EQ,,,,,CYIENT DLM LIMITED,833.80,894.00,830.00,856.95,855.50,836.55,,856.93,,,1201568,1043626507.75,45322,F1,1,,,,,
2026-09-04,2026-09-04,CM,NSE,STK,5748,INE136B01020,CYIENT,EQ,,,,,CYIENT LIMITED,1111.30,1131.70,1096.20,1101.80,1100.80,1111.30,,1101.79,,,327209,364488126.50,17661,F1,1,,,,,
2026-09-04,2026-09-04,CM,NSE,STK,16902,INE864X01013,DPWIRES,BE,,,,,D P WIRES LIMITED,154.00,156.50,154.00,154.62,154.55,153.99,,152.63,,,2489,385164.87,69,F1,1,,,,,
2026-09-04,2026-09-04,CM,NSE,STK,17851,INE250K01012,DLINKINDIA,EQ,,,,,D-LINK INDIA LTD,453.00,455.90,448.40,451.15,451.70,452.35,,451.15,,,67520,30470522.05,2802,F1,1,,,,,
2026-09-04,2026-09-04,CM,NSE,STK,936,INE266Y01019,DPABHUSHAN,EQ,,,,,D. P. ABHUSHAN LIMITED,1362.80,1445.00,1362.80,1414.20,1414.20,1359.40,,1414.08,,,36359,51435916.10,3609,F1,1,,,,,
2026-09-04,2026-09-04,CM,NSE,STK,17881,INE950I01011,DBCORP,EQ,,,,,D.B.CORP LTD,195.79,197.09,193.79,195.65,194.80,193.78,,195.65,,,43972,8603988.26,1222,F1,1,,,,,
2026-09-04,2026-09-04,CM,NSE,STK,772,INE016A01026,DABUR,EQ,,,,,DABUR INDIA LTD,380.45,383.25,377.35,380.90,380.90,380.70,,380.88,,,1702061,647998830.15,28671,F1,1,,,,,
2026-09-04,2026-09-04,CM,NSE,STK,762633,INE928C01010,DAICHI,EQ,,,,,DAI-ICHI KARKARIA LTD.,374.70,374.70,359.80,364.80,363.10,369.75,,364.80,,,5043,1858195.90,169,F1,1,,,,,
2026-09-04,2026-09-04,CM,NSE,STK,8075,INE00R701025,DALBHARAT,EQ,,,,,DALMIA BHARAT LIMITED,1770.10,1778.90,1740.00,1749.30,1752.00,1771.20,,1749.29,,,73496,129273173.80,10844,F1,1,,,,,
2026-09-04,2026-09-04,CM,NSE,STK,781,INE495A01022,DALMIASUG,EQ,,,,,DALMIA BHARAT SUG IN LTD,460.95,462.50,435.05,438.55,439.00,461.05,,438.54,,,342704,151924209.35,8816,F1,1,,,,,
2026-09-04,2026-09-04,CM,NSE,STK,28662,INE284H01025,DAMCAPITAL,EQ,,,,,DAM CAPITAL ADVISORS LTD,145.99,147.49,144.17,144.90,144.54,145.28,,144.89,,,170224,24728890.10,2298,F1,1,,,,,
2026-09-04,2026-09-04,CM,NSE,STK,17569,INE497D01022,DAMODARIND,BE,,,,,DAMODAR INDUSTRIES LTD,29.12,29.12,28.22,28.45,28.45,28.98,,28.45,,,1493,42828.52,14,F1,1,,,,,
2026-09-04,2026-09-04,CM,NSE,STK,1110,INE688Y01022,DANGEE,EQ,,,,,DANGEE DUMS LIMITED,2.94,2.98,2.90,2.94,2.95,2.94,,2.94,,,40836,119966.69,125,F1,1,,,,,
2026-09-04,2026-09-04,CM,NSE,STK,25927,INE0YU901016,DANISH,SM,,,,,DANISH POWER LIMITED,890.00,890.30,841.30,854.10,852.10,874.15,,854.10,,,31500,27197610.00,144,F1,150,,,,,
2026-09-04,2026-09-04,CM,NSE,STK,757107,INE04Q901010,DCCL,SM,,,,,DAR CREDIT & CAPITAL LTD,43.00,43.00,43.00,43.00,43.00,43.00,,43.00,,,4000,172000.00,2,F1,2000,,,,,
2026-09-04,2026-09-04,CM,NSE,STK,7358,INE0IX101010,DATAPATTNS,EQ,,,,,DATA PATTERNS INDIA LTD,4588.00,4666.00,4546.40,4585.00,4570.00,4587.30,,4584.63,,,377845,1743792432.30,36760,F1,1,,,,,
2026-09-04,2026-09-04,CM,NSE,STK,11423,INE365B01017,DATAMATICS,EQ,,,,,DATAMATICS GLOBAL SER LTD,771.45,785.00,762.20,764.90,766.00,774.85,,764.91,,,55826,43093997.80,3293,F1,1,,,,,
2026-09-04,2026-09-04,CM,NSE,STK,21794,INE179G01029,DAVANGERE,EQ,,,,,DAVANGERE SUGAR COMPANY L,2.07,2.07,1.94,1.96,1.95,2.04,,1.96,,,15393852,30556545.65,5021,F1,1,,,,,
2026-09-04,2026-09-04,CM,NSE,STK,31111,INE921B01025,DBSTOCKBRO,BE,,,,,DB (INT) STOCK BROKERS,29.19,29.19,28.40,28.63,28.95,29.07,,28.63,,,4158,119870.65,36,F1,1,,,,,
2026-09-04,2026-09-04,CM,NSE,STK,11566,INE0A1101019,DCI,EQ,,,,,DC INFOTECH AND COMUN LTD,362.00,362.00,346.10,350.55,352.85,357.65,,350.59,,,87942,31027261.10,2764,F1,1,,,,,
2026-09-04,2026-09-04,CM,NSE,STK,13725,INE503A01015,DCBBANK,EQ,,,,,DCB BANK LIMITED,222.40,223.90,220.20,220.74,221.00,222.20,,220.73,,,539992,119697516.35,13976,F1,1,,,,,
2026-09-04,2026-09-04,CM,NSE,STK,761737,INE04Q907181,1275DCCL28,N0,,,,,DCCL 12.75% 2028,9976.14,9976.14,9976.14,9976.14,9976.14,9943.42,,9976.14,,,4,39904.56,1,F1,1,,,,,
2026-09-04,2026-09-04,CM,NSE,STK,23520,INE0S8401018,DCG,SM,,,,,DCG CABLES & WIRES LTD,68.25,69.95,67.50,68.80,67.60,65.35,,68.80,,,22800,1567920.00,18,F1,1200,,,,,
2026-09-04,2026-09-04,CM,NSE,STK,4775,INE891B01012,DCMFINSERV,EQ,,,,,DCM FINANCIAL SERVICES LT,5.09,5.37,5.09,5.20,5.25,5.09,,5.20,,,5995,31401.91,67,F1,1,,,,,
2026-09-04,2026-09-04,CM,NSE,STK,7323,INE498A01018,DCM,BE,,,,,DCM LIMITED,77.00,78.40,76.80,77.01,76.95,76.97,,77.01,,,16163,1246366.88,42,F1,1,,,,,
2026-09-04,2026-09-04,CM,NSE,STK,11039,INE08KP01019,DCMNVL,EQ,,,,,DCM NOUVELLE LIMITED,188.94,191.14,183.25,184.96,185.78,182.04,,184.99,,,16490,3106832.80,245,F1,1,,,,,
2026-09-04,2026-09-04,CM,NSE,STK,760893,INE0OFM01015,DSFCL,BE,,,,,DCM SHRIRAM FINE CHEM LTD,25.79,26.24,25.50,25.81,25.88,25.75,,25.81,,,66854,1722068.96,145,F1,1,,,,,
2026-09-04,2026-09-04,CM,NSE,STK,7325,INE843D01027,DCMSRIND,EQ,,,,,DCM SHRIRAM IND LTD,46.60,46.63,44.10,44.91,45.40,46.51,,44.91,,,182082,8280068.23,1937,F1,1,,,,,
2026-09-04,2026-09-04,CM,NSE,STK,760896,INE0OU201013,DCMSIL,EQ,,,,,DCM SHRIRAM INTERNATNL L,71.30,71.30,68.06,68.76,69.00,70.29,,68.77,,,99773,6965654.31,1074,F1,1,,,,,
2026-09-04,2026-09-04,CM,NSE,STK,811,INE499A01024,DCMSHRIRAM,EQ,,,,,DCM SHRIRAM LIMITED,1024.90,1026.10,1014.00,1020.90,1020.00,1019.20,,1020.90,,,85914,87612778.40,7325,F1,1,,,,,
2026-09-04,2026-09-04,CM,NSE,STK,817,INE500A01029,DCW,EQ,,,,,DCW LTD,46.11,46.95,45.81,45.98,46.20,46.30,,45.98,,,912734,42337853.46,3660,F1,1,,,,,
2026-09-04,2026-09-04,CM,NSE,STK,11895,INE0KL801015,DCXINDIA,EQ,,,,,DCX SYSTEMS LIMITED,170.15,172.35,168.10,168.83,169.65,169.57,,168.83,,,328462,55916426.70,4906,F1,1,,,,,
2026-09-04,2026-09-04,CM,NSE,STK,29098,INE0HR601026,DDEVPLSTIK,EQ,,,,,DDEV PLASTIKS IND LTD,273.55,274.95,271.30,273.00,273.50,272.50,,273.00,,,51629,14078282.70,1229,F1,1,,,,,
2026-09-04,2026-09-04,CM,NSE,STK,15449,INE0JWV01011,DENEERS,SM,,,,,DE NEERS TOOLS LIMITED,167.50,176.00,167.50,172.30,170.20,169.90,,172.30,,,60000,10453950.00,36,F1,600,,,,,
2026-09-04,2026-09-04,CM,NSE,STK,4279,INE244A01016,DENORA,EQ,,,,,DE NORA INDIA LIMITED,822.30,836.00,810.10,812.30,812.00,824.55,,812.29,,,2711,2216710.10,276,F1,1,,,,,
2026-09-04,2026-09-04,CM,NSE,STK,14838,INE583C01021,DECCANCE,EQ,,,,,DECCAN CEMENTS LIMITED,569.80,579.90,564.35,569.75,568.85,565.15,,569.74,,,29858,17057303.20,589,F1,1,,,,,
2026-09-04,2026-09-04,CM,NSE,STK,762638,INE945F01025,DECNGOLD,EQ,,,,,DECCAN GOLD MINES LTD.,215.00,219.30,212.43,213.87,215.00,213.80,,213.80,,,959258,206954932.74,14447,F1,1,,,,,
2026-09-04,2026-09-04,CM,NSE,STK,25421,INE0S7C01019,DECCANTRAN,SM,,,,,DECCAN TRANSCON LEASING L,20.25,20.25,20.00,20.00,20.00,20.25,,20.00,,,117600,2352840.00,6,F1,1200,,,,,
2026-09-04,2026-09-04,CM,NSE,STK,24154,INE841L01016,DEEDEV,EQ,,,,,DEE DEVELOPMENT ENG LTD,645.80,673.80,642.05,658.25,659.00,645.90,,658.28,,,327955,217359178.05,18558,F1,1,,,,,
2026-09-04,2026-09-04,CM,NSE,STK,22802,INE586O01011,DEEM,ST,,,,,DEEM ROLL TECH LIMITED,42.25,42.30,42.25,42.30,42.30,40.30,,42.30,,,3000,126850.00,3,F1,1000,,,,,
2026-09-04,2026-09-04,CM,NSE,STK,3292,INE0FHS01024,DEEPINDS,EQ,,,,,DEEP INDUSTRIES LIMITED,757.75,793.70,749.00,786.45,783.00,744.85,,786.47,,,1324171,1028587195.10,35441,F1,1,,,,,
2026-09-04,2026-09-04,CM,NSE,STK,765055,INE00IY01012,DEEP,EQ,,,,,DEEP POLYMERS LTD.,36.80,36.80,34.21,35.00,35.54,36.00,,34.99,,,23168,820982.64,193,F1,1,,,,,
2026-09-04,2026-09-04,CM,NSE,STK,25894,INE0OPA01027,DBEIL,BE,,,,,DEEPAK BUILDERS & ENG I L,6.20,6.44,6.05,6.43,6.44,6.14,,6.42,,,210682,1335262.16,344,F1,1,,,,,
2026-09-04,2026-09-04,CM,NSE,STK,827,INE501A01019,DEEPAKFERT,EQ,,,,,DEEPAK FERTILIZERS & PETR,1362.70,1395.00,1353.30,1362.10,1364.80,1355.90,,1362.09,,,229112,314400928.60,16670,F1,1,,,,,
2026-09-04,2026-09-04,CM,NSE,STK,19943,INE288B01029,DEEPAKNTR,EQ,,,,,DEEPAK NITRITE LTD,1728.00,1743.70,1705.70,1712.40,1715.10,1725.30,,1712.39,,,196070,337182974.80,22151,F1,1,,,,,
2026-09-04,2026-09-04,CM,NSE,STK,22527,INE0SK801018,DELAPLEX,SM,,,,,DELAPLEX LIMITED,87.00,103.00,87.00,100.00,100.00,97.65,,100.00,,,7800,772770.00,13,F1,600,,,,,
2026-09-04,2026-09-04,CM,NSE,STK,9599,INE148O01028,DELHIVERY,EQ,,,,,DELHIVERY LIMITED,465.00,465.90,457.90,457.90,457.90,464.35,,457.90,,,1936111,892354627.20,29259,F1,1,,,,,
2026-09-04,2026-09-04,CM,NSE,STK,24395,INE726L01027,DELPHIFX,BE,,,,,DELPHI WORLD MONEY LTD,6.17,6.17,5.80,6.04,6.07,5.94,,6.05,,,117604,705470.25,214,F1,1,,,,,
2026-09-04,2026-09-04,CM,NSE,STK,29092,INE0XRN01019,DELTIC,SM,,,,,DELTA AUTOCORP LIMITED,35.80,35.80,34.65,35.35,35.35,35.80,,35.35,,,6000,210500.00,6,F1,1000,,,,,
2026-09-04,2026-09-04,CM,NSE,STK,15044,INE124G01033,DELTACORP,EQ,,,,,DELTA CORP LIMITED,56.79,57.40,55.56,56.12,56.26,56.25,,56.12,,,1070574,60471936.89,5816,F1,1,,,,,
2026-09-04,2026-09-04,CM,NSE,STK,1214,INE393A01011,DELTAMAGNT,EQ,,,,,DELTA MANUFACTURING LTD,56.66,59.90,55.72,58.40,58.94,57.23,,58.40,,,4124,238125.88,188,F1,1,,,,,
2026-09-04,2026-09-04,CM,NSE,STK,17722,INE947J01015,DEN,EQ,,,,,DEN NETWORKS LTD,27.66,28.10,27.66,27.97,27.95,27.87,,27.97,,,211531,5904118.35,1022,F1,1,,,,,
2026-09-04,2026-09-04,CM,NSE,STK,29256,INE0R4L01018,DENTA,EQ,,,,,DENTA WATER N INFRA SOL L,273.20,276.90,271.00,275.35,275.60,270.40,,275.39,,,56286,15427852.90,1823,F1,1,,,,,
2026-09-04,2026-09-04,CM,NSE,STK,759079,INE0VOV01021,DEVX,EQ,,,,,DEV ACCELERATOR LIMITED,32.90,33.39,32.66,33.29,33.15,32.13,,33.29,,,40903,1351995.92,308,F1,1,,,,,
2026-09-04,2026-09-04,CM,NSE,STK,8146,INE060X01034,DEVIT,EQ,,,,,DEV INFO TECHNOLOGY LTD,24.90,25.50,23.61,24.21,24.40,24.52,,24.19,,,69859,1696624.67,477,F1,1,,,,,
2026-09-04,2026-09-04,CM,NSE,STK,5373,INE872J01023,DEVYANI,EQ,,,,,DEVYANI INTERNATIONAL LTD,138.00,142.86,137.37,139.28,139.32,138.05,,139.28,,,2432975,342018744.90,32970,F1,1,,,,,
2026-09-04,2026-09-04,CM,NSE,STK,764661,INE260R01016,DHABRIYA,BE,,,,,DHABRIYA POLYWOOD LTD.,515.85,528.90,501.00,503.45,510.00,513.30,,503.80,,,8802,4496894.50,178,F1,1,,,,,
2026-09-04,2026-09-04,CM,NSE,STK,10893,INE0I3401014,DBOL,EQ,,,,,DHAMPUR BIO ORGANICS LTD,128.96,128.96,124.00,124.99,125.20,129.64,,124.98,,,232171,29060113.38,3660,F1,1,,,,,
2026-09-04,2026-09-04,CM,NSE,STK,857,INE041A01016,DHAMPURSUG,EQ,,,,,DHAMPUR SUGAR MILLS LTD.,176.45,176.45,165.63,167.59,167.40,177.05,,167.59,,,832821,140824914.24,11069,F1,1,,,,,
2026-09-04,2026-09-04,CM,NSE,STK,11359,INE680A01011,DHANBANK,EQ,,,,,DHANLAXMI BANK LIMITED,31.80,32.03,31.69,31.86,31.95,31.72,,31.86,,,349043,11124710.47,1133,F1,1,,,,,
2026-09-04,2026-09-04,CM,NSE,STK,27723,INE0V9V01010,DHANLAXMI,SM,,,,,DHANLAXMI CROP SCIENCE L,24.30,25.00,24.30,25.00,25.00,24.25,,25.00,,,8000,197200.00,4,F1,2000,,,,,
2026-09-04,2026-09-04,CM,NSE,STK,24415,INE0M3I01029,DHANSA,SM,,,,,DHANSA LABS LIMITED,27.95,28.10,26.90,28.10,28.10,26.80,,28.10,,,18000,500400.00,9,F1,2000,,,,,
2026-09-04,2026-09-04,CM,NSE,STK,24409,INE435G01025,DHANUKA,EQ,,,,,DHANUKA AGRITECH LTD,1009.00,1014.00,994.80,1010.65,1014.00,1010.15,,1010.65,,,17124,17236231.40,1253,F1,1,,,,,
2026-09-04,2026-09-04,CM,NSE,STK,760492,INE2HJL01019,DHARARAIL,ST,,,,,DHARA RAIL PROJECTS LTD,140.00,140.00,134.50,136.60,134.50,140.05,,136.60,,,15000,2079100.00,12,F1,1000,,,,,
2026-09-04,2026-09-04,CM,NSE,STK,759203,INE278R01034,DHARAN,BZ,,,,,DHARAN INFRA-EPC LIMITED,0.14,0.14,0.13,0.13,0.14,0.13,,0.13,,,13130525,1815823.07,1594,F1,1,,,,,
2026-09-04,2026-09-04,CM,NSE,STK,24747,INE0YRN01025,DHARIWAL,SM,,,,,DHARIWALCORP LIMITED,24.95,24.95,22.65,24.00,24.15,23.80,,24.00,,,846000,20485350.00,191,F1,3000,,,,,
2026-09-04,2026-09-04,CM,NSE,STK,13001,INE00OQ01016,DHARMAJ,EQ,,,,,DHARMAJ CROP GUARD LTD,268.30,271.00,264.30,270.05,270.00,269.05,,270.05,,,29203,7846100.95,1792,F1,1,,,,,
2026-09-04,2026-09-04,CM,NSE,STK,765060,INE715T01031,DHATRE,EQ,,,,,DHATRE UDYOG LTD.,4.33,4.59,4.21,4.33,4.43,4.35,,4.38,,,17330,75111.74,109,F1,1,,,,,
2026-09-04,2026-09-04,CM,NSE,STK,764553,INE01NH01023,DHOOTTRANS,EQ,,,,,DHOOT TRANSMISSION LTD,1615.00,1665.00,1570.10,1615.70,1580.00,1583.50,,1615.29,,,6047122,9814338483.10,317283,F1,1,,,,,
2026-09-04,2026-09-04,CM,NSE,STK,6858,INE506Z01015,DHRUV,EQ,,,,,DHRUV CONSULTANCY SER LTD,23.45,23.45,22.29,22.32,22.85,23.45,,22.32,,,7195,162783.44,100,F1,1,,,,,
2026-09-04,2026-09-04,CM,NSE,STK,22233,INE320L01011,DHUNINV,EQ,,,,,DHUNSERI INVESTMENTS LTD,1046.25,1054.80,1012.65,1019.15,1015.00,1046.25,,1019.15,,,1224,1260977.95,204,F1,1,,,,,
2026-09-04,2026-09-04,CM,NSE,STK,6239,INE341R01014,DTIL,BE,,,,,DHUNSERI TEA & IND. LTD.,153.63,153.63,146.60,150.64,150.00,152.87,,150.61,,,6245,933038.39,110,F1,1,,,,,
2026-09-04,2026-09-04,CM,NSE,STK,15214,INE477B01010,DVL,EQ,,,,,DHUNSERI VENTURES LIMITED,284.45,292.00,284.45,290.05,292.00,285.80,,290.02,,,15605,4512353.10,492,F1,1,,,,,
2026-09-04,2026-09-04,CM,NSE,STK,18644,INE591D01014,DIAMINESQ,EQ,,,,,DIAMINES & CHEMICALS LTD,243.54,245.39,240.00,240.99,240.00,244.76,,244.54,,,3798,922791.21,299,F1,1,,,,,
2026-09-04,2026-09-04,CM,NSE,STK,18545,INE989C01038,DIACABS,BE,,,,,DIAMOND POWER INFRA LTD,324.00,339.00,316.70,331.80,332.50,322.90,,331.89,,,1146702,380195919.85,9863,F1,1,,,,,
2026-09-04,2026-09-04,CM,NSE,STK,703,INE303A01010,DICIND,EQ,,,,,DIC INDIA LIMITED,596.00,638.95,589.75,618.60,613.10,584.00,,618.40,,,45846,28362168.05,1548,F1,1,,,,,
2026-09-04,2026-09-04,CM,NSE,STK,25672,INE184O01015,DIFFNKG,EQ,,,,,DIFFUSION ENGINEERS LTD,487.00,519.90,470.00,474.90,476.80,477.60,,474.94,,,2072376,1030652502.70,52420,F1,1,,,,,
2026-09-04,2026-09-04,CM,NSE,STK,10346,INE03JI01017,DGCONTENT,EQ,,,,,DIGICONTENT LIMITED,24.75,25.00,24.55,24.83,24.55,24.43,,24.83,,,1564,38612.81,45,F1,1,,,,,
2026-09-04,2026-09-04,CM,NSE,STK,21247,INE0PSC01024,DIGIDRIVE,EQ,,,,,DIGIDRIVE DISTRIBUTORS L,17.31,18.00,17.31,17.65,17.80,17.80,,17.65,,,6628,117599.76,96,F1,1,,,,,
2026-09-04,2026-09-04,CM,NSE,STK,19138,INE0QJ901011,DIGIKORE,SM,,,,,DIGIKORE STUDIOS LIMITED,40.00,41.00,36.00,40.10,40.60,40.00,,40.10,,,57600,2251860.00,92,F1,400,,,,,
2026-09-04,2026-09-04,CM,NSE,STK,16683,INE927C01020,DIGISPICE,EQ,,,,,DIGISPICE TECHNOLOGIES LT,17.29,17.29,16.52,16.98,16.99,16.96,,16.98,,,73604,1242593.24,282,F1,1,,,,,
2026-09-04,2026-09-04,CM,NSE,STK,757515,INE0U4701011,DIGITIDE,EQ,,,,,DIGITIDE SOLUTIONS LTD,95.55,98.19,95.31,97.01,97.27,95.52,,97.01,,,263762,25592595.82,1597,F1,1,,,,,
2026-09-04,2026-09-04,CM,NSE,STK,6127,INE731U01028,DIGJAMLMTD,EQ,,,,,DIGJAM LTD,50.48,51.00,49.41,49.96,50.97,49.40,,49.96,,,1422,71746.07,33,F1,1,,,,,
2026-09-04,2026-09-04,CM,NSE,STK,641,INE016M01021,DNAMEDIA,EQ,,,,,DILIGENT MEDIA CORP LTD.,2.68,2.70,2.51,2.63,2.67,2.63,,2.63,,,34439,89524.71,123,F1,1,,,,,
2026-09-04,2026-09-04,CM,NSE,STK,18086,INE917M01012,DBL,EQ,,,,,DILIP BUILDCON LIMITED,402.75,404.00,398.00,401.00,401.25,398.55,,401.00,,,58236,23313235.15,1965,F1,1,,,,,
2026-09-04,2026-09-04,CM,NSE,STK,762643,INE131C01011,DISAQ,EQ,,,,,DISA INDIA LTD.,11987.00,12119.00,11825.00,11990.00,11999.00,11775.00,,11990.39,,,61,732420.00,48,F1,1,,,,,
2026-09-04,2026-09-04,CM,NSE,STK,14537,INE836F01026,DISHTV,EQ,,,,,DISH TV INDIA LTD.,2.61,2.65,2.51,2.57,2.59,2.61,,2.57,,,1807676,4665067.08,1693,F1,1,,,,,
2026-09-04,2026-09-04,CM,NSE,STK,21704,INE385W01011,DCAL,EQ,,,,,DISHMAN CARBO AMCIS LTD,178.50,178.50,173.20,174.38,174.20,176.99,,174.38,,,122894,21514844.96,2245,F1,1,,,,,
2026-09-04,2026-09-04,CM,NSE,STK,14479,INE753U01022,DIVGIITTS,EQ,,,,,DIVGI TORQTRANSFER SYST L,1245.10,1268.30,1211.20,1235.80,1225.20,1235.20,,1235.67,,,94690,116523254.10,7891,F1,1,,,,,
2026-09-04,2026-09-04,CM,NSE,STK,10940,INE361B01024,DIVISLAB,EQ,,,,,DIVI S LABORATORIES LTD,9244.00,9269.00,9100.00,9100.00,9100.00,9250.00,,9100.00,,,250202,2294932463.50,28411,F1,1,,,,,
2026-09-04,2026-09-04,CM,NSE,STK,30262,INE0NA501011,DIVINEHIRA,ST,,,,,DIVINE HIRA JEWELLERS LTD,115.00,115.00,109.00,109.45,113.50,113.70,,109.45,,,16800,1859280.00,8,F1,1200,,,,,
2026-09-04,2026-09-04,CM,NSE,STK,24286,INE0SCO01019,DPEL,SM,,,,,DIVINE POWER ENERGY LTD,579.95,580.00,577.00,578.75,578.10,577.30,,578.75,,,12000,6947925.00,21,F1,500,,,,,
2026-09-04,2026-09-04,CM,NSE,STK,25680,INE0QYI01019,DIVYADHAN,ST,,,,,DIVYADHAN RECYCLING IND L,44.95,44.95,44.90,44.90,44.90,42.85,,44.90,,,12000,539000.00,3,F1,2000,,,,,
2026-09-04,2026-09-04,CM,NSE,STK,21690,INE935N01020,DIXON,EQ,,,,,DIXON TECHNO (INDIA) LTD,14445.00,14463.00,14070.00,14240.00,14240.00,14445.00,,14240.34,,,350720,4991620441.00,53585,F1,1,,,,,
2026-09-04,2026-09-04,CM,NSE,STK,12749,INE0B1K01014,DJML,EQ,,,,,DJ MEDIAPRINT & LOG LTD,70.71,76.90,70.71,75.64,74.69,70.71,,75.64,,,234263,17534023.77,2757,F1,1,,,,,
2026-09-04,2026-09-04,CM,NSE,STK,14732,INE271C01023,DLF,EQ,,,,,DLF LIMITED,681.65,689.75,680.80,681.90,681.90,681.65,,681.89,,,1911967,1310682796.55,51851,F1,1,,,,,
2026-09-04,2026-09-04,CM,NSE,STK,6973,INE505A01010,DMCC,EQ,,,,,DMCC SPECIALITY CHEMICALS,294.70,302.00,291.10,293.35,291.50,295.50,,293.40,,,46455,13786408.65,1452,F1,1,,,,,
2026-09-04,2026-09-04,CM,NSE,STK,4822,INE021O01019,DODLA,EQ,,,,,DODLA DAIRY LIMITED,1081.70,1081.70,1062.00,1066.80,1065.10,1069.90,,1066.86,,,8579,9165812.60,1616,F1,1,,,,,
2026-09-04,2026-09-04,CM,NSE,STK,12124,INE966A01022,DOLATALGO,EQ,,,,,DOLAT ALGOTECH LIMITED,70.49,72.99,70.11,70.91,70.40,70.05,,70.89,,,187699,13375547.68,1685,F1,1,,,,,
2026-09-04,2026-09-04,CM,NSE,STK,20560,INE325C01035,DOLLAR,EQ,,,,,DOLLAR INDUSTRIES LIMITED,265.55,267.10,262.80,264.25,263.50,265.00,,264.25,,,36786,9736794.40,1075,F1,1,,,,,
2026-09-04,2026-09-04,CM,NSE,STK,13323,INE0JHH01011,DOLLEX,SM,,,,,DOLLEX AGROTECH LIMITED,36.80,36.80,36.80,36.80,36.80,35.00,,36.80,,,4000,147200.00,1,F1,4000,,,,,
2026-09-04,2026-09-04,CM,NSE,STK,18139,INE920A01037,DOLPHIN,EQ,,,,,DOLPHIN OFF ENT (IND) L,625.00,681.55,623.30,674.00,677.00,619.60,,674.01,,,169333,112078167.50,3757,F1,1,,,,,
2026-09-04,2026-09-04,CM,NSE,STK,20551,INE321T01012,DOMS,EQ,,,,,DOMS INDUSTRIES LIMITED,2205.00,2224.80,2183.20,2208.70,2208.30,2207.60,,2208.68,,,77261,170429112.60,10476,F1,1,,,,,
2026-09-04,2026-09-04,CM,NSE,STK,13839,INE668D01028,DONEAR,EQ,,,,,DONEAR IND. LIMITED,90.39,93.47,89.10,92.25,92.02,88.56,,92.30,,,106790,9788380.93,698,F1,1,,,,,
2026-09-04,2026-09-04,CM,NSE,STK,15423,INE360C01024,DPSCLTD,BE,,,,,DPSC LIMITED,7.40,7.45,6.95,7.09,7.28,7.27,,7.09,,,147130,1053716.27,464,F1,1,,,,,
2026-09-04,2026-09-04,CM,NSE,STK,29452,INE943P01029,AGARWALEYE,EQ,,,,,DR AGARWALS HEALTH CARE L,511.60,515.95,507.80,514.10,514.65,511.45,,514.10,,,81568,41780131.50,5450,F1,1,,,,,
2026-09-04,2026-09-04,CM,NSE,STK,762648,INE934C01018,DRAGARWQ,EQ,,,,,DR. AGARWAL'S EYE HOSP L,5339.00,5474.00,5302.00,5422.50,5474.00,5339.00,,5421.76,,,954,5141819.50,193,F1,1,,,,,
2026-09-04,2026-09-04,CM,NSE,STK,11654,INE600L01024,LALPATHLAB,EQ,,,,,DR. LAL PATH LABS LTD.,1920.50,1925.20,1855.70,1877.50,1895.00,1925.20,,1877.47,,,288144,540153730.00,42647,F1,1,,,,,
2026-09-04,2026-09-04,CM,NSE,STK,881,INE089A01031,DRREDDY,EQ,,,,,DR. REDDY S LABORATORIES,1157.00,1166.80,1151.00,1151.00,1151.00,1155.00,,1151.02,,,568461,659407091.90,33569,F1,1,,,,,
2026-09-04,2026-09-04,CM,NSE,STK,2645,INE03RS01027,DRCSYSTEMS,EQ,,,,,DRC SYSTEMS INDIA LIMITED,13.21,13.85,13.21,13.64,13.75,13.42,,13.67,,,37863,516174.67,229,F1,1,,,,,
2026-09-04,2026-09-04,CM,NSE,STK,10859,INE0JS101016,DREAMFOLKS,EQ,,,,,DREAMFOLKS SERVICES LTD,66.10,67.47,66.07,66.93,67.00,66.33,,66.88,,,38187,2537818.50,694,F1,1,,,,,
2026-09-04,2026-09-04,CM,NSE,STK,11271,INE506A01018,DREDGECORP,EQ,,,,,DREDGING CORP OF INDIA,1074.70,1117.50,1074.70,1087.70,1084.60,1074.70,,1087.73,,,128213,140581202.70,8211,F1,1,,,,,
2026-09-04,2026-09-04,CM,NSE,STK,17372,INE0P7201019,DRONE,SM,,,,,DRONE DESTINATION LIMITED,34.15,34.15,32.00,33.50,33.45,34.00,,33.50,,,43500,1445625.00,75,F1,500,,,,,
2026-09-04,2026-09-04,CM,NSE,STK,778,INE055C01020,KEEPLEARN,EQ,,,,,DSJ KEEP LEARNING LTD,2.03,2.03,1.87,1.87,1.93,1.90,,1.87,,,39241,75476.75,116,F1,1,,,,,
2026-09-04,2026-09-04,CM,NSE,STK,1927,INF740KA1EU7,LIQUIDETF,EQ,,,,,DSP LIQUID ETF,1000.01,1000.01,999.99,999.99,1000.00,999.99,,999.99,,,308648,308648440.26,395,F1,1,,,,,
2026-09-04,2026-09-04,CM,NSE,STK,761364,INF740KA1YH2,BANK10ADD,EQ,,,,,DSPAMC - BANK10ADD,16.87,16.98,16.86,16.93,16.92,16.96,,16.93,,,2303,38987.94,68,F1,1,,,,,
2026-09-04,2026-09-04,CM,NSE,STK,13644,INF740KA1RX3,BANKADD,EQ,,,,,DSPAMC - DSPBANK,58.96,59.14,58.82,58.99,59.01,58.95,,58.99,,,5499,324237.69,53,F1,1,,,,,
2026-09-04,2026-09-04,CM,NSE,STK,15356,INF740KA1ZP2,GOLDADD,EQ,,,,,DSPAMC - DSPGOLD,15.14,15.14,14.87,14.95,14.95,14.84,,14.95,,,4153135,62079806.65,3490,F1,1,,,,,
2026-09-04,2026-09-04,CM,NSE,STK,17207,INF740KA1SX1,ITADD,EQ,,,,,DSPAMC - DSPIT,32.99,32.99,32.52,32.57,32.63,32.67,,32.56,,,6830,223894.56,56,F1,1,,,,,
2026-09-04,2026-09-04,CM,NSE,STK,6606,INF740KA1QK2,EQUAL50ADD,EQ,,,,,DSPAMC - DSPNEWETF,341.54,342.00,338.98,340.33,338.98,340.57,,340.41,,,15781,5380814.05,242,F1,1,,,,,
2026-09-04,2026-09-04,CM,NSE,STK,7451,INF740KA1CL0,NIFTYADD,EQ,,,,,DSPAMC - DSPNIFTY,252.72,253.75,251.80,252.48,253.75,251.97,,252.53,,,3105,784221.04,119,F1,1,,,,,
2026-09-04,2026-09-04,CM,NSE,STK,17616,INF740KA1SY9,PSUBANKADD,EQ,,,,,DSPAMC - DSPPSBKETF,87.95,87.95,86.11,86.43,86.78,86.59,,86.48,,,13572,1175509.09,213,F1,1,,,,,
2026-09-04,2026-09-04,CM,NSE,STK,17576,INF740KA1TA7,PVTBANKADD,EQ,,,,,DSPAMC - DSPPVBKETF,28.37,28.40,28.24,28.34,28.40,28.38,,28.34,,,17724,502266.52,85,F1,1,,,,,
2026-09-04,2026-09-04,CM,NSE,STK,7456,INF740KA1ZF3,MIDQ50ADD,EQ,,,,,DSPAMC - DSPQ50ETF,25.06,25.14,24.95,25.01,25.05,25.06,,24.98,,,45658,1142951.88,104,F1,1,,,,,
2026-09-04,2026-09-04,CM,NSE,STK,17613,INF740KA1SZ6,SENSEXADD,EQ,,,,,DSPAMC - DSPSENXETF,79.33,79.33,79.29,79.29,79.29,79.18,,79.27,,,56,4440.42,4,F1,1,,,,,
2026-09-04,2026-09-04,CM,NSE,STK,10761,INF740KA1ZQ0,SILVERADD,EQ,,,,,DSPAMC - DSPSILVETF,22.36,22.57,22.31,22.44,22.47,22.19,,22.44,,,2849876,63979878.04,5395,F1,1,,,,,
2026-09-04,2026-09-04,CM,NSE,STK,759368,INF740KA1WU9,FLEXIADD,EQ,,,,,DSPAMC - FLEXIADD,10.31,10.44,10.00,10.06,10.05,10.05,,10.06,,,35100,353408.81,354,F1,1,,,,,
2026-09-04,2026-09-04,CM,NSE,STK,763530,INF740KA1ZA4,FMCGADD,EQ,,,,,DSPAMC - FMCGADD,46.22,48.80,46.11,46.25,46.34,46.22,,46.25,,,47656,2202328.52,191,F1,1,,,,,
2026-09-04,2026-09-04,CM,NSE,STK,765310,INF740KA1ZI7,GSEC10ADD,EQ,,,,,DSPAMC - GSEC10ADD,26.79,26.79,26.48,26.79,26.79,26.49,,26.79,,,42,1118.98,4,F1,1,,,,,
2026-09-04,2026-09-04,CM,NSE,STK,22592,INF740KA1ZG1,HEALTHADD,EQ,,,,,DSPAMC - HEALTHADD,16.70,16.72,16.50,16.58,16.65,16.70,,16.58,,,21553,357837.96,100,F1,1,,,,,
2026-09-04,2026-09-04,CM,NSE,STK,23407,INF740KA1UM0,LIQUIDADD,EQ,,,,,DSPAMC - LIQUIDADD,1143.55,1143.67,1143.50,1143.51,1143.50,1143.13,,1143.51,,,332115,379778122.19,281,F1,1,,,,,
2026-09-04,2026-09-04,CM,NSE,STK,764428,INF740KA1ZH9,MIDBANKADD,EQ,,,,,DSPAMC - MIDBANKADD,17.52,17.54,17.47,17.50,17.50,17.52,,17.50,,,10430,182496.25,24,F1,1,,,,,
2026-09-04,2026-09-04,CM,NSE,STK,760356,INF740KA1WW5,MIDCAPADD,EQ,,,,,DSPAMC - MIDCAPADD,23.14,23.36,23.14,23.28,23.28,23.14,,23.28,,,1461,34058.04,23,F1,1,,,,,
2026-09-04,2026-09-04,CM,NSE,STK,759978,INF740KA1WV7,MSCIADD,EQ,,,,,DSPAMC - MSCIADD,29.37,29.53,29.37,29.53,29.53,29.37,,29.53,,,836,24621.30,11,F1,1,,,,,
2026-09-04,2026-09-04,CM,NSE,STK,29464,INF740KA1VE5,NEXT30ADD,EQ,,,,,DSPAMC - NEXT30ADD,42.65,42.78,42.50,42.69,42.67,42.59,,42.69,,,3585,152834.56,97,F1,1,,,,,
2026-09-04,2026-09-04,CM,NSE,STK,760599,INF740KA1XU7,NEXT50ADD,EQ,,,,,DSPAMC - NEXT50ADD,73.68,73.72,73.30,73.52,73.53,73.68,,73.52,,,13815,1015976.34,35,F1,1,,,,,
2026-09-04,2026-09-04,CM,NSE,STK,760359,INF740KA1WX3,SMALLADD,EQ,,,,,DSPAMC - SMALLADD,18.66,18.70,18.49,18.53,18.69,18.56,,18.53,,,67956,1267870.08,114,F1,1,,,,,
2026-09-04,2026-09-04,CM,NSE,STK,25171,INF740KA1UR9,TOP10ADD,EQ,,,,,DSPAMC - TOP10ADD,88.04,88.30,87.81,87.98,88.08,87.79,,87.98,,,305895,26921733.59,452,F1,1,,,,,
2026-09-04,2026-09-04,CM,NSE,STK,13766,INE0LZO01015,DUCOL,SM,,,,,DUCOL ORGS AND COLOURS LT,109.00,114.90,108.00,108.00,108.00,109.00,,108.00,,,4000,439920.00,5,F1,800,,,,,
2026-09-04,2026-09-04,CM,NSE,STK,765512,INE741L20034,DUCON-RE1,BE,,,,,DUCON INFRATECH LTD,0.39,0.41,0.39,0.39,0.39,0.65,,0.39,,,5721926,2231747.29,1818,F1,1,,,,,
2026-09-04,2026-09-04,CM,NSE,STK,28952,INE741L01018,DUCON,EQ,,,,,DUCON INFRATECHNOLOGIES L,1.92,1.99,1.84,1.92,1.92,1.93,,1.92,,,1709236,3232732.51,1080,F1,1,,,,,
2026-09-04,2026-09-04,CM,NSE,STK,5457,INE0HPK01020,DUGLOBAL,SM,,,,,DUDIGITAL GLOBAL LIMITED,25.70,25.70,25.50,25.55,25.65,25.00,,25.55,,,12500,319625.00,4,F1,2500,,,,,
2026-09-04,2026-09-04,CM,NSE,STK,24164,INE0OUW01013,DURLAX,SM,,,,,DURLAX TOP SURFACE LTD,66.45,66.50,64.10,64.50,64.70,66.50,,64.50,,,26000,1689100.00,12,F1,2000,,,,,
2026-09-04,2026-09-04,CM,NSE,STK,11667,INE366A01041,DWARKESH,EQ,,,,,DWARIKESH SUGAR IND LTD,49.41,49.41,47.01,47.31,47.47,49.32,,47.31,,,2333510,111445405.92,9152,F1,1,,,,,
2026-09-04,2026-09-04,CM,NSE,STK,25690,INE417B01040,DSSL,EQ,,,,,DYNACONS SYS & SOLN LTD,992.60,1053.10,990.00,1053.10,1053.10,1003.00,,1053.47,,,34708,36005221.90,2982,F1,1,,,,,
2026-09-04,2026-09-04,CM,NSE,STK,4525,INE221B01012,DYNAMATECH,EQ,,,,,DYNAMATIC TECHNOLOGIES,11560.00,11775.00,11558.00,11654.00,11672.00,11532.00,,11654.11,,,8608,100306405.00,3309,F1,1,,,,,
2026-09-04,2026-09-04,CM,NSE,STK,10417,INE600Y01019,DYCL,EQ,,,,,DYNAMIC CABLES LIMITED,541.90,546.80,484.00,487.90,488.00,544.30,,487.90,,,1789647,903416046.00,44589,F1,1,,,,,
2026-09-04,2026-09-04,CM,NSE,STK,6082,INE0DZ701010,DYNAMIC,ST,,,,,DYNAMIC SRVCS & SEC LTD,141.80,148.75,139.05,146.30,148.75,141.70,,146.30,,,14500,2105900.00,29,F1,500,,,,,
2026-09-04,2026-09-04,CM,NSE,STK,21314,INE256H01015,DYNPRO,EQ,,,,,DYNEMIC PRODUCTS LIMITED,240.00,248.00,235.00,236.06,236.89,237.81,,236.05,,,37117,8974459.43,1061,F1,1,,,,,
2026-09-04,2026-09-04,CM,NSE,STK,19267,INE0KFF01017,EFACTOR,SM,,,,,E FACTOR EXPERIENCES LTD,180.00,180.00,168.15,173.00,173.00,175.00,,173.00,,,3600,633120.00,6,F1,400,,,,,
2026-09-04,2026-09-04,CM,NSE,STK,760531,INE1CEJ01017,E2ERAIL,SM,,,,,E TO E TRANS INFRA LTD,337.00,364.95,337.00,353.10,354.60,345.40,,353.10,,,83200,29128080.00,86,F1,800,,,,,
2026-09-04,2026-09-04,CM,NSE,STK,8940,INE255Z01027,E2E,BE,,,,,E2E NETWORKS LIMITED,573.10,615.00,573.10,601.55,602.00,592.70,,601.62,,,631973,377008653.85,11345,F1,1,,,,,
2026-09-04,2026-09-04,CM,NSE,STK,765065,INE595R01023,EASTWEST,EQ,,,,,EAST WEST FREIGHT CARRI L,2.30,2.40,2.28,2.36,2.37,2.34,,2.36,,,61727,144474.77,167,F1,1,,,,,
2026-09-04,2026-09-04,CM,NSE,STK,9769,INE962C01035,EASTSILK,BE,,,,,EASTERN SILK INDUSTRIES L,63.99,63.99,60.80,61.00,60.86,63.99,,61.00,,,1126,69304.19,29,F1,1,,,,,
2026-09-04,2026-09-04,CM,NSE,STK,2792,INE07O001026,EASEMYTRIP,EQ,,,,,EASY TRIP PLANNERS LTD,6.03,6.03,5.98,6.00,5.99,5.97,,6.00,,,5002636,30042736.89,4499,F1,1,,,,,
2026-09-04,2026-09-04,CM,NSE,STK,765073,INE432F01032,EBIX,BE,,,,,EBIX LIMITED,20.24,20.48,19.50,20.28,20.29,19.84,,20.35,,,20412,404890.98,75,F1,1,,,,,
2026-09-04,2026-09-04,CM,NSE,STK,759974,INE528S07110,888ECL28,N1,,,,,ECL 8.88% 2028 SR V,987.05,987.05,980.01,982.10,982.10,984.01,,984.61,,,410,403203.89,13,F1,1,,,,,
2026-09-04,2026-09-04,CM,NSE,STK,15179,INE738I01010,ECLERX,EQ,,,,,ECLERX SERVICES LTD,1960.00,1967.80,1878.30,1905.70,1901.00,1971.70,,1905.92,,,163141,314857907.80,22979,F1,1,,,,,
2026-09-04,2026-09-04,CM,NSE,STK,764663,INE316A01038,ECORECO,EQ,,,,,ECO RECYCLING LTD.,462.00,468.95,455.85,459.35,457.00,456.10,,459.39,,,10145,4687844.30,655,F1,1,,,,,
2026-09-04,2026-09-04,CM,NSE,STK,759964,INE0VBS01016,ECOLINE,ST,,,,,ECOLINE EXIM LIMITED,181.00,183.00,176.00,180.35,183.00,180.00,,180.35,,,31000,5583000.00,19,F1,1000,,,,,
2026-09-04,2026-09-04,CM,NSE,STK,25060,INE06HJ01020,ECOSMOBLTY,EQ,,,,,ECOS (INDIA) MOB & HOSP L,113.93,115.90,112.13,113.54,113.00,113.93,,113.54,,,79330,9019671.50,1366,F1,1,,,,,
2026-09-04,2026-09-04,CM,NSE,STK,7196,INF754K01OB1,BBETF0432,EQ,,,,,EDELAMC - BBETF0432,1361.18,1361.18,1340.96,1342.30,1345.55,1342.98,,1342.30,,,1332,1791874.22,95,F1,1,,,,,
2026-09-04,2026-09-04,CM,NSE,STK,764378,INF754K01XH9,EBANK10,EQ,,,,,EDELAMC - EBANK10,16.83,16.84,16.66,16.84,16.84,16.83,,16.84,,,401,6737.18,15,F1,1,,,,,
2026-09-04,2026-09-04,CM,NSE,STK,25258,INF754K01TE4,EBANKNIFTY,EQ,,,,,EDELAMC - EBANKNIFTY,58.11,58.27,57.82,58.26,58.26,58.22,,58.26,,,2088,120971.83,15,F1,1,,,,,
2026-09-04,2026-09-04,CM,NSE,STK,16253,INF754K01KO2,EBBETF0430,EQ,,,,,EDELAMC - EBBETF0430,1611.98,1611.98,1607.71,1609.05,1608.75,1607.71,,1608.46,,,2002,3222468.37,260,F1,1,,,,,
2026-09-04,2026-09-04,CM,NSE,STK,22239,INF754K01LE1,EBBETF0431,EQ,,,,,EDELAMC - EBBETF0431,1432.36,1443.67,1431.00,1440.43,1438.05,1439.55,,1440.42,,,5856,8433700.14,200,F1,1,,,,,
2026-09-04,2026-09-04,CM,NSE,STK,13139,INF754K01QX0,EBBETF0433,EQ,,,,,EDELAMC - EBBETF0433,1313.15,1314.98,1306.53,1311.12,1311.00,1309.36,,1311.12,,,2625,3443561.30,95,F1,1,,,,,
2026-09-04,2026-09-04,CM,NSE,STK,29019,INF754K01TX4,ECAPINSURE,EQ,,,,,EDELAMC - ECAPINSURE,23.89,24.00,23.72,23.99,24.00,23.77,,23.98,,,53393,1272499.51,176,F1,1,,,,,
2026-09-04,2026-09-04,CM,NSE,STK,19933,INF754K01SE6,EGOLD,EQ,,,,,EDELAMC - EGOLD,153.20,154.40,153.05,153.80,153.75,152.60,,153.80,,,167536,25768363.30,360,F1,1,,,,,
2026-09-04,2026-09-04,CM,NSE,STK,759466,INF754K01VW2,ELIQUID,EQ,,,,,EDELAMC - ELIQUID,1046.75,1046.75,1046.59,1046.60,1046.60,1046.25,,1046.60,,,11691,12235803.98,7,F1,1,,,,,
2026-09-04,2026-09-04,CM,NSE,STK,758952,INF754K01VV4,ELM250,EQ,,,,,EDELAMC - ELM250,16.80,16.80,16.51,16.61,16.68,16.65,,16.61,,,355767,5926890.08,278,F1,1,,,,,
2026-09-04,2026-09-04,CM,NSE,STK,764367,INF754K01XI7,ELMDIV,EQ,,,,,EDELAMC - ELMDIV,36.99,36.99,36.49,36.50,36.50,36.38,,36.50,,,602,21978.94,12,F1,1,,,,,
2026-09-04,2026-09-04,CM,NSE,STK,764288,INF754K01XG1,EMETAL,EQ,,,,,EDELAMC - EMETAL,13.21,13.36,13.13,13.36,13.36,13.19,,13.36,,,5051,66397.95,14,F1,1,,,,,
2026-09-04,2026-09-04,CM,NSE,STK,25996,INF754K01TF1,EMULTIMQ,EQ,,,,,EDELAMC - EMULTIMQ,42.19,42.24,41.75,42.00,42.00,41.77,,42.00,,,11409,478594.20,126,F1,1,,,,,
2026-09-04,2026-09-04,CM,NSE,STK,763540,INF754K01XF3,ENEXT50,EQ,,,,,EDELAMC - ENEXT50,73.52,73.55,73.10,73.10,73.10,72.80,,73.13,,,275,20112.90,9,F1,1,,,,,
2026-09-04,2026-09-04,CM,NSE,STK,759998,INF754K01VX0,ENIFTY,EQ,,,,,EDELAMC - ENIFTY,24.75,24.75,24.10,24.19,24.19,24.15,,24.19,,,6023,146311.02,58,F1,1,,,,,
2026-09-04,2026-09-04,CM,NSE,STK,759995,INF754K01VY8,ESENSEX,EQ,,,,,EDELAMC - ESENSEX,77.00,77.56,77.00,77.46,77.46,77.32,,77.46,,,37,2860.49,10,F1,1,,,,,
2026-09-04,2026-09-04,CM,NSE,STK,20257,INF754K01SF3,ESILVER,EQ,,,,,EDELAMC - ESILVER,224.09,234.69,224.09,232.78,233.01,229.84,,232.78,,,221315,51515156.04,798,F1,1,,,,,
2026-09-04,2026-09-04,CM,NSE,STK,15119,INE532F01054,EDELWEISS,EQ,,,,,EDELWEISS FIN SERV LTD,136.11,138.24,134.76,136.08,135.90,134.76,,136.08,,,11273587,1537790886.18,64340,F1,1,,,,,
2026-09-04,2026-09-04,CM,NSE,STK,758675,INE886D01026,EFCIL,EQ,,,,,EFC (I) LIMITED,198.09,202.00,192.00,193.24,193.00,200.84,,193.22,,,235570,46246415.84,4668,F1,1,,,,,
2026-09-04,2026-09-04,CM,NSE,STK,24438,INE0U9101019,EFFWA,ST,,,,,EFFWA INFRA & RESEARCH L,370.00,380.00,350.20,360.00,360.00,368.15,,360.00,,,8800,3199960.00,19,F1,400,,,,,
2026-09-04,2026-09-04,CM,NSE,STK,910,INE066A01021,EICHERMOT,EQ,,,,,EICHER MOTORS LTD,7665.00,7665.50,7590.00,7630.50,7630.50,7690.00,,7630.39,,,492954,3757757330.00,47403,F1,1,,,,,
2026-09-04,2026-09-04,CM,NSE,STK,916,INE126A01031,EIDPARRY,EQ,,,,,EID PARRY INDIA LTD,778.25,784.50,774.85,781.35,782.00,778.25,,781.26,,,270760,210982385.00,11684,F1,1,,,,,
2026-09-04,2026-09-04,CM,NSE,STK,15399,INE276C01014,EIHAHOTELS,EQ,,,,,EIH ASSOCIATED HOTELS LTD,305.45,308.60,295.30,297.65,299.55,303.85,,296.98,,,11705,3509537.65,1161,F1,1,,,,,
2026-09-04,2026-09-04,CM,NSE,STK,919,INE230A01023,EIHOTEL,EQ,,,,,EIH LIMITED,292.65,293.40,290.10,291.90,291.80,290.75,,291.90,,,154906,45192744.55,10144,F1,1,,,,,
2026-09-04,2026-09-04,CM,NSE,STK,4040,INE158B01016,EIMCOELECO,EQ,,,,,EIMCO ELECON (INDIA) LTD,2286.10,2286.10,2240.00,2254.40,2250.00,2280.40,,2254.38,,,19567,44223867.50,2517,F1,1,,,,,
2026-09-04,2026-09-04,CM,NSE,STK,764668,INE0CPR01018,EKI,EQ,,,,,EKI ENERGY SERVICES LTD,73.15,76.00,73.11,74.13,74.30,74.06,,74.13,,,6162,457852.27,205,F1,1,,,,,
2026-09-04,2026-09-04,CM,NSE,STK,762653,INE280B01018,ELANTAS,EQ,,,,,ELANTAS BECK INDIA LTD.,12395.00,12400.00,12100.00,12219.00,12279.00,12114.00,,12221.56,,,1367,16691269.00,588,F1,1,,,,,
2026-09-04,2026-09-04,CM,NSE,STK,762658,INE927X01018,ELCIDIN,EQ,,,,,ELCID INVESTMENTS LTD.,109880.00,109880.00,107400.00,107590.00,107900.00,106500.00,,107590.00,,,12,1295420.00,12,F1,1,,,,,
2026-09-04,2026-09-04,CM,NSE,STK,8953,INE668G01021,ELDEHSG,EQ,,,,,ELDECO HSG & IND LTD.,781.00,801.00,781.00,789.10,794.80,790.45,,789.10,,,415,328025.85,35,F1,1,,,,,
2026-09-04,2026-09-04,CM,NSE,STK,13643,INE205B01031,ELECON,EQ,,,,,ELECON ENG. CO. LTD,436.50,442.50,428.75,433.75,433.00,435.95,,433.72,,,535067,232935467.45,20353,F1,1,,,,,
2026-09-04,2026-09-04,CM,NSE,STK,20899,INE0Q1W01012,EFORCE,SM,,,,,ELECTRO FORCE (INDIA) LTD,19.30,21.40,19.30,20.05,20.05,19.50,,20.05,,,16800,340620.00,14,F1,1200,,,,,
2026-09-04,2026-09-04,CM,NSE,STK,11530,INE02YR01019,EMIL,EQ,,,,,ELECTRONICS MART IND LTD,175.40,176.67,167.54,173.74,172.60,176.16,,173.75,,,1637322,282153941.77,22574,F1,1,,,,,
2026-09-04,2026-09-04,CM,NSE,STK,928,INE086A01029,ELECTCAST,EQ,,,,,ELECTROSTEEL CASTINGS LTD,84.30,84.90,82.61,83.71,83.15,83.85,,83.71,,,1762760,147418215.75,13251,F1,1,,,,,
2026-09-04,2026-09-04,CM,NSE,STK,4469,INE822G01016,ELECTHERM,EQ,,,,,ELECTROTHERM (I) LTD.,979.90,999.90,979.90,980.90,980.00,979.90,,980.94,,,7385,7264252.75,331,F1,1,,,,,
2026-09-04,2026-09-04,CM,NSE,STK,29595,INE0R9101015,ELGNZ,SM,,,,,ELEGANZ INTERIORS LIMITED,85.50,88.25,84.30,87.55,88.00,84.05,,87.55,,,25000,2150100.00,24,F1,1000,,,,,
2026-09-04,2026-09-04,CM,NSE,STK,937,INE285A01027,ELGIEQUIP,EQ,,,,,ELGI EQUIPMENTS LTD,632.95,645.40,627.50,642.10,643.45,630.35,,642.08,,,691967,441570196.95,22241,F1,1,,,,,
2026-09-04,2026-09-04,CM,NSE,STK,24924,INE819L01012,ELGIRUBCO,EQ,,,,,ELGI RUBBER CO. LTD,59.98,59.98,58.10,58.69,58.59,59.08,,58.69,,,44079,2593008.74,1003,F1,1,,,,,
2026-09-04,2026-09-04,CM,NSE,STK,13423,INE050401020,ELIN,EQ,,,,,ELIN ELECTRONICS LIMITED,95.26,97.30,95.00,95.40,95.25,95.26,,95.39,,,196524,18867538.08,2356,F1,1,,,,,
2026-09-04,2026-09-04,CM,NSE,STK,762663,INE669R01026,ELITECON,EQ,,,,,ELITECON INTERNATIONAL L,8.68,8.68,8.68,8.68,8.68,9.13,,8.68,,,1122582,9744011.76,3278,F1,1,,,,,
2026-09-04,2026-09-04,CM,NSE,STK,758563,INE236E01022,ELLEN,EQ,,,,,ELLENBARRIE INDUS GASES L,333.80,340.15,327.50,331.85,331.10,330.45,,331.86,,,759237,254685099.40,15867,F1,1,,,,,
2026-09-04,2026-09-04,CM,NSE,STK,4471,INE579B01039,ELPROINTL,EQ,,,,,ELPRO INTERNATIONAL LTD,173.66,174.94,173.58,174.00,174.00,174.44,,174.00,,,3631,632046.96,75,F1,1,,,,,
2026-09-04,2026-09-04,CM,NSE,STK,29229,INE0ZOL01023,EMAPARTNER,SM,,,,,EMA PARTNERS INDIA LTD,85.00,86.00,80.55,85.35,86.00,83.05,,85.35,,,18000,1511700.00,16,F1,1000,,,,,
2026-09-04,2026-09-04,CM,NSE,STK,13517,INE548C01032,EMAMILTD,EQ,,,,,EMAMI LIMITED,370.00,371.40,361.85,366.05,367.00,368.20,,366.06,,,1293997,471912757.25,22806,F1,1,,,,,
2026-09-04,2026-09-04,CM,NSE,STK,10084,INE830C01026,EMAMIPAP,BE,,,,,EMAMI PAPER MILLS LIMITED,112.35,115.92,111.70,115.92,115.92,110.40,,117.68,,,35403,4063153.08,307,F1,1,,,,,
2026-09-04,2026-09-04,CM,NSE,STK,19277,INE778K01012,EMAMIREAL,EQ,,,,,EMAMI REALTY LIMITED,69.29,69.30,65.70,66.74,66.45,68.70,,66.14,,,24880,1664774.66,382,F1,1,,,,,
2026-09-04,2026-09-04,CM,NSE,STK,14450,INE069I01010,EMBDL,EQ,,,,,EMBASSY DEVELOPMENTS LTD,58.65,59.19,57.25,57.53,57.60,58.59,,57.52,,,2533639,147091517.57,11846,F1,1,,,,,
2026-09-04,2026-09-04,CM,NSE,STK,9383,INE041025011,EMBASSY,RR,,,,,EMBASSY OFFICE PARKS REIT,439.97,439.97,435.11,438.69,438.36,438.57,,438.65,,,641632,281459090.77,10850,F1,1,,,,,
2026-09-04,2026-09-04,CM,NSE,STK,24398,INE168P01015,EMCURE,EQ,,,,,EMCURE PHARMACEUTICALS L,1888.00,1935.00,1874.70,1927.60,1925.90,1854.70,,1927.65,,,276608,529689047.40,24433,F1,1,,,,,
2026-09-04,2026-09-04,CM,NSE,STK,27629,INE0RHD01013,ETML,SM,,,,,EMERALD TYRE MANUF LTD,80.80,85.80,80.80,81.95,81.95,82.00,,81.95,,,6000,495660.00,5,F1,1200,,,,,
2026-09-04,2026-09-04,CM,NSE,STK,13421,INE296H01011,EMKAY,EQ,,,,,EMKAY GLOBAL FIN SERV LTD,259.00,270.00,255.15,267.25,267.00,257.75,,267.23,,,54753,14479020.10,1159,F1,1,,,,,
2026-09-04,2026-09-04,CM,NSE,STK,10253,INE332S01011,EMKAYTOOLS,SM,,,,,EMKAY TAP & CUT. TOOL LTD,93.50,98.00,93.50,98.00,98.00,96.05,,98.00,,,1350,131617.50,9,F1,150,,,,,
2026-09-04,2026-09-04,CM,NSE,STK,758591,INE0PXC01024,ETL,SM,,,,,EMKAY TOOLS LIMITED,1035.15,1047.00,1035.15,1047.00,1047.00,1098.10,,1047.00,,,300,312322.50,2,F1,150,,,,,
2026-09-04,2026-09-04,CM,NSE,STK,18146,INE753K01015,EMMBI,BE,,,,,EMMBI INDUSTRIES LIMITED,91.05,94.20,90.75,91.00,90.75,90.17,,91.00,,,5830,536428.45,66,F1,1,,,,,
2026-09-04,2026-09-04,CM,NSE,STK,759728,INE1C6T01020,EMMVEE,EQ,,,,,EMMVEE PHOTOVOLTAIC PWR L,327.00,330.90,322.30,325.20,325.35,326.40,,325.20,,,873378,284298380.20,27551,F1,1,,,,,
2026-09-04,2026-09-04,CM,NSE,STK,764673,INE515H01014,EMPIND,EQ,,,,,EMPIRE INDUSTRIES LTD.,1202.00,1208.30,1192.00,1195.60,1196.00,1195.90,,1195.60,,,6883,8241824.50,500,F1,1,,,,,
2026-09-04,2026-09-04,CM,NSE,STK,762670,INE507F01023,EMPOWER,EQ,,,,,EMPOWER INDIA LTD.,1.73,1.90,1.73,1.84,1.89,1.82,,1.84,,,26427168,46944709.51,4753,F1,1,,,,,
2026-09-04,2026-09-04,CM,NSE,STK,18593,INE0OV601013,EMSLIMITED,EQ,,,,,EMS LIMITED,387.35,388.95,381.00,383.05,383.75,387.35,,383.05,,,166270,63676974.80,4614,F1,1,,,,,
2026-09-04,2026-09-04,CM,NSE,STK,9756,INE01QM01018,EMUDHRA,EQ,,,,,EMUDHRA LIMITED,519.85,534.40,519.85,524.80,525.00,519.85,,524.79,,,71392,37530852.35,2873,F1,1,,,,,
2026-09-04,2026-09-04,CM,NSE,STK,760321,INE433T01015,ENCOMPAS,SM,,,,,ENCOMPASS DESIGN INDIA L,251.45,258.95,248.00,256.80,258.00,248.65,,256.80,,,9600,2429300.00,21,F1,400,,,,,
2026-09-04,2026-09-04,CM,NSE,STK,18822,INE913H01037,ENDURANCE,EQ,,,,,ENDURANCE TECHNO. LTD.,2757.00,2795.00,2736.60,2782.80,2772.30,2754.70,,2782.78,,,50285,138950309.30,9180,F1,1,,,,,
2026-09-04,2026-09-04,CM,NSE,STK,15049,INE306C01019,ENERGYDEV,EQ,,,,,ENERGY DEVE. CO.LTD,15.99,15.99,15.45,15.49,15.50,15.50,,15.52,,,11133,174359.58,171,F1,1,,,,,
2026-09-04,2026-09-04,CM,NSE,STK,23745,INE0S1L01013,EMMIL,SM,,,,,ENERGY MISSION MACH IND L,120.00,124.00,118.15,120.10,120.10,120.65,,120.10,,,15750,1904662.50,25,F1,250,,,,,
2026-09-04,2026-09-04,CM,NSE,STK,23224,INE0S3X01014,ENFUSE,SM,,,,,ENFUSE SOLUTIONS LIMITED,155.05,155.05,155.00,155.00,155.00,160.75,,155.00,,,1800,279030.00,3,F1,600,,,,,
2026-09-04,2026-09-04,CM,NSE,STK,4907,INE510A01028,ENGINERSIN,EQ,,,,,ENGINEERS INDIA LTD,282.40,284.50,278.35,279.45,280.00,281.95,,279.45,,,3490446,983697582.55,51832,F1,1,,,,,
2026-09-04,2026-09-04,CM,NSE,STK,764678,INE130L01014,ENKEIWHEL,EQ,,,,,ENKEI WHEELS (INDIA) LTD.,396.00,400.00,384.00,389.80,399.00,380.80,,389.80,,,776,305698.35,73,F1,1,,,,,
2026-09-04,2026-09-04,CM,NSE,STK,23230,INE0R9I01021,ENSER,SM,,,,,ENSER COMMUNICATIONS LTD,15.35,15.35,15.25,15.30,15.35,14.80,,15.30,,,50000,766500.00,10,F1,5000,,,,,
2026-09-04,2026-09-04,CM,NSE,STK,22717,INE010601016,ENTERO,EQ,,,,,ENTERO HEALTHCARE SOLU L,1848.00,1868.90,1811.10,1827.60,1824.80,1848.00,,1827.59,,,96165,177130908.20,11496,F1,1,,,,,
2026-09-04,2026-09-04,CM,NSE,STK,13192,INE265F01028,ENIL,EQ,,,,,ENTERTAIN NET. IND. LTD.,99.67,103.10,99.67,102.65,103.00,99.61,,102.65,,,27341,2774564.67,582,F1,1,,,,,
2026-09-04,2026-09-04,CM,NSE,STK,27213,INE0LLY01014,EIEL,EQ,,,,,ENVIRO INFRA ENGINEERS L,196.90,201.70,195.65,199.17,199.10,195.66,,199.16,,,769678,153011435.07,12654,F1,1,,,,,
2026-09-04,2026-09-04,CM,NSE,STK,25412,INE0SUH01015,ENVIRO,SM,,,,,ENVIROTECH SYSTEMS LTD,69.10,71.25,69.05,70.50,70.50,71.15,,70.50,,,11000,772000.00,11,F1,1000,,,,,
2026-09-04,2026-09-04,CM,NSE,STK,22463,INE0G5901015,EPACK,EQ,,,,,EPACK DURABLE LIMITED,191.00,192.50,187.99,189.27,188.50,189.08,,189.27,,,343336,65142248.21,5259,F1,1,,,,,
2026-09-04,2026-09-04,CM,NSE,STK,759251,INE0MLS01022,EPACKPEB,EQ,,,,,EPACK PREFAB TECHN LTD,227.50,233.85,227.50,231.11,230.00,227.30,,231.11,,,324727,74959483.05,5343,F1,1,,,,,
2026-09-04,2026-09-04,CM,NSE,STK,5382,INE071N01016,EPIGRAL,EQ,,,,,EPIGRAL LIMITED,1230.00,1254.80,1214.50,1219.70,1227.40,1236.70,,1219.69,,,48188,59337209.50,6030,F1,1,,,,,
2026-09-04,2026-09-04,CM,NSE,STK,981,INE255A01020,EPL,EQ,,,,,EPL LIMITED,246.55,250.90,244.55,247.10,247.25,246.55,,247.12,,,3718253,920059579.90,30937,F1,1,,,,,
2026-09-04,2026-09-04,CM,NSE,STK,758349,INE11HF01010,EEPL,ST,,,,,EPPELTONE ENGINEERS LTD,132.00,141.70,132.00,139.70,141.70,135.05,,139.70,,,18000,2489750.00,18,F1,1000,,,,,
2026-09-04,2026-09-04,CM,NSE,STK,761217,INE1KEC01023,EPWINDIA,ST,,,,,EPW INDIA LIMITED,245.00,245.00,243.20,244.10,244.10,256.00,,244.10,,,4800,1170660.00,4,F1,1200,,,,,
2026-09-04,2026-09-04,CM,NSE,STK,3553,INE217G01035,EQUIPPP,BE,,,,,EQUIPPP SOC IMP TECH LTD,22.89,22.89,22.10,22.75,22.79,22.89,,22.77,,,1891,42849.25,12,F1,1,,,,,
2026-09-04,2026-09-04,CM,NSE,STK,913,INE063P01018,EQUITASBNK,EQ,,,,,EQUITAS SMALL FIN BNK LTD,73.05,73.99,72.80,72.95,73.60,73.04,,72.95,,,534782,39248129.30,6980,F1,1,,,,,
2026-09-04,2026-09-04,CM,NSE,STK,21154,INE406M01024,ERIS,EQ,,,,,ERIS LIFESCIENCES LIMITED,1301.00,1332.20,1301.00,1321.70,1319.00,1303.50,,1322.14,,,69111,91228515.30,10716,F1,1,,,,,
2026-09-04,2026-09-04,CM,NSE,STK,955,INE284A01012,ESABINDIA,EQ,,,,,ESAB INDIA LTD,6107.50,6114.00,6050.00,6067.50,6060.00,6077.50,,6068.18,,,2820,17120522.50,1113,F1,1,,,,,
2026-09-04,2026-09-04,CM,NSE,STK,19884,INE818W01011,ESAFSFB,BE,,,,,ESAF SMALL FINANCE BANK L,41.67,41.84,41.05,41.41,41.60,41.67,,41.45,,,271495,11238635.69,1394,F1,1,,,,,
2026-09-04,2026-09-04,CM,NSE,STK,22764,INE0RQZ01017,ESCONET,SM,,,,,ESCONET TECHNOLOGIES LTD,221.00,238.80,221.00,238.60,238.80,227.45,,238.60,,,40800,9606660.00,87,F1,400,,,,,
2026-09-04,2026-09-04,CM,NSE,STK,958,INE042A01014,ESCORTS,EQ,,,,,ESCORTS KUBOTA LIMITED,2993.00,3001.00,2960.30,2968.80,2968.30,2978.20,,2968.80,,,62925,187046375.50,12404,F1,1,,,,,
2026-09-04,2026-09-04,CM,NSE,STK,765553,INE0DRI01029,ESDS,EQ,,,,,ESDS SOFTWARE SOLUTION L,757.00,908.40,756.00,908.40,908.40,429.00,,907.65,,,15790052,13115874910.25,192111,F1,1,,,,,
2026-09-04,2026-09-04,CM,NSE,STK,24678,INE0SBP01018,ESPRIT,SM,,,,,ESPRIT STONES LIMITED,63.00,63.50,63.00,63.00,63.00,63.50,,63.00,,,4800,303200.00,3,F1,1600,,,,,
2026-09-04,2026-09-04,CM,NSE,STK,25634,INE122M01019,ESSARSHPNG,EQ,,,,,ESSAR SHIPPING LTD,17.00,17.65,16.90,17.09,17.00,16.87,,17.08,,,325102,5591360.40,1388,F1,1,,,,,
2026-09-04,2026-09-04,CM,NSE,STK,17084,INE0ITO01014,ESFL,SM,,,,,ESSEN SPECIALITY FILMS L,121.00,121.60,116.60,120.75,121.60,115.15,,120.75,,,11160,1335312.00,23,F1,360,,,,,
2026-09-04,2026-09-04,CM,NSE,STK,24265,INE778B01029,ESTER,EQ,,,,,ESTER INDUSTRIES LTD,94.04,94.72,93.00,93.57,93.85,94.03,,93.59,,,41294,3867472.19,656,F1,1,,,,,
2026-09-04,2026-09-04,CM,NSE,STK,5097,INE758T01015,ETERNAL,EQ,,,,,ETERNAL LIMITED,325.30,327.75,320.80,322.75,322.75,324.80,,322.75,,,17824027,5767662223.90,108841,F1,1,,,,,
2026-09-04,2026-09-04,CM,NSE,STK,9750,INE04TZ01018,ETHOSLTD,EQ,,,,,ETHOS LIMITED,2794.00,2905.60,2776.00,2792.80,2800.00,2793.10,,2792.80,,,79319,226257286.10,7746,F1,1,,,,,
2026-09-04,2026-09-04,CM,NSE,STK,25162,INE0KCE01017,EUREKAFORB,EQ,,,,,EUREKA FORBES LIMITED,430.00,430.00,422.15,423.75,423.95,429.25,,423.76,,,99508,42313116.50,7971,F1,1,,,,,
2026-09-04,2026-09-04,CM,NSE,STK,6042,INE546V01010,EIFFL,BE,,,,,EURO (I) FRESH FOODS LTD,273.05,273.05,273.05,273.05,273.05,278.60,,273.05,,,1424,388823.20,15,F1,1,,,,,
2026-09-04,2026-09-04,CM,NSE,STK,757953,INE505V01016,EUROBOND,EQ,,,,,EURO PANEL PRODUCTS LTD,154.00,154.00,148.01,151.00,151.00,151.10,,151.00,,,921,138382.81,65,F1,1,,,,,
2026-09-04,2026-09-04,CM,NSE,STK,759797,INE198501012,EUROPRATIK,EQ,,,,,EURO PRATIK SALES LIMITED,267.00,270.05,258.00,263.75,262.00,267.00,,263.72,,,192832,50479118.80,2636,F1,1,,,,,
2026-09-04,2026-09-04,CM,NSE,STK,8886,INE022C01012,EUROTEXIND,BE,,,,,EUROTEX IND & EXPORTS LTD,13.73,13.73,13.73,13.73,13.73,13.99,,13.13,,,300,4119.00,1,F1,1,,,,,
2026-09-04,2026-09-04,CM,NSE,STK,11782,INE128A01029,EVEREADY,EQ,,,,,EVEREADY INDS. IND.  LTD.,319.00,322.30,316.00,317.90,316.20,319.45,,317.89,,,57194,18243353.10,1346,F1,1,,,,,
2026-09-04,2026-09-04,CM,NSE,STK,6017,INE295A01018,EVERESTIND,BE,,,,,EVEREST INDUSTRIES LTD,425.00,433.95,415.00,423.90,424.85,425.25,,423.91,,,12743,5388365.65,149,F1,1,,,,,
2026-09-04,2026-09-04,CM,NSE,STK,13091,INE184H01027,EKC,EQ,,,,,EVEREST KANTO CYLINDERLTD,107.40,107.65,105.15,106.42,106.50,107.00,,106.41,,,150735,16017494.90,1680,F1,1,,,,,
2026-09-04,2026-09-04,CM,NSE,STK,11471,INE369A01029,EXCELINDUS,EQ,,,,,EXCEL INDUSTRIES LTD,1035.10,1045.00,1026.10,1031.40,1045.00,1034.90,,1031.40,,,4529,4679881.20,619,F1,1,,,,,
2026-09-04,2026-09-04,CM,NSE,STK,25327,INE0Y4801011,EXCELLENT,ST,,,,,EXCELLENT WIRES N PACK L,209.00,209.50,208.00,209.50,209.50,209.00,,209.50,,,6400,1336800.00,4,F1,1600,,,,,
2026-09-04,2026-09-04,CM,NSE,STK,760007,INE606N01019,EXCELSOFT,EQ,,,,,EXCELSOFT TECHNOLOGIES L,70.50,71.80,69.52,70.23,70.00,70.66,,70.21,,,299626,21151747.91,2293,F1,1,,,,,
2026-09-04,2026-09-04,CM,NSE,STK,22947,INE777F01014,EXICOM,EQ,,,,,EXICOM TELE SYSTEMS LTD,166.80,179.75,166.80,177.85,178.40,166.13,,177.87,,,5389417,947959724.68,51639,F1,1,,,,,
2026-09-04,2026-09-04,CM,NSE,STK,676,INE302A01020,EXIDEIND,EQ,,,,,EXIDE INDUSTRIES LTD,423.90,428.50,416.40,424.35,424.20,423.00,,424.24,,,2581393,1091713286.85,39007,F1,1,,,,,
2026-09-04,2026-09-04,CM,NSE,STK,760422,INE19I001020,EXIMROUTES,SM,,,,,EXIM ROUTES LIMITED,107.10,107.10,107.10,107.10,107.10,107.10,,107.10,,,1600,171360.00,2,F1,800,,,,,
2026-09-04,2026-09-04,CM,NSE,STK,17486,INE201K01015,EXPLEOSOL,EQ,,,,,EXPLEO SOLUTIONS LIMITED,904.00,910.00,888.00,899.00,901.00,898.75,,899.13,,,27691,24795760.70,2682,F1,1,,,,,
2026-09-04,2026-09-04,CM,NSE,STK,5352,INE0GFE01026,EXXARO,EQ,,,,,EXXARO TILES LIMITED,6.60,6.85,6.50,6.59,6.58,6.70,,6.59,,,298855,1979669.48,712,F1,1,,,,,
2026-09-04,2026-09-04,CM,NSE,STK,760125,INE0HF201011,FABTECH,EQ,,,,,FABTECH TECHNOLOGIES LTD,147.14,152.26,147.07,150.20,150.90,147.33,,150.21,,,112484,16874519.20,1375,F1,1,,,,,
2026-09-04,2026-09-04,CM,NSE,STK,1008,INE188A01015,FACT,EQ,,,,,FACT LTD,803.05,812.50,798.15,801.40,801.50,800.20,,801.42,,,97544,78504389.10,6313,F1,1,,,,,
2026-09-04,2026-09-04,CM,NSE,STK,1619,INE0DNW01011,FAIRCHEMOR,BE,,,,,FAIRCHEM ORGANICS LIMITED,661.10,661.10,652.00,660.25,660.25,661.10,,658.00,,,3280,2160339.10,57,F1,1,,,,,
2026-09-04,2026-09-04,CM,NSE,STK,24150,INE0PQK01013,FALCONTECH,SM,,,,,FALCON TECHNOPROJ IND LTD,12.45,12.45,12.45,12.45,12.45,12.45,,12.45,,,1200,14940.00,1,F1,1200,,,,,
2026-09-04,2026-09-04,CM,NSE,STK,765371,INE1Q2D01019,FASCINATE,ST,,,,,FASCINATE TEXTILES LTD,72.55,72.55,72.55,72.55,72.55,76.35,,72.55,,,13600,986680.00,16,F1,800,,,,,
2026-09-04,2026-09-04,CM,NSE,STK,12000,INE963C01033,FAZE3Q,EQ,,,,,FAZE THREE LIMITED,502.35,502.35,485.10,493.95,498.90,498.40,,493.75,,,9304,4605629.95,655,F1,1,,,,,
2026-09-04,2026-09-04,CM,NSE,STK,11999,INE512B01022,FCSSOFT,EQ,,,,,FCS SOFTWARE SOLN. LTD.,1.44,1.46,1.44,1.45,1.46,1.44,,1.45,,,1046769,1516593.44,1057,F1,1,,,,,
2026-09-04,2026-09-04,CM,NSE,STK,4898,INE258B01022,FDC,EQ,,,,,FDC LIMITED,343.00,351.80,341.55,342.80,342.30,341.60,,342.80,,,120312,41467748.10,7719,F1,1,,,,,
2026-09-04,2026-09-04,CM,NSE,STK,20322,INE007N01010,FEDFINA,EQ,,,,,FEDBANK FINANCIAL SER L,156.32,163.20,156.32,161.56,161.87,157.86,,161.56,,,818017,131437936.92,12601,F1,1,,,,,
2026-09-04,2026-09-04,CM,NSE,STK,762675,INE417D01020,FEDDERSHOL,EQ,,,,,FEDDERS HOLDING LTD.,47.40,47.70,46.00,47.28,47.25,46.00,,47.28,,,1773925,83797880.18,2439,F1,1,,,,,
2026-09-04,2026-09-04,CM,NSE,STK,1023,INE171A01029,FEDERALBNK,EQ,,,,,FEDERAL BANK LTD,344.90,344.90,341.80,343.00,343.00,344.60,,343.00,,,4115397,1412014763.60,56122,F1,1,,,,,
2026-09-04,2026-09-04,CM,NSE,STK,1190,INE529A01010,FMGOETZE,EQ,,,,,FEDERAL-MOGUL GOETZE (IND,511.00,517.50,499.60,501.45,503.00,613.70,,501.45,,,1030188,519971975.30,20491,F1,1,,,,,
2026-09-04,2026-09-04,CM,NSE,STK,573,INE901X01013,FELIX,SM,,,,,FELIX INDUSTRIES LTD.,195.30,215.00,194.55,210.20,208.45,194.20,,210.20,,,219000,44727375.00,247,F1,500,,,,,
2026-09-04,2026-09-04,CM,NSE,STK,762680,INE225B01021,FERMENTA,EQ,,,,,FERMENTA BIOTECH LTD.,502.30,509.35,491.65,498.50,495.40,502.30,,498.49,,,101413,50684682.15,6328,F1,1,,,,,
2026-09-04,2026-09-04,CM,NSE,STK,8159,INE296C01020,FIBERWEB,EQ,,,,,FIBERWEB INDIA LIMITED,26.20,26.20,25.60,25.75,25.80,25.91,,25.75,,,10675,275076.24,91,F1,1,,,,,
2026-09-04,2026-09-04,CM,NSE,STK,9858,INE0LQQ01019,FIDEL,SM,,,,,FIDEL SOFTECH LIMITED,140.00,142.00,140.00,142.00,142.00,139.05,,142.00,,,10000,1417950.00,6,F1,1000,,,,,
2026-09-04,2026-09-04,CM,NSE,STK,13710,INE737H01014,FIEMIND,EQ,,,,,FIEM INDUSTRIES LIMITED,2050.00,2092.40,2036.00,2085.80,2087.00,2036.90,,2085.79,,,46943,96914162.60,6225,F1,1,,,,,
2026-09-04,2026-09-04,CM,NSE,STK,23647,INE185E01021,FILATFASH,EQ,,,,,FILATEX FASHIONS LIMITED,0.19,0.19,0.18,0.18,0.19,0.18,,0.18,,,21161213,3871529.79,1613,F1,1,,,,,
2026-09-04,2026-09-04,CM,NSE,STK,24532,INE816B01035,FILATEX,EQ,,,,,FILATEX INDIA LTD,77.10,78.45,75.65,77.72,78.10,76.72,,77.72,,,1156499,89450374.84,9620,F1,1,,,,,
2026-09-04,2026-09-04,CM,NSE,STK,759776,INE0EDU01014,FINBUD,SM,,,,,FINBUD FINANCIAL SERV LTD,128.00,133.10,128.00,133.00,133.00,128.00,,133.00,,,11000,1433200.00,7,F1,1000,,,,,
2026-09-04,2026-09-04,CM,NSE,STK,3744,INE686Y01026,FINEORG,EQ,,,,,FINE ORGANIC IND. LTD.,5178.50,5190.00,5136.00,5152.00,5143.50,5179.50,,5151.90,,,12034,62084103.00,3756,F1,1,,,,,
2026-09-04,2026-09-04,CM,NSE,STK,6198,INE045J01034,FCL,EQ,,,,,FINEOTEX CHEMICAL LIMITED,48.68,52.10,48.60,51.51,51.70,48.41,,51.51,,,20692198,1054990708.86,50149,F1,1,,,,,
2026-09-04,2026-09-04,CM,NSE,STK,759239,INE734I01027,FINKURVE,EQ,,,,,FINKURVE FINANCIAL SERV L,69.90,73.72,69.74,72.31,72.90,70.23,,72.37,,,62572,4520996.08,987,F1,1,,,,,
2026-09-04,2026-09-04,CM,NSE,STK,6579,INE02NC01014,FINOPB,EQ,,,,,FINO PAYMENTS BANK LTD,140.25,142.90,138.50,139.33,139.10,140.23,,139.32,,,82299,11510167.70,1305,F1,1,,,,,
2026-09-04,2026-09-04,CM,NSE,STK,1038,INE235A01022,FINCABLES,EQ,,,,,FINOLEX CABLES LTD,1223.50,1254.90,1211.00,1220.20,1225.00,1272.90,,1220.17,,,1492429,1844900504.20,48647,F1,1,,,,,
2026-09-04,2026-09-04,CM,NSE,STK,1041,INE183A01024,FINPIPE,EQ,,,,,FINOLEX INDUSTRIES LTD,160.00,160.00,156.00,158.63,158.95,158.90,,158.63,,,507087,80271974.78,17238,F1,1,,,,,
2026-09-04,2026-09-04,CM,NSE,STK,14304,INE684F01012,FSL,EQ,,,,,FIRSTSOURCE SOLU. LTD.,265.60,273.85,263.75,264.40,264.00,265.30,,264.40,,,942732,252426174.90,19537,F1,1,,,,,
2026-09-04,2026-09-04,CM,NSE,STK,757658,INE771F01041,FISCHER,EQ,,,,,FISCHER MEDICAL VENTURE L,37.44,37.62,35.80,36.04,36.16,37.03,,36.04,,,329518,11981060.90,1374,F1,1,,,,,
2026-09-04,2026-09-04,CM,NSE,STK,12032,INE128S01021,FIVESTAR,EQ,,,,,FIVE-STAR BUS FIN LTD,538.00,538.00,512.50,523.05,521.50,534.60,,523.05,,,915369,475711854.90,39792,F1,1,,,,,
2026-09-04,2026-09-04,CM,NSE,STK,20372,INE00Y201027,FLAIR,EQ,,,,,FLAIR WRITING INDUST LTD,249.55,249.95,242.40,243.71,242.61,248.11,,243.70,,,105224,25765499.79,2424,F1,1,,,,,
2026-09-04,2026-09-04,CM,NSE,STK,25516,INE060J01017,FLEXITUFF,BE,,,,,FLEXITUFF VENTURES INT L,2.40,2.40,2.28,2.29,2.29,2.40,,2.30,,,98460,227104.68,175,F1,1,,,,,
2026-09-04,2026-09-04,CM,NSE,STK,758208,INE0VCK01011,FLYSBS,SM,,,,,FLYSBS AVIATION LIMITED,632.45,651.00,620.10,635.60,631.00,625.25,,635.60,,,68800,43631900.00,221,F1,200,,,,,
2026-09-04,2026-09-04,CM,NSE,STK,760331,INE0SQZ01015,FWSTC,SM,,,,,FLYWINGS SIMULAT T C LTD,187.00,187.00,175.00,175.15,177.20,197.00,,175.15,,,52200,9157920.00,18,F1,600,,,,,
2026-09-04,2026-09-04,CM,NSE,STK,7385,INE0I7D01019,FOCE,SM,,,,,FOCE INDIA LIMITED,487.00,487.00,487.00,487.00,487.00,512.00,,487.00,,,480,233760.00,2,F1,240,,,,,
2026-09-04,2026-09-04,CM,NSE,STK,6839,INE593W01028,FOCUS,BE,,,,,FOCUS LIGHTG & FIXTRS LTD,64.50,64.65,62.80,63.37,63.63,63.90,,63.37,,,58966,3730692.34,431,F1,1,,,,,
2026-09-04,2026-09-04,CM,NSE,STK,22517,INE0Q4701019,FONEBOX,SM,,,,,FONEBOX RETAIL LIMITED,99.50,100.00,99.50,100.00,100.00,95.25,,100.00,,,2000,199500.00,2,F1,1000,,,,,
2026-09-04,2026-09-04,CM,NSE,STK,6673,INE976E01023,FOODSIN,EQ,,,,,FOODS & INNS LIMITED,56.00,57.90,54.72,57.37,57.69,56.06,,57.37,,,89638,5094782.40,1022,F1,1,,,,,
2026-09-04,2026-09-04,CM,NSE,STK,11573,INE451A01017,FORCEMOT,EQ,,,,,FORCE MOTORS LIMITED,17515.00,17857.00,17500.00,17500.00,17500.00,17500.00,,17501.81,,,47840,845617989.00,13497,F1,1,,,,,
2026-09-04,2026-09-04,CM,NSE,STK,25664,INE0YKW01013,FORGEAUTO,SM,,,,,FORGE AUTO INTERNATION L,105.00,105.00,105.00,105.00,105.00,100.00,,105.00,,,15600,1638000.00,11,F1,1200,,,,,
2026-09-04,2026-09-04,CM,NSE,STK,14592,INE061F01013,FORTIS,EQ,,,,,FORTIS HEALTHCARE LTD,914.00,917.45,903.80,905.00,905.00,917.50,,905.00,,,627470,570533027.85,18123,F1,1,,,,,
2026-09-04,2026-09-04,CM,NSE,STK,1073,INE519A01011,FOSECOIND,EQ,,,,,FOSECO INDIA LTD,6372.50,6404.00,6216.50,6263.00,6259.00,6372.50,,6262.86,,,7937,49993214.50,1992,F1,1,,,,,
2026-09-04,2026-09-04,CM,NSE,STK,760961,INE212S01015,FRACTAL,EQ,,,,,FRACTAL ANALYTICS LIMITED,819.00,830.00,817.20,825.45,828.10,817.40,,825.45,,,216017,178015206.10,15692,F1,1,,,,,
2026-09-04,2026-09-04,CM,NSE,STK,764683,INE194R01017,FREDUN,EQ,,,,,FREDUN PHARMACEUTICALS L,1502.90,1517.00,1458.00,1470.70,1462.30,1488.30,,1471.46,,,15103,22472687.60,1248,F1,1,,,,,
2026-09-04,2026-09-04,CM,NSE,STK,25871,INE0SFW01015,FRESHARA,ST,,,,,FRESHARA AGRO EXPORTS LTD,440.00,440.00,417.80,425.70,423.75,439.75,,425.70,,,49800,21026460.00,74,F1,600,,,,,
2026-09-04,2026-09-04,CM,NSE,STK,11504,INE385O01018,FROG,ST,,,,,FROG INNOVATIONS LIMITED,264.00,275.95,255.00,257.65,255.00,265.90,,257.65,,,31600,8398240.00,73,F1,400,,,,,
2026-09-04,2026-09-04,CM,NSE,STK,762685,INE572D01014,FRONTSP,EQ,,,,,FRONTIER SPRINGS LTD.,1267.30,1305.00,1255.90,1291.80,1289.80,1269.80,,1291.10,,,21620,27883996.20,2204,F1,1,,,,,
2026-09-04,2026-09-04,CM,NSE,STK,6545,INE388Y01029,NYKAA,EQ,,,,,FSN E COMMERCE VENTURES,332.15,336.15,332.00,332.50,332.50,334.20,,332.50,,,2156326,720378897.80,19333,F1,1,,,,,
2026-09-04,2026-09-04,CM,NSE,STK,759876,INE12UR01024,UTLSOLAR,EQ,,,,,FUJIYAMA POWER SYSTEMS L,427.10,435.05,425.15,429.75,426.70,428.50,,429.74,,,169583,72900266.70,6902,F1,1,,,,,
2026-09-04,2026-09-04,CM,NSE,STK,11932,INE139R01012,FUSION,EQ,,,,,FUSION FINANCE LIMITED,199.73,207.00,199.21,203.19,203.00,199.73,,203.19,,,1385863,282727614.70,18954,F1,1,,,,,
2026-09-04,2026-09-04,CM,NSE,STK,14868,INE452O01016,FLFL,BZ,,,,,FUT LIFESTYLE FASH LTD,1.22,1.27,1.16,1.25,1.25,1.22,,1.25,,,107261,128916.72,79,F1,1,,,,,
2026-09-04,2026-09-04,CM,NSE,STK,13812,INE623B01027,FEL,BZ,,,,,FUTURE ENTERPRISES LTD,0.39,0.40,0.38,0.38,0.39,0.39,,0.38,,,197550,77751.52,97,F1,1,,,,,
2026-09-04,2026-09-04,CM,NSE,STK,30491,IN9623B01058,FELDVR,BZ,,,,,FUTURE ENTERPRISES LTD,2.19,2.21,2.10,2.17,2.20,2.20,,2.17,,,2115,4548.97,26,F1,1,,,,,
2026-09-04,2026-09-04,CM,NSE,STK,21017,INE360L01017,FMNL,EQ,,,,,FUTURE MKT NETWORKS LTD,9.81,10.10,9.63,10.10,10.10,9.62,,10.13,,,18463,182286.74,90,F1,1,,,,,
2026-09-04,2026-09-04,CM,NSE,STK,1168,INE075D01018,GMBREW,EQ,,,,,G M BREWERIES LTD,910.00,924.95,910.00,919.85,921.90,910.55,,919.84,,,40347,37018983.65,2783,F1,1,,,,,
2026-09-04,2026-09-04,CM,NSE,STK,5054,INE201P01022,GRINFRA,EQ,,,,,G R INFRAPROJECTS LIMITED,878.95,878.95,865.60,869.10,866.90,871.10,,869.11,,,8369,7284755.45,1224,F1,1,,,,,
2026-09-04,2026-09-04,CM,NSE,STK,1135,INE586X01012,GTECJAINX,BE,,,,,G-TEC JAINX EDUCATION LTD,29.00,29.29,28.00,29.27,29.27,28.85,,29.27,,,5483,159237.22,23,F1,1,,,,,
2026-09-04,2026-09-04,CM,NSE,STK,1085,INE524A01029,GABRIEL,EQ,,,,,GABRIEL INDIA LTD,1349.00,1368.00,1310.60,1353.20,1355.50,1345.80,,1353.16,,,208239,278851146.20,19505,F1,1,,,,,
2026-09-04,2026-09-04,CM,NSE,STK,18018,INE224E01028,GATECH,BE,,,,,GACM TECHNOLOGIES LIMITED,0.91,0.91,0.91,0.91,0.91,0.95,,0.91,,,6348637,5777259.67,4662,F1,1,,,,,
2026-09-04,2026-09-04,CM,NSE,STK,27,INE224E01036,GATECHDVR,BE,,,,,GACM TECHNOLOGIES LIMITED,0.51,0.52,0.48,0.48,0.51,0.50,,0.49,,,424573,209804.29,284,F1,1,,,,,
2026-09-04,2026-09-04,CM,NSE,STK,4717,INE129A01019,GAIL,EQ,,,,,GAIL (INDIA) LTD,174.27,174.27,171.92,173.40,173.40,174.67,,173.40,,,3878219,671267881.16,25389,F1,1,,,,,
2026-09-04,2026-09-04,CM,NSE,STK,765396,INE18UN01038,GAJA,EQ,,,,,GAJA ALT ASSET MGT LTD,158.00,162.01,157.51,161.10,161.90,157.62,,161.09,,,1327301,212552736.11,15002,F1,1,,,,,
2026-09-04,2026-09-04,CM,NSE,STK,25244,INE0QTE01018,GAJANAND,SM,,,,,GAJANAND INTERNATIONAL L,8.00,8.85,8.00,8.40,8.85,8.90,,8.40,,,6000,50550.00,2,F1,3000,,,,,
2026-09-04,2026-09-04,CM,NSE,STK,25134,INE0RE001014,GALAPREC,EQ,,,,,GALA PRECISION ENG LTD,1036.10,1038.90,1015.20,1024.00,1024.90,1026.20,,1024.02,,,21048,21595370.60,1748,F1,1,,,,,
2026-09-04,2026-09-04,CM,NSE,STK,759089,INE09A801015,GML,SM,,,,,GALAXY MEDICARE LIMITED,18.00,18.45,17.85,17.85,17.85,17.85,,17.85,,,6000,108600.00,3,F1,2000,,,,,
2026-09-04,2026-09-04,CM,NSE,STK,1315,INE600K01018,GALAXYSURF,EQ,,,,,GALAXY SURFACTANTS LTD,2251.60,2273.90,2143.50,2165.00,2172.50,2251.60,,2164.95,,,43774,95516434.00,8192,F1,1,,,,,
2026-09-04,2026-09-04,CM,NSE,STK,13337,INE297H01019,GALLANTT,EQ,,,,,GALLANTT ISPAT LIMITED,585.00,597.45,568.45,574.00,573.50,572.65,,573.99,,,300142,174201650.90,19112,F1,1,,,,,
2026-09-04,2026-09-04,CM,NSE,STK,20303,INE717W01049,GANDHAR,EQ,,,,,GANDHAR OIL REFINE IND L,268.40,269.05,261.00,267.60,268.00,267.40,,267.60,,,860917,228796954.15,10840,F1,1,,,,,
2026-09-04,2026-09-04,CM,NSE,STK,14116,INE524B01027,GANDHITUBE,EQ,,,,,GANDHI SPL. TUBES LTD,901.75,904.95,898.00,900.15,900.00,902.55,,900.15,,,1700,1531667.55,207,F1,1,,,,,
2026-09-04,2026-09-04,CM,NSE,STK,5617,INE388A01029,GANESHBE,BE,,,,,GANESH BENZOPLAST LIMITED,123.29,125.00,121.00,123.23,123.99,121.18,,123.27,,,82123,10123287.63,369,F1,1,,,,,
2026-09-04,2026-09-04,CM,NSE,STK,759012,INE652V01016,GANESHCP,EQ,,,,,GANESH CONSUMER PRODUCT L,169.79,176.98,168.47,174.46,173.00,168.82,,174.46,,,117370,20374221.28,2220,F1,1,,,,,
2026-09-04,2026-09-04,CM,NSE,STK,24439,INE0R8C01018,GGBL,SM,,,,,GANESH GREEN BHARAT LTD,221.00,224.65,219.05,222.90,222.90,221.85,,222.90,,,18600,4110135.00,50,F1,300,,,,,
2026-09-04,2026-09-04,CM,NSE,STK,14339,INE460C01014,GANESHHOU,EQ,,,,,GANESH HOUSING LIMITED,767.20,770.00,753.90,758.95,755.00,765.50,,758.84,,,25372,19314914.70,1619,F1,1,,,,,
2026-09-04,2026-09-04,CM,NSE,STK,27351,INE0TVT01024,GANESHIN,ST,,,,,GANESH INFRAWORLD LIMITED,99.80,100.00,96.35,99.00,99.00,99.75,,99.00,,,58400,5763840.00,55,F1,800,,,,,
2026-09-04,2026-09-04,CM,NSE,STK,6944,INE845D01014,GANECOS,EQ,,,,,GANESHA ECOSPHERE LIMITED,1023.50,1023.50,962.50,999.90,1000.00,1015.40,,999.86,,,331101,327988442.10,28534,F1,1,,,,,
2026-09-04,2026-09-04,CM,NSE,STK,757525,INE0ZI101018,GANGABATH,SM,,,,,GANGA BATH FITTINGS LTD,20.80,20.80,20.15,20.30,20.30,20.75,,20.30,,,30000,612300.00,10,F1,3000,,,,,
2026-09-04,2026-09-04,CM,NSE,STK,4957,INE691Z01023,GANGAFORGE,EQ,,,,,GANGA FORGING LIMITED,1.68,1.75,1.68,1.68,1.70,1.76,,1.68,,,8689563,14659134.13,2873,F1,1,,,,,
2026-09-04,2026-09-04,CM,NSE,STK,21399,INE335W01016,GANGESSECU,EQ,,,,,GANGES SECURITIES LIMITED,120.05,123.90,118.02,118.71,118.50,119.90,,118.71,,,1203,144804.81,85,F1,1,,,,,
2026-09-04,2026-09-04,CM,NSE,STK,5475,INE382Z01011,GRSE,EQ,,,,,GARDEN REACH SHIP&ENG LTD,2517.90,2564.40,2517.90,2533.20,2538.00,2509.80,,2533.14,,,299818,761866939.10,19311,F1,1,,,,,
2026-09-04,2026-09-04,CM,NSE,STK,25800,INE0JVO01026,GARUDA,EQ,,,,,GARUDA CONSTRUCT N ENG L,178.75,181.11,178.00,178.73,178.37,178.88,,178.73,,,285751,51281893.14,3997,F1,1,,,,,
2026-09-04,2026-09-04,CM,NSE,STK,7982,INE291A01017,GRWRHITECH,EQ,,,,,GARWARE HI-TECH FILMS LTD,7117.50,7155.00,7050.00,7086.50,7067.00,7100.00,,7086.58,,,35292,250673747.50,8008,F1,1,,,,,
2026-09-04,2026-09-04,CM,NSE,STK,1100,INE276A01018,GARFIBRES,EQ,,,,,GARWARE TECH FIBRES LTD,800.00,813.25,792.90,800.55,795.00,800.05,,800.55,,,15701,12549971.90,3136,F1,1,,,,,
2026-09-04,2026-09-04,CM,NSE,STK,8510,INE079J01017,GATEWAY,EQ,,,,,GATEWAY DISTRIPARKS LTD,54.77,55.06,54.36,54.69,54.69,54.50,,54.69,,,387773,21200363.53,3207,F1,1,,,,,
2026-09-04,2026-09-04,CM,NSE,STK,760179,INE0P8B01020,GAUDIUMIVF,BE,,,,,GAUDIUM IVF N WOMEN H L,115.01,122.00,113.00,116.43,117.20,117.24,,116.41,,,193356,22637756.53,1472,F1,1,,,,,
2026-09-04,2026-09-04,CM,NSE,STK,3693,INE287Z01012,GAYAHWS,EQ,,,,,GAYATRI HIGHWAYS LIMITED,2.00,2.04,1.92,1.93,1.93,1.96,,1.93,,,206145,402168.63,316,F1,1,,,,,
2026-09-04,2026-09-04,CM,NSE,STK,25023,INE336H01023,GAYAPROJ,EQ,,,,,GAYATRI PROJECTS LTD,22.37,22.40,21.30,21.76,21.87,22.18,,21.82,,,363836,8008720.03,1808,F1,1,,,,,
2026-09-04,2026-09-04,CM,NSE,STK,14052,INE0LVM01018,GRCL,SM,,,,,GAYATRI RUBB AND CHEM LTD,565.00,575.00,565.00,575.00,575.00,570.15,,575.00,,,1250,708750.00,4,F1,250,,,,,
2026-09-04,2026-09-04,CM,NSE,STK,7862,INE878A01011,GVPIL,EQ,,,,,GE POWER INDIA LIMITED,668.00,668.00,644.35,649.60,647.00,663.75,,649.63,,,255215,167079974.15,11937,F1,1,,,,,
2026-09-04,2026-09-04,CM,NSE,STK,16783,INE200A01026,GVT&D,EQ,,,,,GE VERNOVA T&D INDIA LTD,4352.00,4399.50,4304.30,4306.30,4306.30,4362.00,,4306.32,,,549760,2388436842.90,49520,F1,1,,,,,
2026-09-04,2026-09-04,CM,NSE,STK,13662,INE916G01016,GEECEE,BE,,,,,GEECEE VENTURES LIMITED,369.50,371.00,365.20,366.20,369.70,369.50,,369.72,,,1125,415591.55,27,F1,1,,,,,
2026-09-04,2026-09-04,CM,NSE,STK,17922,INE669X01032,GEEKAYWIRE,EQ,,,,,GEEKAY WIRES LIMITED,29.90,30.10,29.39,29.61,29.70,29.39,,29.61,,,127142,3756246.99,850,F1,1,,,,,
2026-09-04,2026-09-04,CM,NSE,STK,759461,INE06XZ01023,GEMAROMA,EQ,,,,,GEM AROMATICS LIMITED,163.04,166.70,160.00,161.50,162.90,162.22,,161.44,,,90914,14768858.33,1692,F1,1,,,,,
2026-09-04,2026-09-04,CM,NSE,STK,277,INE481Y01014,GICRE,EQ,,,,,GENERAL INS CORP OF INDIA,343.65,361.30,341.60,358.45,359.10,356.15,,358.46,,,4931565,1747092626.40,51131,F1,1,,,,,
2026-09-04,2026-09-04,CM,NSE,STK,2188,INE854S01022,GENCON,EQ,,,,,GENERIC ENG CONS PROJ LTD,42.50,45.37,42.45,44.63,45.00,42.36,,44.63,,,345096,15235746.59,1905,F1,1,,,,,
2026-09-04,2026-09-04,CM,NSE,STK,10905,INE727B01026,GENESYS,EQ,,,,,GENESYS INTL CORPN LTD,222.63,234.00,222.62,230.88,232.00,222.63,,230.85,,,475906,108556438.29,7656,F1,1,,,,,
2026-09-04,2026-09-04,CM,NSE,STK,758842,INE06H201014,GENSOL,BZ,,,,,GENSOL ENGINEERING LTD,17.15,17.89,17.01,17.28,17.30,17.17,,17.28,,,49395,854207.15,550,F1,1,,,,,
2026-09-04,2026-09-04,CM,NSE,STK,6600,INE949P01018,GENUSPAPER,EQ,,,,,GENUS P&B LIMITED,12.57,12.83,12.21,12.76,12.70,12.44,,12.76,,,216963,2754825.86,413,F1,1,,,,,
2026-09-04,2026-09-04,CM,NSE,STK,11905,INE955D01029,GENUSPOWER,EQ,,,,,GENUS POWER INFRASTRU LTD,340.80,349.35,334.75,337.80,339.40,339.70,,337.73,,,2486451,847296283.05,50287,F1,1,,,,,
2026-09-04,2026-09-04,CM,NSE,STK,31942,INE1W0N01014,GENXAI,SM,,,,,GENXAI ANALYTICS LIMITED,82.00,82.50,80.10,80.30,80.10,81.50,,80.30,,,15600,1276860.00,13,F1,1200,,,,,
2026-09-04,2026-09-04,CM,NSE,STK,11896,INE007B01023,GEOJITFSL,EQ,,,,,GEOJIT FINANCIAL SER L,82.79,83.90,82.31,82.72,82.65,82.77,,82.72,,,332909,27654227.90,2910,F1,1,,,,,
2026-09-04,2026-09-04,CM,NSE,STK,1289,INE538A01037,GFLLIMITED,EQ,,,,,GFL LIMITED,59.69,63.89,58.90,62.81,63.30,58.65,,62.80,,,497897,30851291.86,4337,F1,1,,,,,
2026-09-04,2026-09-04,CM,NSE,STK,1127,INE539A01019,GHCL,EQ,,,,,GHCL LIMITED,442.50,442.50,436.10,436.60,436.20,437.55,,436.60,,,84548,37109193.45,3129,F1,1,,,,,
2026-09-04,2026-09-04,CM,NSE,STK,16696,INE0PA801013,GHCLTEXTIL,EQ,,,,,GHCL TEXTILES LIMITED,139.23,139.85,135.05,136.72,136.71,138.02,,136.72,,,424691,58143635.08,5069,F1,1,,,,,
2026-09-04,2026-09-04,CM,NSE,STK,1139,INE289B01019,GICHSGFIN,EQ,,,,,GIC HOUSING FINANCE LTD,142.06,143.64,139.60,140.45,140.29,142.06,,140.45,,,172955,24399468.05,2171,F1,1,,,,,
2026-09-04,2026-09-04,CM,NSE,STK,17839,INE047B01011,GILLANDERS,EQ,,,,,GILLANDERS ARBUTHNOT LTD,103.00,105.06,101.75,103.19,104.00,104.73,,103.19,,,1894,194538.27,46,F1,1,,,,,
2026-09-04,2026-09-04,CM,NSE,STK,1576,INE322A01010,GILLETTE,EQ,,,,,GILLETTE INDIA LTD,7340.00,7371.00,7300.00,7312.50,7322.00,7341.00,,7312.32,,,9291,68059653.00,2909,F1,1,,,,,
2026-09-04,2026-09-04,CM,NSE,STK,9294,INE424C01010,GINNIFILA,BE,,,,,GINNIFILAMENTS LTD.,43.79,43.79,41.56,42.57,42.97,43.17,,42.60,,,55171,2352418.74,171,F1,1,,,,,
2026-09-04,2026-09-04,CM,NSE,STK,2365,INE614Z01017,GIRIRAJ,SM,,,,,GIRIRAJ CIVIL DEVP LTD,78.00,78.55,74.65,74.65,74.65,78.55,,74.65,,,879500,65965762.50,10,F1,250,,,,,
2026-09-04,2026-09-04,CM,NSE,STK,759048,INE1AG301022,GKENERGY,EQ,,,,,GK ENERGY LIMITED,129.55,131.00,128.00,128.96,129.00,129.55,,128.95,,,264878,34182558.87,3758,F1,1,,,,,
2026-09-04,2026-09-04,CM,NSE,STK,764688,INE265D01015,GKB,EQ,,,,,GKB OPHTHALMICS LTD.,65.00,66.00,63.01,63.97,64.00,65.80,,63.98,,,13013,841500.33,30,F1,1,,,,,
2026-09-04,2026-09-04,CM,NSE,STK,17357,INE528A01020,GKWLIMITED,EQ,,,,,GKW LIMITED,1622.00,1622.00,1582.00,1610.90,1618.50,1600.00,,1610.90,,,154,246718.80,26,F1,1,,,,,
2026-09-04,2026-09-04,CM,NSE,STK,1186,INE068V01023,GLAND,EQ,,,,,GLAND PHARMA LIMITED,2915.00,2969.00,2851.10,2932.40,2939.70,2907.90,,2932.40,,,2977808,8644188339.80,106175,F1,1,,,,,
2026-09-04,2026-09-04,CM,NSE,STK,1153,INE159A01016,GLAXO,EQ,,,,,GLAXOSMITHKLINE PHARMA LT,2938.90,2972.80,2925.50,2958.10,2954.00,2937.50,,2958.11,,,48109,141980334.40,7671,F1,1,,,,,
2026-09-04,2026-09-04,CM,NSE,STK,7406,INE935A01035,GLENMARK,EQ,,,,,GLENMARK PHARMACEUTICALS,2454.50,2456.70,2422.70,2437.20,2437.20,2459.00,,2437.19,,,412728,1005401462.60,25342,F1,1,,,,,
2026-09-04,2026-09-04,CM,NSE,STK,1415,INE291W01037,GLOBAL,EQ,,,,,GLOBAL EDUCATION LIMITED,116.30,126.45,115.39,120.45,121.00,116.27,,120.45,,,570402,69977133.93,3953,F1,1,,,,,
2026-09-04,2026-09-04,CM,NSE,STK,11956,INE474Q01031,MEDANTA,EQ,,,,,GLOBAL HEALTH LIMITED,1424.30,1491.80,1424.30,1469.80,1478.00,1417.30,,1469.71,,,470026,691398767.20,55760,F1,1,,,,,
2026-09-04,2026-09-04,CM,NSE,STK,17170,INE0PS501019,GLOBALPET,ST,,,,,GLOBAL PET INDUSTRIES LTD,163.85,165.00,163.85,165.00,165.00,157.15,,165.00,,,20250,3339000.00,21,F1,750,,,,,
2026-09-04,2026-09-04,CM,NSE,STK,14599,INE0JSX01015,GSLSU,EQ,,,,,GLOBAL SURFACES LIMITED,27.02,28.37,27.02,28.37,28.37,27.02,,28.79,,,31054,867167.25,127,F1,1,,,,,
2026-09-04,2026-09-04,CM,NSE,STK,13735,INE792H01019,GLOBALVECT,EQ,,,,,GLOBAL VEC HELICORP LTD,144.00,144.00,140.10,141.16,140.50,142.65,,141.36,,,2436,345287.74,151,F1,1,,,,,
2026-09-04,2026-09-04,CM,NSE,STK,24932,INE0URU01010,GLOBALE,EQ,,,,,GLOBALE TESSILE LIMITED,11.38,11.50,10.86,11.39,10.90,11.38,,11.39,,,18110,204152.92,43,F1,1,,,,,
2026-09-04,2026-09-04,CM,NSE,STK,758572,INE0V3U01015,GLOBECIVIL,EQ,,,,,GLOBE CIVIL PROJECTS LTD,48.85,49.01,47.61,48.15,48.24,48.92,,48.15,,,41613,2010136.05,439,F1,1,,,,,
2026-09-04,2026-09-04,CM,NSE,STK,393,INE581X01021,GLOBE,EQ,,,,,GLOBE ENTERPRISE (I) LTD,1.93,1.94,1.87,1.89,1.90,1.91,,1.89,,,440779,833950.26,294,F1,1,,,,,
2026-09-04,2026-09-04,CM,NSE,STK,761025,INE947T01022,GICL,EQ,,,,,GLOBE INTL CARRIERS LTD,24.00,24.90,23.33,24.60,24.64,24.00,,24.60,,,162762,3956977.79,479,F1,1,,,,,
2026-09-04,2026-09-04,CM,NSE,STK,9764,INE00WS01056,GSTL,SM,,,,,GLOBESECURE TECHNO LTD,12.05,12.30,11.95,12.00,12.00,11.90,,12.00,,,12000,145350.00,11,F1,1000,,,,,
2026-09-04,2026-09-04,CM,NSE,STK,17424,INE615I01010,GLOBUSSPR,EQ,,,,,GLOBUS SPIRITS LTD,919.65,919.65,910.00,914.30,915.00,919.65,,914.37,,,46420,42449276.10,2535,F1,1,,,,,
2026-09-04,2026-09-04,CM,NSE,STK,23590,INE350Z01018,GLOSTERLTD,EQ,,,,,GLOSTER LIMITED,599.70,599.70,590.25,596.50,595.95,590.75,,596.50,,,323,193204.65,26,F1,1,,,,,
2026-09-04,2026-09-04,CM,NSE,STK,760116,INE0TQE01026,GLOTTIS,EQ,,,,,GLOTTIS LIMITED,62.20,63.21,62.00,62.10,62.03,62.31,,62.10,,,33918,2106687.86,469,F1,1,,,,,
2026-09-04,2026-09-04,CM,NSE,STK,1570,INE541A01023,GMMPFAUDLR,EQ,,,,,GMM PFAUDLER LIMITED,1073.50,1175.00,1073.50,1147.90,1160.00,1073.50,,1147.89,,,1049404,1202920783.20,54027,F1,1,,,,,
2026-09-04,2026-09-04,CM,NSE,STK,13528,INE776C01039,GMRAIRPORT,EQ,,,,,GMR AIRPORTS LIMITED,96.86,97.98,96.30,97.45,97.45,96.87,,97.45,,,9286457,903811495.83,42822,F1,1,,,,,
2026-09-04,2026-09-04,CM,NSE,STK,8529,INE0CU601026,GMRP&UI,EQ,,,,,GMR POW AND URBAN INFRA L,91.61,96.78,90.71,95.30,95.29,91.69,,95.30,,,1966833,185567727.58,12699,F1,1,,,,,
2026-09-04,2026-09-04,CM,NSE,STK,18571,INE934S01014,GNA,EQ,,,,,GNA AXLES LIMITED,537.00,557.00,529.55,551.05,554.00,531.80,,551.13,,,276542,151513510.85,8707,F1,1,,,,,
2026-09-04,2026-09-04,CM,NSE,STK,757862,INE18JU01028,EBGNG,EQ,,,,,GNG ELECTRONICS LIMITED,622.00,633.40,583.00,601.25,604.00,622.10,,601.27,,,1005022,608153509.80,40195,F1,1,,,,,
2026-09-04,2026-09-04,CM,NSE,STK,23799,INE03JT01014,GODIGIT,EQ,,,,,GO DIGIT GENERAL INS LTD,256.40,261.00,254.40,258.30,261.00,257.85,,258.55,,,203109,52337712.70,4972,F1,1,,,,,
2026-09-04,2026-09-04,CM,NSE,STK,6964,INE0BJS01011,GOCOLORS,EQ,,,,,GO FASHION INDIA LTD,323.60,328.50,323.10,326.65,326.00,322.55,,326.64,,,46077,15013860.85,1320,F1,1,,,,,
2026-09-04,2026-09-04,CM,NSE,STK,14687,INE426D01013,GOACARBON,EQ,,,,,GOA CARBON LIMITED,377.10,381.00,372.00,378.45,375.15,375.25,,378.50,,,9112,3430190.35,697,F1,1,,,,,
2026-09-04,2026-09-04,CM,NSE,STK,3963,INE077F01035,GOCLCORP,EQ,,,,,GOCL CORPORATION LIMITED,425.00,431.00,423.00,427.45,428.50,422.95,,427.46,,,304041,129867324.45,8667,F1,1,,,,,
2026-09-04,2026-09-04,CM,NSE,STK,25941,INE497S01012,GODAVARIB,EQ,,,,,GODAVARI BIOREFINERIES L,246.85,246.85,240.50,241.70,241.76,245.25,,241.73,,,53060,12846511.88,1221,F1,1,,,,,
2026-09-04,2026-09-04,CM,NSE,STK,13409,INE177H01039,GPIL,EQ,,,,,GODAWARI POW & ISP LTD,239.90,243.86,238.89,240.67,240.41,239.90,,240.68,,,985110,237575251.09,15181,F1,1,,,,,
2026-09-04,2026-09-04,CM,NSE,STK,1181,INE260B01028,GODFRYPHLP,EQ,,,,,GODFREY PHILLIPS INDIA LT,2045.00,2073.30,2040.00,2051.00,2051.00,2045.00,,2049.95,,,100359,206251705.80,9709,F1,1,,,,,
2026-09-04,2026-09-04,CM,NSE,STK,144,INE850D01014,GODREJAGRO,EQ,,,,,GODREJ AGROVET LIMITED,657.00,665.50,638.70,644.85,646.00,658.95,,644.88,,,306292,198404603.20,17174,F1,1,,,,,
2026-09-04,2026-09-04,CM,NSE,STK,10099,INE102D01028,GODREJCP,EQ,,,,,GODREJ CONSUMER PRODUCTS,878.65,880.00,866.10,878.00,878.00,880.00,,878.12,,,1306185,1142588892.55,24785,F1,1,,,,,
2026-09-04,2026-09-04,CM,NSE,STK,10925,INE233A01035,GODREJIND,EQ,,,,,GODREJ INDUSTRIES LTD,1157.80,1187.20,1152.00,1163.50,1173.00,1154.30,,1163.31,,,60778,71163269.50,7015,F1,1,,,,,
2026-09-04,2026-09-04,CM,NSE,STK,17875,INE484J01027,GODREJPROP,EQ,,,,,GODREJ PROPERTIES LTD,2000.00,2021.70,1971.00,1982.00,1982.00,2001.50,,1982.01,,,307319,612979602.30,17479,F1,1,,,,,
2026-09-04,2026-09-04,CM,NSE,STK,765280,IN0020260058,620GS2029,GS,,,,,GOI LOAN   6.20% 2029,100.20,100.20,100.20,100.20,100.20,99.75,,100.20,,,7000,701400.00,1,F1,1,,,,,
2026-09-04,2026-09-04,CM,NSE,STK,27405,IN0020240167,664GS2027,GS,,,,,GOI LOAN   6.64% 2027,101.20,101.20,101.20,101.20,101.20,101.40,,101.20,,,100,10120.00,1,F1,1,,,,,
2026-09-04,2026-09-04,CM,NSE,STK,28894,IN0020240191,679GS2031,GS,,,,,GOI LOAN   6.79% 2031,101.50,101.50,100.50,100.50,100.50,101.00,,100.50,,,110,11065.00,2,F1,1,,,,,
2026-09-04,2026-09-04,CM,NSE,STK,27273,IN0020240159,679GS2034A,GS,,,,,GOI LOAN   6.79% 2034,99.93,99.93,99.93,99.93,99.93,99.88,,99.93,,,199,19886.07,1,F1,1,,,,,
2026-09-04,2026-09-04,CM,NSE,STK,27127,IN0020240134,692GS2039,GS,,,,,GOI LOAN   6.92% 2039,97.02,97.02,97.02,97.02,97.02,99.00,,97.02,,,500,48510.00,1,F1,1,,,,,
2026-09-04,2026-09-04,CM,NSE,STK,27170,IN0020240142,709GS2074,GS,,,,,GOI LOAN   7.09% 2074,95.60,95.80,95.60,95.60,95.60,95.41,,95.61,,,1551,148478.60,5,F1,1,,,,,
2026-09-04,2026-09-04,CM,NSE,STK,6695,IN0020210186,574GS2026,GS,,,,,GOI LOAN  5.74% 2026,101.95,101.95,101.95,101.95,101.95,101.05,,101.95,,,1,101.95,1,F1,1,,,,,
2026-09-04,2026-09-04,CM,NSE,STK,1341,IN0020200294,585GS2030,GS,,,,,GOI LOAN  5.85% 2030,98.50,98.50,98.50,98.50,98.50,94.09,,98.50,,,501,49348.50,2,F1,1,,,,,
2026-09-04,2026-09-04,CM,NSE,STK,757753,IN0020250034,591GS2028,GS,,,,,GOI LOAN  5.91% 2028,100.05,100.70,100.00,100.69,100.00,99.78,,100.69,,,15340,1544224.70,6,F1,1,,,,,
2026-09-04,2026-09-04,CM,NSE,STK,757983,IN0020250067,601GS2030,GS,,,,,GOI LOAN  6.01% 2030,98.50,98.50,98.50,98.50,98.50,99.00,,98.50,,,19,1871.50,1,F1,1,,,,,
2026-09-04,2026-09-04,CM,NSE,STK,760622,IN0020250125,603GS2029,GS,,,,,GOI LOAN  6.03% 2029,100.47,100.47,100.47,100.47,100.47,98.50,,100.47,,,100,10047.00,1,F1,1,,,,,
2026-09-04,2026-09-04,CM,NSE,STK,5012,IN0020210095,610GS2031,GS,,,,,GOI LOAN  6.10% 2031,97.00,97.00,97.00,97.00,97.00,99.99,,97.00,,,200,19400.00,1,F1,1,,,,,
2026-09-04,2026-09-04,CM,NSE,STK,756890,IN0020250026,633GS2035,GS,,,,,GOI LOAN  6.33% 2035,99.20,99.30,99.20,99.30,99.30,99.30,,99.30,,,199,19750.80,2,F1,1,,,,,
2026-09-04,2026-09-04,CM,NSE,STK,759396,IN0020250091,648GS2035,GS,,,,,GOI LOAN  6.48% 2035,100.00,100.00,100.00,100.00,100.00,100.00,,100.00,,,10,1000.00,1,F1,1,,,,,
2026-09-04,2026-09-04,CM,NSE,STK,7843,IN0020210244,654GS2032,GS,,,,,GOI LOAN  6.54% 2032,100.00,100.16,100.00,100.16,100.16,100.00,,100.16,,,17692,1769516.61,10,F1,1,,,,,
2026-09-04,2026-09-04,CM,NSE,STK,5577,IN0020210152,667GS2035,GS,,,,,GOI LOAN  6.67% 2035,100.20,100.20,100.20,100.20,100.20,104.00,,100.20,,,799,80059.80,1,F1,1,,,,,
2026-09-04,2026-09-04,CM,NSE,STK,956,IN0020200252,667GS2050,GS,,,,,GOI LOAN  6.67% 2050,93.00,93.00,93.00,93.00,93.00,92.50,,93.00,,,1,93.00,1,F1,1,,,,,
2026-09-04,2026-09-04,CM,NSE,STK,760623,IN0020250133,668GS2033,GS,,,,,GOI LOAN  6.68% 2033,98.66,100.00,98.66,100.00,100.00,100.00,,100.00,,,300,29791.00,3,F1,1,,,,,
2026-09-04,2026-09-04,CM,NSE,STK,757847,IN0020250042,668GS2040,GS,,,,,GOI LOAN  6.68% 2040,98.50,98.50,97.80,97.80,97.80,97.68,,97.80,,,20102,1966047.00,2,F1,1,,,,,
2026-09-04,2026-09-04,CM,NSE,STK,2317,IN0020200401,676GS2061,GS,,,,,GOI LOAN  6.76% 2061,90.67,90.67,90.55,90.65,90.67,90.26,,90.54,,,3797,344184.05,15,F1,1,,,,,
2026-09-04,2026-09-04,CM,NSE,STK,22438,IN0020200187,68GS2060,GS,,,,,GOI LOAN  6.8% 2060,91.00,91.00,91.00,91.00,91.00,91.45,,91.00,,,990,90090.00,3,F1,1,,,,,
2026-09-04,2026-09-04,CM,NSE,STK,756014,IN0020250018,690GS2065,GS,,,,,GOI LOAN  6.90% 2065,93.99,93.99,93.70,93.74,93.70,93.29,,93.74,,,17185,1612385.00,19,F1,1,,,,,
2026-09-04,2026-09-04,CM,NSE,STK,763340,IN0020260025,694GS2036,GS,,,,,GOI LOAN  6.94% 2036,103.13,103.13,102.20,102.20,102.20,102.11,,102.20,,,108,11045.04,2,F1,1,,,,,
2026-09-04,2026-09-04,CM,NSE,STK,6817,IN0020210202,695GS2061,GS,,,,,GOI LOAN  6.95% 2061,94.00,94.70,94.00,94.70,94.70,94.00,,94.70,,,2,188.70,2,F1,1,,,,,
2026-09-04,2026-09-04,CM,NSE,STK,23854,IN0020240043,702GS2027,GS,,,,,GOI LOAN  7.02% 2027,102.00,102.00,102.00,102.00,102.00,103.00,,102.00,,,100,10200.00,1,F1,1,,,,,
2026-09-04,2026-09-04,CM,NSE,STK,23919,IN0020240050,704GS2029,GS,,,,,GOI LOAN  7.04% 2029,103.00,103.00,103.00,103.00,103.00,103.00,,103.00,,,100,10300.00,1,F1,1,,,,,
2026-09-04,2026-09-04,CM,NSE,STK,14970,IN0020230010,706GS2028,GS,,,,,GOI LOAN  7.06% 2028,104.00,104.35,104.00,104.32,104.20,104.20,,104.32,,,16100,1679360.00,5,F1,1,,,,,
2026-09-04,2026-09-04,CM,NSE,STK,764295,IN0020260041,706GS2041,GS,,,,,GOI LOAN  7.06% 2041,101.00,101.00,100.15,100.15,100.15,100.50,,100.15,,,3990,401973.50,3,F1,1,,,,,
2026-09-04,2026-09-04,CM,NSE,STK,24949,IN0020240118,709GS2054,GS,,,,,GOI LOAN  7.09% 2054,95.95,96.00,95.60,95.98,95.98,95.70,,95.99,,,12308,1180670.19,10,F1,1,,,,,
2026-09-04,2026-09-04,CM,NSE,STK,15050,IN0020230036,717GS2030,GS,,,,,GOI LOAN  7.17% 2030,103.81,103.81,103.81,103.81,103.81,103.80,,103.81,,,10000,1038100.00,3,F1,1,,,,,
2026-09-04,2026-09-04,CM,NSE,STK,18025,IN0020230085,718GS2033,GS,,,,,GOI LOAN  7.18% 2033,101.97,101.97,101.97,101.97,101.97,103.00,,101.97,,,100,10197.00,1,F1,1,,,,,
2026-09-04,2026-09-04,CM,NSE,STK,17398,IN0020230077,718GS2037,GS,,,,,GOI LOAN  7.18% 2037,102.53,103.00,102.00,102.80,102.80,102.53,,102.65,,,38273,3922112.02,36,F1,1,,,,,
2026-09-04,2026-09-04,CM,NSE,STK,23518,IN0020240027,723GS2039,GS,,,,,GOI LOAN  7.23% 2039,104.58,104.58,104.58,104.58,104.58,104.58,,104.58,,,100,10458.00,1,F1,1,,,,,
2026-09-04,2026-09-04,CM,NSE,STK,758674,IN0020250075,724GS2055,GS,,,,,GOI LOAN  7.24% 2055,97.40,97.40,96.80,96.82,96.84,97.30,,96.83,,,16037,1554247.86,55,F1,1,,,,,
2026-09-04,2026-09-04,CM,NSE,STK,16733,IN0020230044,725GS2063,GS,,,,,GOI LOAN  7.25% 2063,96.86,97.14,96.71,96.98,96.97,96.83,,96.98,,,266232,25815010.02,150,F1,1,,,,,
2026-09-04,2026-09-04,CM,NSE,STK,10722,IN0020220060,726GS2032,GS,,,,,GOI LOAN  7.26% 2032,103.00,103.40,102.75,103.40,103.40,103.05,,103.40,,,2400,247440.00,4,F1,1,,,,,
2026-09-04,2026-09-04,CM,NSE,STK,14051,IN0020220151,726GS2033,GS,,,,,GOI LOAN  7.26% 2033,103.25,103.25,103.25,103.25,103.25,102.55,,103.25,,,1600,165200.00,2,F1,1,,,,,
2026-09-04,2026-09-04,CM,NSE,STK,16865,IN0020230051,73GS2053,GS,,,,,GOI LOAN  7.3% 2053,98.85,98.85,98.78,98.85,98.85,98.77,,98.85,,,54492,5384594.52,29,F1,1,,,,,
2026-09-04,2026-09-04,CM,NSE,STK,20136,IN0020230135,732GS2030,GS,,,,,GOI LOAN  7.32% 2030,103.61,104.00,103.61,104.00,104.00,102.57,,104.00,,,200,20761.00,2,F1,1,,,,,
2026-09-04,2026-09-04,CM,NSE,STK,19685,IN0020230119,733GS2026,GS,,,,,GOI LOAN  7.33% 2026,102.11,102.11,102.11,102.11,102.11,102.11,,102.11,,,200,20422.00,2,F1,1,,,,,
2026-09-04,2026-09-04,CM,NSE,STK,23558,IN0020240035,734GS2064,GS,,,,,GOI LOAN  7.34% 2064,99.48,99.48,98.60,98.85,98.85,98.88,,98.85,,,127566,12619575.22,95,F1,1,,,,,
2026-09-04,2026-09-04,CM,NSE,STK,10931,IN0020220086,736GS2052,GS,,,,,GOI LOAN  7.36% 2052,101.00,101.35,101.00,101.15,101.15,101.50,,101.15,,,31009,3138812.65,33,F1,1,,,,,
2026-09-04,2026-09-04,CM,NSE,STK,19566,IN0020230101,737GS2028,GS,,,,,GOI LOAN  7.37% 2028,104.30,106.58,104.30,106.47,106.58,106.58,,106.47,,,3575,380400.22,7,F1,1,,,,,
2026-09-04,2026-09-04,CM,NSE,STK,10981,IN0020220094,74GS2062,GS,,,,,GOI LOAN  7.4% 2062,103.00,103.00,100.11,103.00,103.00,103.98,,103.00,,,502,50261.00,3,F1,1,,,,,
2026-09-04,2026-09-04,CM,NSE,STK,13194,IN0020220102,741GS2036,GS,,,,,GOI LOAN  7.41% 2036,104.95,105.10,104.60,105.00,105.00,104.99,,105.00,,,2022,212284.58,11,F1,1,,,,,
2026-09-04,2026-09-04,CM,NSE,STK,760649,IN0020250117,743GS2076,GS,,,,,GOI LOAN  7.43% 2076,99.75,99.89,99.51,99.83,99.85,99.75,,99.83,,,14967,1494093.65,37,F1,1,,,,,
2026-09-04,2026-09-04,CM,NSE,STK,19808,IN0020230127,746GS2073,GS,,,,,GOI LOAN  7.46% 2073,100.55,101.50,100.48,101.50,101.50,101.49,,101.50,,,101,10149.85,4,F1,1,,,,,
2026-09-04,2026-09-04,CM,NSE,STK,763146,IN0020260017,750GS2056,GS,,,,,GOI LOAN  7.50% 2056,100.55,102.25,100.55,102.24,102.25,101.57,,102.24,,,4412,450602.00,9,F1,1,,,,,
2026-09-04,2026-09-04,CM,NSE,STK,9585,IN0020220029,754GS2036,GS,,,,,GOI LOAN  7.54% 2036,106.05,106.25,106.05,106.18,106.25,106.14,,106.18,,,379689,40313098.06,179,F1,1,,,,,
2026-09-04,2026-09-04,CM,NSE,STK,763489,IN0020260033,771GS2066,GS,,,,,GOI LOAN  7.71% 2066,103.80,103.95,103.60,103.66,103.65,103.90,,103.66,,,129820,13465699.89,53,F1,1,,,,,
2026-09-04,2026-09-04,CM,NSE,STK,6833,IN0020010081,1018GS2026,GS,,,,,GOI LOAN 10.18% 2026,105.00,105.00,104.70,104.96,104.96,105.00,,104.96,,,5208,545533.64,10,F1,1,,,,,
2026-09-04,2026-09-04,CM,NSE,STK,9047,IN0020220011,710GS2029,GS,,,,,GOI LOAN 7.10% 2029,103.26,104.00,103.26,104.00,104.00,104.39,,103.60,,,1089,112515.80,3,F1,1,,,,,
2026-09-04,2026-09-04,CM,NSE,STK,18561,IN0020200054,716GS2050,GS,,,,,GOI LOAN 7.16% 2050,102.00,102.00,102.00,102.00,102.00,102.00,,102.00,,,15,1530.00,1,F1,1,,,,,
2026-09-04,2026-09-04,CM,NSE,STK,18474,IN0020200039,719GS2060,GS,,,,,GOI LOAN 7.19% 2060,99.60,99.60,99.60,99.60,99.60,99.02,,100.55,,,25,2490.00,1,F1,1,,,,,
2026-09-04,2026-09-04,CM,NSE,STK,9913,IN0020220037,738GS2027,GS,,,,,GOI LOAN 7.38% 2027,102.63,102.75,102.62,102.62,102.62,102.56,,102.62,,,29686,3046813.98,19,F1,1,,,,,
2026-09-04,2026-09-04,CM,NSE,STK,6835,IN0020020106,795GS2032,GS,,,,,GOI LOAN 7.95% 2032,106.40,106.40,106.40,106.40,106.40,104.86,,106.40,,,200,21280.00,1,F1,1,,,,,
2026-09-04,2026-09-04,CM,NSE,STK,7106,IN0020140052,824GS2033,GS,,,,,GOI LOAN 8.24% 2033,108.46,108.46,108.46,108.46,108.46,109.75,,108.46,,,2000,216920.00,2,F1,1,,,,,
2026-09-04,2026-09-04,CM,NSE,STK,6884,IN0020060078,824GS2027,GS,,,,,GOI LOAN 8.24%2027,101.75,101.75,101.70,101.70,101.70,103.60,,101.70,,,615,62575.50,6,F1,1,,,,,
2026-09-04,2026-09-04,CM,NSE,STK,6899,IN0020070044,832GS2032,GS,,,,,GOI LOAN 8.32% 2032,107.00,110.00,107.00,107.01,107.01,106.94,,107.01,,,202,21914.01,3,F1,1,,,,,
2026-09-04,2026-09-04,CM,NSE,STK,7011,IN0020110055,897GS2030,GS,,,,,GOI LOAN 8.97% 2030,112.98,113.00,112.00,112.50,112.50,111.50,,112.50,,,13236,1490628.23,16,F1,1,,,,,
2026-09-04,2026-09-04,CM,NSE,STK,7039,IN0020130053,92GS2030,GS,,,,,GOI LOAN 9.20% 2030,118.38,118.38,115.00,115.25,115.25,115.50,,115.70,,,18736,2159402.19,19,F1,1,,,,,
2026-09-04,2026-09-04,CM,NSE,STK,761383,IN002025Y495,182D100926,TB,,,,,GOI TBILL 182D-10/09/26,99.33,99.33,99.33,99.33,99.33,97.52,,99.33,,,1000,99330.00,1,F1,100,,,,,
2026-09-04,2026-09-04,CM,NSE,STK,765443,IN002026Y212,182D260227,TB,,,,,GOI TBILL 182D-26/02/27,96.50,96.51,96.50,96.50,96.51,97.00,,96.50,,,200,19301.00,2,F1,100,,,,,
2026-09-04,2026-09-04,CM,NSE,STK,760100,IN002025Z369,364D031226,TB,,,,,GOI TBILL 364D-03/12/26,98.71,98.71,98.71,98.71,98.71,98.00,,98.71,,,15000,1480650.00,1,F1,100,,,,,
2026-09-04,2026-09-04,CM,NSE,STK,31784,IN002026Z102,364D100627,TB,,,,,GOI TBILL 364D-10/06/27,94.89,95.73,94.89,95.73,95.73,94.90,,95.73,,,2800,266868.00,2,F1,100,,,,,
2026-09-04,2026-09-04,CM,NSE,STK,760941,IN002025Z450,364D110227,TB,,,,,GOI TBILL 364D-11/02/27,96.90,96.90,96.90,96.90,96.90,96.90,,96.90,,,100,9690.00,1,F1,100,,,,,
2026-09-04,2026-09-04,CM,NSE,STK,761384,IN002025Z492,364D110327,TB,,,,,GOI TBILL 364D-11/03/27,96.33,96.50,96.33,96.50,96.50,96.10,,96.50,,,200,19283.00,2,F1,100,,,,,
2026-09-04,2026-09-04,CM,NSE,STK,763374,IN002026Z060,364D130527,TB,,,,,GOI TBILL 364D-13/05/27,95.33,95.93,95.33,95.93,95.93,95.03,,95.93,,,400,38279.00,3,F1,100,,,,,
2026-09-04,2026-09-04,CM,NSE,STK,758835,IN002025Z302,364D231026,TB,,,,,GOI TBILL 364D-23/10/26,98.90,98.90,98.90,98.90,98.90,98.70,,98.90,,,500,49450.00,1,F1,100,,,,,
2026-09-04,2026-09-04,CM,NSE,STK,760526,IN002025Z393,364D251226,TB,,,,,GOI TBILL 364D-25/12/26,97.56,97.56,97.55,97.55,97.55,96.35,,97.55,,,3000,292675.00,3,F1,100,,,,,
2026-09-04,2026-09-04,CM,NSE,STK,763205,IN002026Z045,364D290427,TB,,,,,GOI TBILL 364D-29/04/27,95.55,96.00,95.55,96.00,96.00,94.41,,96.00,,,1800,172395.00,2,F1,100,,,,,
2026-09-04,2026-09-04,CM,NSE,STK,759504,IN002025Z310,364D291026,TB,,,,,GOI TBILL 364D-29/10/26,98.51,98.85,98.51,98.85,98.85,99.09,,98.85,,,1000,98680.00,2,F1,100,,,,,
2026-09-04,2026-09-04,CM,NSE,STK,764510,IN002026X198,91D121126,TB,,,,,GOI TBILL 91D-12/11/26,98.69,98.69,98.69,98.69,98.69,98.96,,98.69,,,500,49345.00,5,F1,100,,,,,
2026-09-04,2026-09-04,CM,NSE,STK,753772,IN002026X115,91D170926,TB,,,,,GOI TBILL 91D-17/09/26,99.74,99.74,99.67,99.67,99.67,99.67,,99.67,,,1000,99712.00,7,F1,100,,,,,
2026-09-04,2026-09-04,CM,NSE,STK,764252,IN002026X164,91D221026,TB,,,,,GOI TBILL 91D-22/10/26,99.08,99.20,99.08,99.20,99.20,98.75,,98.91,,,4200,416616.00,3,F1,100,,,,,
2026-09-04,2026-09-04,CM,NSE,STK,764328,IN002026X172,91D291026,TB,,,,,GOI TBILL 91D-29/10/26,99.00,99.00,99.00,99.00,99.00,99.00,,99.00,,,10000,990000.00,3,F1,100,,,,,
2026-09-04,2026-09-04,CM,NSE,STK,11778,INE887G01027,GOKEX,EQ,,,,,GOKALDAS EXPORTS LTD.,768.50,802.50,768.50,789.20,786.90,767.65,,789.21,,,472178,372784295.80,16074,F1,1,,,,,
2026-09-04,2026-09-04,CM,NSE,STK,14480,INE314T01033,GOKULAGRO,EQ,,,,,GOKUL AGRO RESOURCES LTD,234.10,236.67,229.98,231.17,231.78,234.91,,231.17,,,282521,65697773.37,7042,F1,1,,,,,
2026-09-04,2026-09-04,CM,NSE,STK,16705,INE020J01029,GOKUL,EQ,,,,,GOKUL REFOILS & SOLV LTD,41.60,43.90,41.44,42.96,43.75,41.95,,42.95,,,221325,9410437.60,1596,F1,1,,,,,
2026-09-04,2026-09-04,CM,NSE,STK,11619,INE973A01010,GOLDENTOBC,BZ,,,,,GOLDEN TOBACCO LIMITED,25.00,25.00,24.00,24.96,24.98,25.00,,24.96,,,3366,83074.09,41,F1,1,,,,,
2026-09-04,2026-09-04,CM,NSE,STK,11971,INE025B01025,GOLDIAM,EQ,,,,,GOLDIAM INTERNATIONAL LTD,341.05,350.00,341.05,345.30,346.00,340.65,,345.29,,,332390,114813773.50,7831,F1,1,,,,,
2026-09-04,2026-09-04,CM,NSE,STK,13616,INE06MH01016,GOLDKART,SM,,,,,GOLDKART JEWELS LIMITED,102.00,102.00,102.00,102.00,102.00,100.00,,102.00,,,1250,127500.00,1,F1,625,,,,,
2026-09-04,2026-09-04,CM,NSE,STK,6125,INE127I01024,GOODLUCK,EQ,,,,,GOODLUCK INDIA LIMITED,468.95,480.00,468.10,472.90,472.40,469.40,,472.94,,,455214,215784018.90,9833,F1,1,,,,,
2026-09-04,2026-09-04,CM,NSE,STK,1205,INE533A01012,GOODYEAR,EQ,,,,,GOODYEAR INDIA LIMITED,733.10,748.00,733.10,741.50,740.20,736.70,,741.59,,,2498,1853276.85,276,F1,1,,,,,
2026-09-04,2026-09-04,CM,NSE,STK,23066,INE0L9R01028,GOPAL,EQ,,,,,GOPAL SNACKS LIMITED,267.45,267.50,263.80,265.10,266.00,265.40,,265.12,,,84409,22380137.45,6321,F1,1,,,,,
2026-09-04,2026-09-04,CM,NSE,STK,11787,INE705X01026,GOYALALUM,EQ,,,,,GOYAL ALUMINIUMS LIMITED,6.31,6.45,6.16,6.22,6.27,6.31,,6.22,,,74465,466947.27,368,F1,1,,,,,
2026-09-04,2026-09-04,CM,NSE,STK,19356,INE0QFE01017,GOYALSALT,SM,,,,,GOYAL SALT LIMITED,106.00,106.00,105.00,105.00,105.00,106.50,,105.00,,,1800,190200.00,3,F1,600,,,,,
2026-09-04,2026-09-04,CM,NSE,STK,24113,INE0S7E01015,GPECO,ST,,,,,GP ECO SOLUTIONS INDIA L,423.00,443.40,423.00,441.55,441.00,422.30,,441.55,,,32800,14438120.00,129,F1,200,,,,,
2026-09-04,2026-09-04,CM,NSE,STK,11584,INE586G01017,GULFPETRO,BE,,,,,GP PETROLEUMS LIMITED,66.82,66.82,64.50,65.91,65.99,66.82,,65.91,,,51859,3414364.74,279,F1,1,,,,,
2026-09-04,2026-09-04,CM,NSE,STK,22846,INE486R01017,GPTHEALTH,EQ,,,,,GPT HEALTHCARE LIMITED,153.29,159.00,151.96,158.17,158.90,153.68,,158.18,,,259291,40487627.52,3723,F1,1,,,,,
2026-09-04,2026-09-04,CM,NSE,STK,17685,INE390G01014,GPTINFRA,EQ,,,,,GPT INFRAPROJECTS LTD,110.87,113.30,110.50,112.10,111.11,110.88,,112.10,,,108936,12166028.41,1779,F1,1,,,,,
2026-09-04,2026-09-04,CM,NSE,STK,763299,INE361K01017,GRADIENTE,EQ,,,,,GRADIENTE INFOTAINMENT L,2.77,2.80,2.65,2.71,2.70,2.67,,2.71,,,1829209,4999974.07,462,F1,1,,,,,
2026-09-04,2026-09-04,CM,NSE,STK,30289,INE12E301017,GCHOTELS,ST,,,,,GRAND CONTINENT HOTELS L,96.90,101.90,95.20,99.85,99.85,98.25,,99.85,,,19800,1946460.00,33,F1,600,,,,,
2026-09-04,2026-09-04,CM,NSE,STK,762695,INE926B01016,GRANDOAK,EQ,,,,,GRAND OAK CANYONS DIST L,35.85,36.70,34.48,34.84,36.40,34.98,,35.71,,,4351,153815.07,320,F1,1,,,,,
2026-09-04,2026-09-04,CM,NSE,STK,11872,INE101D01020,GRANULES,EQ,,,,,GRANULES INDIA LIMITED,853.00,863.60,838.60,848.30,849.80,853.85,,848.29,,,1172635,994732689.50,27025,F1,1,,,,,
2026-09-04,2026-09-04,CM,NSE,STK,20454,INE0POU01017,GRAPHISAD,SM,,,,,GRAPHISADS LIMITED,26.10,26.60,25.10,25.50,25.50,25.60,,25.50,,,10800,276600.00,9,F1,1200,,,,,
2026-09-04,2026-09-04,CM,NSE,STK,592,INE371A01025,GRAPHITE,EQ,,,,,GRAPHITE INDIA LTD,721.80,740.30,714.65,733.60,735.00,721.30,,733.61,,,1066661,778683437.65,27873,F1,1,,,,,
2026-09-04,2026-09-04,CM,NSE,STK,1232,INE047A01021,GRASIM,EQ,,,,,GRASIM INDUSTRIES LTD,3318.90,3332.60,3268.10,3322.00,3322.00,3310.00,,3322.00,,,892704,2961317292.40,43703,F1,1,,,,,
2026-09-04,2026-09-04,CM,NSE,STK,5200,INE266D01021,GRAUWEIL,EQ,,,,,GRAUER & WEIL IND LTD,70.61,71.99,70.05,70.59,71.00,70.84,,70.59,,,175799,12475890.65,2714,F1,1,,,,,
2026-09-04,2026-09-04,CM,NSE,STK,762700,INE214F01026,GRAVISSHO,EQ,,,,,GRAVISS HOSPITALITY LTD.,28.70,29.50,28.66,29.40,29.40,29.60,,29.48,,,329,9648.38,8,F1,1,,,,,
2026-09-04,2026-09-04,CM,NSE,STK,20534,INE024L01027,GRAVITA,EQ,,,,,GRAVITA INDIA LIMITED,1684.80,1696.60,1615.10,1661.60,1668.90,1684.80,,1661.72,,,442686,730139705.60,45023,F1,1,,,,,
2026-09-04,2026-09-04,CM,NSE,STK,1235,INE224A01026,GREAVESCOT,EQ,,,,,GREAVES COTTON LTD.,193.50,197.07,193.21,195.56,195.00,194.78,,195.55,,,467649,91205437.89,8117,F1,1,,,,,
2026-09-04,2026-09-04,CM,NSE,STK,17092,INE0O7P01015,GREENCHEF,SM,,,,,GREENCHEF APPLIANCES LTD,68.00,71.50,66.20,66.20,66.20,66.50,,66.20,,,32000,2227560.00,40,F1,800,,,,,
2026-09-04,2026-09-04,CM,NSE,STK,6848,INE544R01021,GREENLAM,EQ,,,,,GREENLAM INDUSTRIES LTD.,244.17,244.59,241.02,242.62,243.01,244.17,,242.58,,,14287,3466599.62,570,F1,1,,,,,
2026-09-04,2026-09-04,CM,NSE,STK,759427,INE0PLX01017,GREENLEAF,ST,,,,,GREENLEAF ENVIROTECH LTD,112.35,115.40,112.35,115.00,115.00,110.00,,115.00,,,4000,457750.00,4,F1,1000,,,,,
2026-09-04,2026-09-04,CM,NSE,STK,13810,INE08ZM01014,GREENPANEL,EQ,,,,,GREENPANEL INDUSTRIES LTD,159.20,162.00,157.30,158.32,158.64,157.62,,158.32,,,268737,42783562.45,4915,F1,1,,,,,
2026-09-04,2026-09-04,CM,NSE,STK,3987,INE461C01038,GREENPLY,EQ,,,,,GREENPLY INDUSTRIES LTD,292.10,307.90,292.10,304.70,305.90,293.00,,304.72,,,387224,117191688.65,6481,F1,1,,,,,
2026-09-04,2026-09-04,CM,NSE,STK,758986,INE199P01028,GCSL,EQ,,,,,GRETEX CORPORATE SERVICES,592.00,596.85,577.70,595.15,595.60,586.70,,595.15,,,726731,427375209.70,8753,F1,1,,,,,
2026-09-04,2026-09-04,CM,NSE,STK,18741,INE985P01012,GRETEX,SM,,,,,GRETEX INDUSTRIES LTD.,247.00,247.00,235.50,237.00,237.00,247.50,,237.00,,,3000,724875.00,4,F1,750,,,,,
2026-09-04,2026-09-04,CM,NSE,STK,13560,INE536A01023,GRINDWELL,EQ,,,,,GRINDWELL NORTON LIMITED,1982.50,1997.30,1955.00,1962.50,1985.00,1974.40,,1962.47,,,10248,20246520.90,2912,F1,1,,,,,
2026-09-04,2026-09-04,CM,NSE,STK,10871,INE192H01020,GRMOVER,EQ,,,,,GRM OVERSEAS LIMITED,85.82,88.15,85.46,87.53,87.98,85.81,,87.52,,,1151167,99389652.36,4874,F1,1,,,,,
2026-09-04,2026-09-04,CM,NSE,STK,760971,INE1TY801010,GJL,ST,,,,,GROVER JEWELLS LIMITED,239.00,259.05,239.00,251.00,251.00,246.75,,251.00,,,76800,18796240.00,49,F1,800,,,,,
2026-09-04,2026-09-04,CM,NSE,STK,764285,INF666M01PH7,CEMNTGROWW,EQ,,,,,GROWWAMC - CEMNTGROWW,14.79,14.79,14.52,14.66,14.67,14.64,,14.66,,,63765,934484.69,335,F1,1,,,,,
2026-09-04,2026-09-04,CM,NSE,STK,760051,INF666M01MM4,GROWWCAPM,EQ,,,,,GROWWAMC - GROWWCAPM,11.49,11.57,11.33,11.44,11.49,11.33,,11.44,,,279688,3203246.73,643,F1,1,,,,,
2026-09-04,2026-09-04,CM,NSE,STK,760673,INF666M01NP5,GROWWCHEM,EQ,,,,,GROWWAMC - GROWWCHEM,30.19,30.68,30.10,30.24,30.32,30.19,,30.24,,,4453571,134847615.02,392,F1,1,,,,,
2026-09-04,2026-09-04,CM,NSE,STK,25758,INF666M01IO8,GROWWDEFNC,EQ,,,,,GROWWAMC - GROWWDEFNC,97.10,98.00,96.76,97.42,97.44,96.61,,97.42,,,231792,22607324.02,2351,F1,1,,,,,
2026-09-04,2026-09-04,CM,NSE,STK,24798,INF666M01IH2,GROWWEV,EQ,,,,,GROWWAMC - GROWWEV,32.82,32.82,32.18,32.37,32.46,32.57,,32.37,,,259593,8406959.14,2060,F1,1,,,,,
2026-09-04,2026-09-04,CM,NSE,STK,25872,INF666M01OE7,GROWWGOLD,EQ,,,,,GROWWAMC - GROWWGOLD,14.98,15.21,14.93,15.03,15.04,14.91,,15.03,,,2159184,32467292.80,4385,F1,1,,,,,
2026-09-04,2026-09-04,CM,NSE,STK,760874,INF666M01OD9,GROWWHOSPI,EQ,,,,,GROWWAMC - GROWWHOSPI,52.11,52.59,51.77,51.83,51.92,52.06,,51.83,,,303066,15747274.39,859,F1,1,,,,,
2026-09-04,2026-09-04,CM,NSE,STK,25447,INF666M01IP5,GROWWLIQID,EQ,,,,,GROWWAMC - GROWWLIQID,110.65,110.65,110.64,110.64,110.65,110.60,,110.64,,,649969,71914211.71,224,F1,1,,,,,
2026-09-04,2026-09-04,CM,NSE,STK,758300,INF666M01LB9,GROWWLOVOL,EQ,,,,,GROWWAMC - GROWWLOVOL,10.50,10.50,10.24,10.30,10.31,10.34,,10.30,,,4721,48573.11,144,F1,1,,,,,
2026-09-04,2026-09-04,CM,NSE,STK,759719,INF666M01MV5,GROWWMC150,EQ,,,,,GROWWAMC - GROWWMC150,233.72,233.72,231.63,233.51,233.72,233.72,,233.51,,,303,70660.52,34,F1,1,,,,,
2026-09-04,2026-09-04,CM,NSE,STK,760438,INF666M01NI0,GROWWMETAL,EQ,,,,,GROWWAMC - GROWWMETAL,12.48,12.77,12.32,12.72,12.68,12.48,,12.72,,,467942,5918741.22,1502,F1,1,,,,,
2026-09-04,2026-09-04,CM,NSE,STK,756086,INF666M01KJ4,GROWWMOM50,EQ,,,,,GROWWAMC - GROWWMOM50,11.17,11.17,10.92,10.99,11.00,11.02,,10.99,,,277790,3050260.73,564,F1,1,,,,,
2026-09-04,2026-09-04,CM,NSE,STK,29872,INF666M01JV1,GROWWN200,EQ,,,,,GROWWAMC - GROWWN200,11.04,11.53,11.04,11.34,11.36,11.33,,11.34,,,29513,334380.22,209,F1,1,,,,,
2026-09-04,2026-09-04,CM,NSE,STK,757814,INF666M01LI4,GROWWNET,EQ,,,,,GROWWAMC - GROWWNET,10.95,10.95,10.63,10.86,10.87,10.79,,10.86,,,490430,5325755.49,576,F1,1,,,,,
2026-09-04,2026-09-04,CM,NSE,STK,758697,INF666M01LL8,GROWWNIFTY,EQ,,,,,GROWWAMC - GROWWNIFTY,9.65,9.76,9.65,9.68,9.69,9.66,,9.68,,,684423,6629481.51,3382,F1,1,,,,,
2026-09-04,2026-09-04,CM,NSE,STK,759458,INF666M01LZ8,GROWWNXT50,EQ,,,,,GROWWAMC - GROWWNXT50,73.99,73.99,72.81,73.45,73.45,73.45,,73.45,,,2293,168396.21,74,F1,1,,,,,
2026-09-04,2026-09-04,CM,NSE,STK,758165,INF666M01LM6,GROWWPOWER,EQ,,,,,GROWWAMC - GROWWPOWER,11.32,11.39,11.25,11.33,11.38,11.32,,11.33,,,2199856,24884246.12,2548,F1,1,,,,,
2026-09-04,2026-09-04,CM,NSE,STK,760976,INF666M01NQ3,GROWWPSE,EQ,,,,,GROWWAMC - GROWWPSE,97.30,99.48,95.90,98.30,98.44,97.89,,98.30,,,4944,484934.92,132,F1,1,,,,,
2026-09-04,2026-09-04,CM,NSE,STK,761514,INF666M01OG2,GROWWPSUBK,EQ,,,,,GROWWAMC - GROWWPSUBK,86.48,86.48,85.01,85.88,86.00,85.33,,85.88,,,1830,157370.66,108,F1,1,,,,,
2026-09-04,2026-09-04,CM,NSE,STK,29527,INF666M01JJ6,GROWWRAIL,EQ,,,,,GROWWAMC - GROWWRAIL,28.19,28.22,27.85,28.08,28.09,28.05,,28.08,,,2704363,75974798.64,2019,F1,1,,,,,
2026-09-04,2026-09-04,CM,NSE,STK,759428,INF666M01MN2,GROWWRLTY,EQ,,,,,GROWWAMC - GROWWRLTY,10.30,10.34,10.15,10.21,10.23,10.20,,10.21,,,161707,1658220.63,474,F1,1,,,,,
2026-09-04,2026-09-04,CM,NSE,STK,759522,INF666M01MO0,GROWWSC250,EQ,,,,,GROWWAMC - GROWWSC250,10.72,10.72,10.60,10.69,10.67,10.66,,10.69,,,100126,1070514.38,522,F1,1,,,,,
2026-09-04,2026-09-04,CM,NSE,STK,756827,INF666M01OF4,GROWWSLVR,EQ,,,,,GROWWAMC - GROWWSLVR,22.81,22.94,22.69,22.83,22.83,22.55,,22.83,,,1486031,33925366.74,3142,F1,1,,,,,
2026-09-04,2026-09-04,CM,NSE,STK,763572,INF666M01OT5,PVTBKGROWW,EQ,,,,,GROWWAMC - PVTBKGROWW,28.19,28.19,27.69,27.92,27.70,27.74,,27.92,,,7168,200408.47,114,F1,1,,,,,
2026-09-04,2026-09-04,CM,NSE,STK,751745,INF666M01PG9,SMALLGROWW,EQ,,,,,GROWWAMC - SMALLGROWW,39.41,49.79,39.41,49.06,49.05,48.96,,49.06,,,6170,302441.74,93,F1,1,,,,,
2026-09-04,2026-09-04,CM,NSE,STK,6543,INE137I01015,GRPLTD,EQ,,,,,GRP LIMITED,1998.20,2019.00,1959.00,2013.00,2010.00,1979.70,,2013.00,,,1281,2568607.10,217,F1,1,,,,,
2026-09-04,2026-09-04,CM,NSE,STK,23888,INE0SQY01018,GSMFOILS,SM,,,,,GSM FOILS LIMITED,111.15,111.15,111.15,111.15,111.15,117.00,,111.15,,,13500,1500525.00,18,F1,500,,,,,
2026-09-04,2026-09-04,CM,NSE,STK,762239,INE713R01022,GSPCROP,EQ,,,,,GSP CROP SCIENCE LIMITED,627.00,627.60,616.00,619.25,619.20,625.90,,619.22,,,119185,73955457.95,2145,F1,1,,,,,
2026-09-04,2026-09-04,CM,NSE,STK,15347,INE871H01011,GSS,EQ,,,,,GSS INFOTECH LIMITED,11.75,11.75,10.73,11.03,11.05,11.16,,11.03,,,198815,2198602.38,369,F1,1,,,,,
2026-09-04,2026-09-04,CM,NSE,STK,13745,INE221H01019,GTLINFRA,EQ,,,,,GTL INFRA.LTD,1.17,1.17,1.14,1.16,1.17,1.16,,1.16,,,35008053,40512071.99,12244,F1,1,,,,,
2026-09-04,2026-09-04,CM,NSE,STK,1162,INE043A01012,GTL,EQ,,,,,GTL LTD,7.21,7.34,7.07,7.11,7.15,7.20,,7.10,,,293515,2098866.94,698,F1,1,,,,,
2026-09-04,2026-09-04,CM,NSE,STK,21195,INE869I01013,GTPL,EQ,,,,,GTPL HATHWAY LIMITED,58.50,59.50,57.51,58.67,58.95,57.93,,58.67,,,87796,5145108.83,928,F1,1,,,,,
2026-09-04,2026-09-04,CM,NSE,STK,11606,INE742B01025,GUFICBIO,EQ,,,,,GUFIC BIOSCIENCES LTD.,440.50,447.20,437.15,444.90,446.00,439.35,,444.93,,,88007,38954990.20,3472,F1,1,,,,,
2026-09-04,2026-09-04,CM,NSE,STK,1145,INE162A01010,GIPCL,EQ,,,,,GUJ IND POW CO. LTD,208.90,208.90,204.26,205.18,205.51,208.04,,205.17,,,400260,82405245.46,6911,F1,1,,,,,
2026-09-04,2026-09-04,CM,NSE,STK,1174,INE113A01013,GNFC,EQ,,,,,GUJ NAR VAL FER & CHEM L,588.90,599.00,585.60,596.70,598.00,587.35,,596.72,,,791924,469763958.30,18983,F1,1,,,,,
2026-09-04,2026-09-04,CM,NSE,STK,1247,INE026A01025,GSFC,EQ,,,,,GUJ STATE FERT & CHEM LTD,162.73,165.85,162.02,162.88,162.95,161.86,,162.88,,,1107016,181048546.95,12987,F1,1,,,,,
2026-09-04,2026-09-04,CM,NSE,STK,14677,INE826C01016,GUJAPOLLO,EQ,,,,,GUJ. APOLLO IND. LTD.,350.10,365.00,343.85,355.95,357.95,347.95,,355.05,,,12193,4334116.25,416,F1,1,,,,,
2026-09-04,2026-09-04,CM,NSE,STK,1267,INE186A01019,GUJALKALI,EQ,,,,,GUJARAT ALKALIES & CHEM,728.50,736.00,715.10,721.60,720.50,722.85,,721.62,,,109374,79663202.60,9119,F1,1,,,,,
2026-09-04,2026-09-04,CM,NSE,STK,8828,INE036B01030,GAEL,EQ,,,,,GUJARAT AMBUJA EXPORTS LT,170.88,171.20,167.20,167.81,167.50,170.88,,167.82,,,466226,78434013.70,8584,F1,1,,,,,
2026-09-04,2026-09-04,CM,NSE,STK,10599,INE844O01030,GUJENERGY,EQ,,,,,GUJARAT ENERGY LIMITED,264.11,268.36,262.14,263.59,263.45,264.10,,263.57,,,3952971,1047510016.27,52229,F1,1,,,,,
2026-09-04,2026-09-04,CM,NSE,STK,13750,INE09N301011,FLUOROCHEM,EQ,,,,,GUJARAT FLUOROCHEM LTD,4839.30,4850.00,4461.10,4554.00,4565.00,4694.60,,4553.98,,,473510,2186635509.10,77614,F1,1,,,,,
2026-09-04,2026-09-04,CM,NSE,STK,761197,INE0V0W01025,GKSL,EQ,,,,,GUJARAT KIDNEY N SUP SP L,172.88,175.09,171.51,172.81,173.00,171.51,,172.80,,,238346,41302033.61,3887,F1,1,,,,,
2026-09-04,2026-09-04,CM,NSE,STK,1156,INE540A01017,GLFL,EQ,,,,,GUJARAT LEASE FINANCING L,5.64,5.80,5.55,5.80,5.80,5.66,,5.80,,,4293,24874.60,17,F1,1,,,,,
2026-09-04,2026-09-04,CM,NSE,STK,5204,INE131A01031,GMDCLTD,EQ,,,,,GUJARAT MINERAL DEV CORP,566.20,570.75,561.00,562.95,563.00,565.85,,562.95,,,503162,284277700.30,15769,F1,1,,,,,
2026-09-04,2026-09-04,CM,NSE,STK,762690,INE207H01018,GNRL,EQ,,,,,GUJARAT NATURAL RES L,97.60,101.20,96.90,99.27,100.90,96.72,,99.31,,,185644,18251793.36,1776,F1,1,,,,,
2026-09-04,2026-09-04,CM,NSE,STK,19731,INE517F01014,GPPL,EQ,,,,,GUJARAT PIPAVAV PORT LTD,165.50,165.83,160.81,161.62,162.18,165.43,,161.62,,,1293533,209947747.59,22993,F1,1,,,,,
2026-09-04,2026-09-04,CM,NSE,STK,4548,INE610B01024,GUJRAFFIA,EQ,,,,,GUJARAT RAFFIA INDUST LTD,41.20,41.20,41.00,41.00,41.00,41.30,,41.00,,,106,4355.00,9,F1,1,,,,,
2026-09-04,2026-09-04,CM,NSE,STK,29731,INE942C01045,GUJTHEM,EQ,,,,,GUJARAT THEMIS BIOSYN LTD,428.70,433.85,408.50,411.35,412.00,425.10,,411.37,,,605159,251461658.80,15623,F1,1,,,,,
2026-09-04,2026-09-04,CM,NSE,STK,4391,INE635Q01029,GULFOILLUB,EQ,,,,,GULF OIL LUB. IND. LTD.,1089.90,1089.90,1054.50,1067.80,1074.00,1112.50,,1067.79,,,157655,168462242.30,12754,F1,1,,,,,
2026-09-04,2026-09-04,CM,NSE,STK,6286,INE255D01024,GULPOLY,EQ,,,,,GULSHAN POLYOLS LIMITED,186.27,188.01,184.42,186.01,187.19,186.27,,186.01,,,133134,24735317.56,2261,F1,1,,,,,
2026-09-04,2026-09-04,CM,NSE,STK,759261,INE1CCX01012,GURUNANAK,SM,,,,,GURUNANAK AGRICULTUR IN L,34.00,36.90,33.40,36.90,36.90,35.15,,36.90,,,28800,1009360.00,18,F1,1600,,,,,
2026-09-04,2026-09-04,CM,NSE,STK,13229,INE251H01024,GVKPIL,BE,,,,,GVK POW. & INFRA LTD.,2.08,2.09,2.05,2.08,2.09,2.05,,2.10,,,561750,1167764.30,681,F1,1,,,,,
2026-09-04,2026-09-04,CM,NSE,STK,10866,INE382T01030,GVPTECH,BE,,,,,GVP INFOTECH LIMITED,8.50,8.59,8.00,8.05,8.13,8.25,,8.05,,,90191,731656.40,388,F1,1,,,,,
2026-09-04,2026-09-04,CM,NSE,STK,764050,INE724A01017,GYFTR,EQ,,,,,GYFTR LIMITED,182.22,186.38,180.01,182.54,181.01,180.23,,182.58,,,27733,5082636.06,629,F1,1,,,,,
2026-09-04,2026-09-04,CM,NSE,STK,762712,INE640B01021,HBESD,EQ,,,,,H B ESTATE DEVELOPERS L,75.00,76.90,75.00,75.10,75.10,75.00,,75.10,,,1075,80767.80,22,F1,1,,,,,
2026-09-04,2026-09-04,CM,NSE,STK,1672,INE926X01010,HGINFRA,EQ,,,,,H.G.INFRA ENGINEERING LTD,479.35,484.00,475.00,482.00,480.00,479.90,,482.02,,,49859,23941751.90,2622,F1,1,,,,,
2026-09-04,2026-09-04,CM,NSE,STK,760715,INE115S01010,HALDER,EQ,,,,,HALDER VENTURE LIMITED,282.00,295.00,282.00,293.50,294.00,284.90,,292.93,,,26009,7592634.25,398,F1,1,,,,,
2026-09-04,2026-09-04,CM,NSE,STK,762708,INE506D01020,HALDYNGL,BE,,,,,HALDYN GLASS LTD.,146.60,149.25,145.10,147.70,147.10,144.65,,147.26,,,40259,5933099.21,352,F1,1,,,,,
2026-09-04,2026-09-04,CM,NSE,STK,21551,INE320X01016,HALEOSLABS,EQ,,,,,HALEOS LABS LIMITED,1509.40,1509.40,1441.00,1451.30,1443.00,1482.10,,1451.35,,,5164,7528865.90,100,F1,1,,,,,
2026-09-04,2026-09-04,CM,NSE,STK,765075,INE299D01022,HAMPTON,EQ,,,,,HAMPTON SKY REALTY LTD.,8.06,8.30,7.80,7.86,8.09,8.10,,7.87,,,9884,79438.87,114,F1,1,,,,,
2026-09-04,2026-09-04,CM,NSE,STK,13592,INE596H01014,HGM,EQ,,,,,HANDSON GBL MNGMNT LTD,51.60,54.05,50.55,52.63,53.30,51.54,,52.62,,,31154,1653057.47,287,F1,1,,,,,
2026-09-04,2026-09-04,CM,NSE,STK,48,INE419U01012,HAPPSTMNDS,EQ,,,,,HAPPIEST MINDS TECHNO LTD,355.00,358.00,352.60,354.00,353.50,353.95,,354.02,,,1122676,397957557.20,20317,F1,1,,,,,
2026-09-04,2026-09-04,CM,NSE,STK,20854,INE330T01021,HAPPYFORGE,EQ,,,,,HAPPY FORGINGS LIMITED,2265.10,2306.20,2226.60,2238.50,2240.00,2294.40,,2238.58,,,69563,156763624.90,15374,F1,1,,,,,
2026-09-04,2026-09-04,CM,NSE,STK,764131,INE1GFG01011,HAPPY,SM,,,,,HAPPY STEELS LIMITED,87.00,93.00,82.65,89.65,90.00,86.65,,89.65,,,116000,10225300.00,54,F1,2000,,,,,
2026-09-04,2026-09-04,CM,NSE,STK,8962,INE626Z01029,HARDWYN,EQ,,,,,HARDWYN INDIA LIMITED,9.11,9.35,8.99,9.13,9.10,9.11,,9.13,,,1626111,14878930.00,1141,F1,1,,,,,
2026-09-04,2026-09-04,CM,NSE,STK,8968,INE00EV01017,HARIOMPIPE,EQ,,,,,HARIOM PIPE INDUSTRIES L,357.50,364.60,352.75,359.20,359.00,355.45,,359.18,,,113348,40573518.20,3478,F1,1,,,,,
2026-09-04,2026-09-04,CM,NSE,STK,764703,INE400G01011,HRYNSHP,EQ,,,,,HARIYANA SHIP BREAKERS L,99.00,102.00,99.00,101.36,99.15,100.75,,99.41,,,434,43310.20,46,F1,1,,,,,
2026-09-04,2026-09-04,CM,NSE,STK,1313,INE544A01019,HARRMALAYA,EQ,,,,,HARRISON MALAYALAM LTD,193.00,195.49,190.92,192.72,193.50,191.20,,192.72,,,7134,1378402.85,196,F1,1,,,,,
2026-09-04,2026-09-04,CM,NSE,STK,11162,INE0JUS01029,HARSHA,EQ,,,,,HARSHA ENGINEERS INT LTD,451.35,457.10,447.30,454.35,455.80,451.05,,454.36,,,132144,59874447.90,5837,F1,1,,,,,
2026-09-04,2026-09-04,CM,NSE,STK,18154,INE982F01036,HATHWAY,EQ,,,,,HATHWAY CABLE & DATACOM,10.26,10.58,10.26,10.52,10.53,10.26,,10.52,,,1819906,18944933.60,1933,F1,1,,,,,
2026-09-04,2026-09-04,CM,NSE,STK,3892,INE473B01035,HATSUN,EQ,,,,,HATSUN AGRO PRODUCT LTD.,1159.90,1185.00,1124.90,1168.80,1161.50,1160.80,,1168.83,,,65825,76284092.70,5965,F1,1,,,,,
2026-09-04,2026-09-04,CM,NSE,STK,9819,INE176B01034,HAVELLS,EQ,,,,,HAVELLS INDIA LIMITED,1178.00,1178.00,1149.70,1154.00,1154.00,1200.00,,1154.06,,,2840527,3291908157.40,94606,F1,1,,,,,
2026-09-04,2026-09-04,CM,NSE,STK,4444,INE979B01015,HAWKINCOOK,EQ,,,,,HAWKINS COOKERS LTD,8338.00,8471.00,8225.00,8406.50,8358.00,8297.00,,8407.14,,,1806,15057021.00,707,F1,1,,,,,
2026-09-04,2026-09-04,CM,NSE,STK,764693,INE550F01049,HAZOOR,EQ,,,,,HAZOOR MULTI PROJECTS LTD,19.40,19.90,18.52,19.13,19.09,19.28,,19.14,,,1290374,25215476.94,1060,F1,1,,,,,
2026-09-04,2026-09-04,CM,NSE,STK,765080,INE638B01025,HBPOR,EQ,,,,,HB PORTFOLIO LTD.,59.66,60.00,58.26,58.38,58.36,59.66,,58.38,,,115,6739.96,10,F1,1,,,,,
2026-09-04,2026-09-04,CM,NSE,STK,4116,INE550B01022,HBSL,EQ,,,,,HB STOCKHOLDINGS LIMITED,54.00,55.93,54.00,54.91,55.29,54.50,,55.36,,,1337,73313.46,33,F1,1,,,,,
2026-09-04,2026-09-04,CM,NSE,STK,13966,INE292B01021,HBLENGINE,EQ,,,,,HBL ENGINEERING LTD,668.50,724.00,667.00,695.75,695.00,665.55,,695.76,,,14312325,10122587437.10,270164,F1,1,,,,,
2026-09-04,2026-09-04,CM,NSE,STK,1327,INE236A01020,HCL-INSYS,EQ,,,,,HCL INFOSYSTEMS LTD,10.32,10.39,9.93,10.10,10.10,10.14,,10.10,,,702510,7051191.27,1092,F1,1,,,,,
2026-09-04,2026-09-04,CM,NSE,STK,7229,INE860A01027,HCLTECH,EQ,,,,,HCL TECHNOLOGIES LTD,1324.90,1331.40,1291.20,1293.40,1293.40,1319.00,,1293.40,,,2210569,2884545119.50,71268,F1,1,,,,,
2026-09-04,2026-09-04,CM,NSE,STK,757772,INE756I01012,HDBFS,EQ,,,,,HDB FINANCIAL SERVICES L,693.45,705.00,680.05,682.70,682.35,693.45,,682.69,,,366577,253453839.45,17760,F1,1,,,,,
2026-09-04,2026-09-04,CM,NSE,STK,4244,INE127D01025,HDFCAMC,EQ,,,,,HDFC AMC LIMITED,2511.30,2517.80,2456.00,2458.30,2458.30,2510.80,,2458.31,,,844970,2093000834.40,58081,F1,1,,,,,
2026-09-04,2026-09-04,CM,NSE,STK,1333,INE040A01034,HDFCBANK,EQ,,,,,HDFC BANK LTD,708.35,716.50,708.35,712.10,712.10,706.65,,712.10,,,14488024,10338145691.25,202544,F1,1,,,,,
2026-09-04,2026-09-04,CM,NSE,STK,19543,INF179KC1981,HDFCGOLD,EQ,,,,,HDFC GOLD ETF,132.50,133.62,130.72,131.45,131.40,130.37,,131.45,,,3350795,440624127.60,9122,F1,1,,,,,
2026-09-04,2026-09-04,CM,NSE,STK,467,INE795G01014,HDFCLIFE,EQ,,,,,HDFC LIFE INS CO LTD,533.70,548.00,533.30,546.40,546.40,533.50,,546.39,,,6016219,3266041841.30,59921,F1,1,,,,,
2026-09-04,2026-09-04,CM,NSE,STK,14230,INF179KC1EZ4,HDFCBSE500,EQ,,,,,HDFCAMC - HDFCBSE500,38.48,38.48,37.42,37.56,37.62,37.73,,37.56,,,862356,32375017.17,224,F1,1,,,,,
2026-09-04,2026-09-04,CM,NSE,STK,11241,INF179KC1DJ0,HDFCGROWTH,EQ,,,,,HDFCAMC - HDFCGROWTH,118.04,119.87,118.04,118.29,118.69,118.68,,118.29,,,55143,6523701.61,150,F1,1,,,,,
2026-09-04,2026-09-04,CM,NSE,STK,18279,INF179KC1JG3,HDFCLIQUID,EQ,,,,,HDFCAMC - HDFCLIQUID,1076.75,1076.77,1076.73,1076.75,1076.75,1076.39,,1076.75,,,14831,15969457.79,41,F1,1,,,,,
2026-09-04,2026-09-04,CM,NSE,STK,11547,INF179KC1HU8,HDFCLOWVOL,EQ,,,,,HDFCAMC - HDFCLOWVOL,20.55,20.60,20.45,20.48,20.60,20.55,,20.48,,,3372,69074.09,80,F1,1,,,,,
2026-09-04,2026-09-04,CM,NSE,STK,14236,INF179KC1HT0,HDFCMID150,EQ,,,,,HDFCAMC - HDFCMID150,23.78,23.78,23.45,23.50,23.48,23.53,,23.51,,,422354,9933419.53,1296,F1,1,,,,,
2026-09-04,2026-09-04,CM,NSE,STK,11538,INF179KC1HV6,HDFCMOMENT,EQ,,,,,HDFCAMC - HDFCMOMENT,30.45,31.19,30.45,30.99,31.15,31.07,,30.98,,,97334,3017635.24,563,F1,1,,,,,
2026-09-04,2026-09-04,CM,NSE,STK,10619,INF179KC1HS2,HDFCNEXT50,EQ,,,,,HDFCAMC - HDFCNEXT50,75.05,75.06,74.50,74.75,74.50,74.64,,74.76,,,201831,15093455.03,646,F1,1,,,,,
2026-09-04,2026-09-04,CM,NSE,STK,10633,INF179KC1HR4,HDFCNIF100,EQ,,,,,HDFCAMC - HDFCNIF100,25.94,26.08,25.89,25.93,26.08,25.94,,25.93,,,17792,461932.21,227,F1,1,,,,,
2026-09-04,2026-09-04,CM,NSE,STK,22433,INF179KC1HY0,HDFCNIFBAN,EQ,,,,,HDFCAMC - HDFCNIFBAN,60.65,60.65,59.08,59.22,59.31,59.18,,59.22,,,123216,7304775.91,473,F1,1,,,,,
2026-09-04,2026-09-04,CM,NSE,STK,12101,INF179KC1IA8,HDFCNIFIT,EQ,,,,,HDFCAMC - HDFCNIFIT,33.32,33.43,32.81,32.86,32.97,33.00,,32.86,,,128067,4219689.80,212,F1,1,,,,,
2026-09-04,2026-09-04,CM,NSE,STK,11591,INF179KC1965,HDFCNIFTY,EQ,,,,,HDFCAMC - HDFCNIFTY,271.02,271.42,269.80,270.30,270.05,269.79,,270.30,,,140738,38102226.67,900,F1,1,,,,,
2026-09-04,2026-09-04,CM,NSE,STK,764336,INF179KC1KT4,HDFCNIMEG,EQ,,,,,HDFCAMC - HDFCNIMEG,131.73,133.99,131.50,133.56,133.99,131.49,,133.55,,,46678,6214643.23,163,F1,1,,,,,
2026-09-04,2026-09-04,CM,NSE,STK,12108,INF179KC1HZ7,HDFCPVTBAN,EQ,,,,,HDFCAMC - HDFCPVTBAN,29.01,29.01,28.18,28.39,28.27,28.31,,28.39,,,143631,4084255.15,318,F1,1,,,,,
2026-09-04,2026-09-04,CM,NSE,STK,11255,INF179KC1DL6,HDFCQUAL,EQ,,,,,HDFCAMC - HDFCQUAL,58.87,58.93,58.50,58.65,58.77,58.52,,58.65,,,2788,163723.22,69,F1,1,,,,,
2026-09-04,2026-09-04,CM,NSE,STK,11593,INF179KC1HX2,HDFCSENSEX,EQ,,,,,HDFCAMC - HDFCSENSEX,86.67,87.59,86.67,87.15,87.27,86.75,,87.15,,,23630,2059743.13,447,F1,1,,,,,
2026-09-04,2026-09-04,CM,NSE,STK,10876,INF179KC1DI2,HDFCSILVER,EQ,,,,,HDFCAMC - HDFCSILVER,215.00,223.71,215.00,222.70,222.62,220.08,,222.71,,,2287210,509369084.56,8666,F1,1,,,,,
2026-09-04,2026-09-04,CM,NSE,STK,14233,INF179KC1FB2,HDFCSML250,EQ,,,,,HDFCAMC - HDFCSML250,187.49,187.49,186.26,186.65,186.30,186.26,,186.65,,,738277,137887480.64,12380,F1,1,,,,,
2026-09-04,2026-09-04,CM,NSE,STK,11260,INF179KC1DK8,HDFCVALUE,EQ,,,,,HDFCAMC - HDFCVALUE,125.50,126.24,125.43,125.88,126.24,125.50,,125.88,,,1613,203008.72,75,F1,1,,,,,
2026-09-04,2026-09-04,CM,NSE,STK,22595,INF179KC1HW4,HDFCPSUBK,EQ,,,,,HDFCAMC HDFCPSUBK,86.57,87.11,86.03,86.16,86.49,86.33,,86.16,,,44418,3845675.58,218,F1,1,,,,,
2026-09-04,2026-09-04,CM,NSE,STK,19205,INE759V01019,HEADSUP,EQ,,,,,HEADS UP VENTURES LIMITED,6.63,7.50,6.62,7.21,7.10,6.69,,7.21,,,52608,384627.88,124,F1,1,,,,,
2026-09-04,2026-09-04,CM,NSE,STK,20063,INE019J01013,HEALTHX,EQ,,,,,HEALTH X PLATFORM LIMITED,295.00,303.70,289.00,300.30,301.50,292.05,,300.30,,,17264,5103394.60,414,F1,1,,,,,
2026-09-04,2026-09-04,CM,NSE,STK,15555,INE075I01017,HCG,EQ,,,,,HEALTHCARE GLOB. ENT. LTD,707.80,718.25,698.10,700.20,703.95,703.45,,700.24,,,65274,46237662.25,4683,F1,1,,,,,
2026-09-04,2026-09-04,CM,NSE,STK,7425,INE558R01013,HECPROJECT,EQ,,,,,HEC INFRA PROJECTS LTD,121.78,121.78,115.05,117.78,119.00,121.34,,117.78,,,8085,950572.23,102,F1,1,,,,,
2026-09-04,2026-09-04,CM,NSE,STK,1336,INE545A01024,HEG,EQ,,,,,HEG LTD,709.00,744.90,695.80,728.25,725.50,707.45,,728.29,,,2565950,1848150773.15,51535,F1,1,,,,,
2026-09-04,2026-09-04,CM,NSE,STK,2316,INE578A01017,HEIDELBERG,EQ,,,,,HEIDELBERGCEMENT (I) LTD,158.30,160.89,158.30,160.17,160.00,158.19,,160.16,,,218319,34919501.24,3811,F1,1,,,,,
2026-09-04,2026-09-04,CM,NSE,STK,701,INE0AJG01018,HEMIPROP,EQ,,,,,HEMISPHERE PROP IND LTD,125.93,127.77,125.91,126.55,126.30,125.93,,126.56,,,269289,34091612.19,2431,F1,1,,,,,
2026-09-04,2026-09-04,CM,NSE,STK,2614,INE694N01015,HERANBA,EQ,,,,,HERANBA INDUSTRIES LTD,175.90,177.99,173.30,173.83,173.60,175.93,,173.83,,,13651,2387268.75,802,F1,1,,,,,
2026-09-04,2026-09-04,CM,NSE,STK,4598,INE978A01027,HERITGFOOD,EQ,,,,,HERITAGE FOODS LTD,373.40,384.70,369.10,382.35,381.00,371.55,,382.33,,,1034903,392493886.55,16079,F1,1,,,,,
2026-09-04,2026-09-04,CM,NSE,STK,1348,INE158A01026,HEROMOTOCO,EQ,,,,,HERO MOTOCORP LIMITED,5319.00,5322.50,5260.00,5300.00,5300.00,5308.50,,5300.00,,,607423,3218068838.00,52796,F1,1,,,,,
2026-09-04,2026-09-04,CM,NSE,STK,7048,INE782E01017,HESTERBIO,EQ,,,,,HESTER BIOSCIENCES LTD,2199.90,2540.90,2170.00,2405.40,2391.00,2201.70,,2405.44,,,93542,229059408.20,8472,F1,1,,,,,
2026-09-04,2026-09-04,CM,NSE,STK,27008,INE750M01017,HEXATRADEX,EQ,,,,,HEXA TRADEX LIMITED,160.00,160.00,157.00,157.65,158.00,158.00,,157.65,,,1741,275303.83,52,F1,1,,,,,
2026-09-04,2026-09-04,CM,NSE,STK,750116,INE0JUI01012,HEXAGON,BE,,,,,HEXAGON NUTRITION LIMITED,66.60,67.75,65.25,67.23,67.05,66.42,,67.24,,,102191,6829003.53,639,F1,1,,,,,
2026-09-04,2026-09-04,CM,NSE,STK,29666,INE093A01041,HEXT,EQ,,,,,HEXAWARE TECHNOLOGIES LTD,531.70,541.00,524.00,528.60,531.00,529.10,,528.53,,,192374,101986205.45,9496,F1,1,,,,,
2026-09-04,2026-09-04,CM,NSE,STK,21954,INE548A01028,HFCL,BE,,,,,HFCL LIMITED,226.00,231.44,225.00,231.44,231.44,220.42,,231.44,,,4395650,1012860693.07,10733,F1,1,,,,,
2026-09-04,2026-09-04,CM,NSE,STK,18794,INE0PIC01017,HIGREEN,SM,,,,,HI GREEN CARBON LIMITED,123.00,125.00,119.25,124.00,124.00,122.55,,124.00,,,7200,881440.00,9,F1,800,,,,,
2026-09-04,2026-09-04,CM,NSE,STK,2868,INE106T01025,HITECH,EQ,,,,,HI-TECH PIPES LIMITED,75.45,76.34,74.25,75.77,75.80,75.15,,75.77,,,1169763,87856663.01,12087,F1,1,,,,,
2026-09-04,2026-09-04,CM,NSE,STK,759103,INE00RL01028,HILINFRA,EQ,,,,,HIGHWAY INFRASTRUCTURE L,44.68,45.40,44.20,44.45,44.52,44.68,,44.44,,,36577,1628655.64,410,F1,1,,,,,
2026-09-04,2026-09-04,CM,NSE,STK,9668,INE475B01022,HIKAL,EQ,,,,,HIKAL LIMITED,234.00,236.74,220.10,222.30,222.90,240.36,,222.30,,,5359400,1229709067.34,59686,F1,1,,,,,
2026-09-04,2026-09-04,CM,NSE,STK,14627,INE788H01017,HILTON,EQ,,,,,HILTON METAL FORGING LTD,18.99,18.99,18.50,18.63,18.69,18.71,,18.63,,,83646,1563536.59,327,F1,1,,,,,
2026-09-04,2026-09-04,CM,NSE,STK,14334,INE019C01026,HSCL,EQ,,,,,HIMADRI SPECIALITY CHEM L,664.40,674.65,660.75,671.05,670.60,662.00,,671.06,,,2597175,1735693577.20,31607,F1,1,,,,,
2026-09-04,2026-09-04,CM,NSE,STK,1360,INE049A01027,HIMATSEIDE,EQ,,,,,HIMATSINGKA SEIDE LTD,70.42,71.89,70.25,71.51,71.71,70.32,,71.50,,,358084,25483332.22,3631,F1,1,,,,,
2026-09-04,2026-09-04,CM,NSE,STK,765085,INE227B01019,HINDALUMI,EQ,,,,,HIND ALUMINIUM INDS. LTD.,97.00,100.70,95.20,97.43,98.90,97.50,,97.79,,,3024,294835.45,128,F1,1,,,,,
2026-09-04,2026-09-04,CM,NSE,STK,1363,INE038A01020,HINDALCO,EQ,,,,,HINDALCO  INDUSTRIES  LTD,1012.90,1020.80,1005.00,1011.00,1011.00,1010.00,,1011.00,,,3682428,3733979952.20,93460,F1,1,,,,,
2026-09-04,2026-09-04,CM,NSE,STK,4920,INE642Y01029,HINDCON,EQ,,,,,HINDCON CHEMICALS LIMITED,25.19,25.19,23.00,23.90,23.98,24.28,,23.90,,,42853,1032185.89,345,F1,1,,,,,
2026-09-04,2026-09-04,CM,NSE,STK,11796,INE05X901010,HPIL,EQ,,,,,HINDPRAKASH INDUSTRY LTD,118.70,125.08,114.40,123.75,122.50,122.01,,122.51,,,1499,182164.13,44,F1,1,,,,,
2026-09-04,2026-09-04,CM,NSE,STK,14712,INE170I01016,HGS,EQ,,,,,HINDUJA GLOBAL SOLS. LTD.,393.00,409.00,391.05,399.25,401.00,393.00,,399.04,,,9933,3920965.60,525,F1,1,,,,,
2026-09-04,2026-09-04,CM,NSE,STK,764698,INE074C01013,HINDADH,EQ,,,,,HINDUSTAN ADHESIVES LTD.,383.75,383.75,363.25,370.90,372.90,370.85,,368.75,,,517,192671.35,52,F1,1,,,,,
2026-09-04,2026-09-04,CM,NSE,STK,2303,INE066F01020,HAL,EQ,,,,,HINDUSTAN AERONAUTICS LTD,4831.00,4936.00,4817.40,4856.00,4856.00,4765.60,,4855.85,,,1399667,6851018941.70,77137,F1,1,,,,,
2026-09-04,2026-09-04,CM,NSE,STK,1372,INE310C01029,HINDCOMPOS,EQ,,,,,HINDUSTAN COMPOSITES LTD.,392.10,415.00,392.10,394.85,392.10,393.10,,394.85,,,5640,2252730.35,319,F1,1,,,,,
2026-09-04,2026-09-04,CM,NSE,STK,1375,INE549A01026,HCC,EQ,,,,,HINDUSTAN CONSTRUCTION CO,23.06,23.54,22.90,22.98,22.97,23.13,,22.98,,,20266993,468445826.53,21413,F1,1,,,,,
2026-09-04,2026-09-04,CM,NSE,STK,17939,INE531E01026,HINDCOPPER,EQ,,,,,HINDUSTAN COPPER LTD,522.15,523.95,518.00,521.65,521.70,518.50,,521.64,,,3802351,1979833441.60,45647,F1,1,,,,,
2026-09-04,2026-09-04,CM,NSE,STK,12173,INE254N01026,HNDFDS,EQ,,,,,HINDUSTAN FOODS LIMITED,626.90,631.50,609.50,615.05,610.50,626.90,,615.07,,,133631,82055114.50,10581,F1,1,,,,,
2026-09-04,2026-09-04,CM,NSE,STK,19215,INE871K01015,HMVL,BE,,,,,HINDUSTAN MEDIA VENT LTD,87.50,88.00,84.00,84.28,85.00,86.49,,84.33,,,15089,1282426.11,117,F1,1,,,,,
2026-09-04,2026-09-04,CM,NSE,STK,1403,INE345A01011,HINDOILEXP,EQ,,,,,HINDUSTAN OIL EXPLORATION,183.00,188.00,180.15,185.00,184.99,184.38,,185.01,,,1959249,358064622.55,18993,F1,1,,,,,
2026-09-04,2026-09-04,CM,NSE,STK,1406,INE094A01015,HINDPETRO,EQ,,,,,HINDUSTAN PETROLEUM CORP,359.90,360.05,355.55,356.50,356.50,361.35,,356.54,,,3155139,1127620802.00,28717,F1,1,,,,,
2026-09-04,2026-09-04,CM,NSE,STK,1394,INE030A01027,HINDUNILVR,EQ,,,,,HINDUSTAN UNILEVER LTD.,1967.00,1984.20,1950.40,1973.40,1973.40,1962.00,,1973.41,,,2247162,4433834276.90,122231,F1,1,,,,,
2026-09-04,2026-09-04,CM,NSE,STK,1424,INE267A01025,HINDZINC,EQ,,,,,HINDUSTAN ZINC LIMITED,598.00,603.00,592.00,601.00,601.00,587.95,,600.96,,,4650039,2777865106.70,42173,F1,1,,,,,
2026-09-04,2026-09-04,CM,NSE,STK,15883,INE05AN01011,HINDWAREAP,EQ,,,,,HINDWARE HME INOVATON LTD,187.00,187.24,181.00,182.61,181.20,185.82,,182.61,,,113928,20844298.27,2584,F1,1,,,,,
2026-09-04,2026-09-04,CM,NSE,STK,13890,INE835D01023,HIRECT,EQ,,,,,HIRECT LIMITED,1236.00,1249.70,1220.40,1222.40,1220.40,1235.80,,1222.42,,,18689,22997508.30,1863,F1,1,,,,,
2026-09-04,2026-09-04,CM,NSE,STK,19322,INE598C01011,HISARMETAL,EQ,,,,,HISAR METAL IND. LIMITED,163.89,166.01,161.60,162.19,162.50,162.81,,161.76,,,964,157551.60,56,F1,1,,,,,
2026-09-04,2026-09-04,CM,NSE,STK,18457,INE07Y701011,POWERINDIA,EQ,,,,,HITACHI ENERGY INDIA LTD,32000.00,32195.00,31545.00,31650.00,31650.00,32000.00,,31650.00,,,83443,2648166720.00,30096,F1,1,,,,,
2026-09-04,2026-09-04,CM,NSE,STK,15165,INE120D01012,HITECHCORP,BE,,,,,HITECH CORPORATION LTD,339.85,339.85,330.10,337.00,337.00,337.00,,337.00,,,6573,2200592.55,63,F1,1,,,,,
2026-09-04,2026-09-04,CM,NSE,STK,2289,INE461D01028,HLEGLAS,EQ,,,,,HLE GLASCOAT LIMITED,320.05,343.00,320.05,333.65,333.50,320.05,,333.63,,,605651,200563938.60,12941,F1,1,,,,,
2026-09-04,2026-09-04,CM,NSE,STK,1448,INE102A01024,HLVLTD,EQ,,,,,HLV LIMITED,6.54,6.74,6.34,6.48,6.49,6.41,,6.48,,,143901,939291.47,471,F1,1,,,,,
2026-09-04,2026-09-04,CM,NSE,STK,17053,INE0ECP01024,HMAAGRO,EQ,,,,,HMA AGRO INDUSTRIES LTD,20.90,21.15,20.80,20.84,20.91,20.93,,20.84,,,314281,6559067.14,1515,F1,1,,,,,
2026-09-04,2026-09-04,CM,NSE,STK,19698,INE262A01018,HMT,BZ,,,,,HMT LTD -,69.99,69.99,65.70,66.91,67.15,69.07,,66.88,,,31667,2156285.35,244,F1,1,,,,,
2026-09-04,2026-09-04,CM,NSE,STK,23826,INE0S6S01017,HOACFOODS,ST,,,,,HOAC FOODS INDIA LIMITED,965.00,1010.00,959.95,1009.95,1009.90,965.00,,1009.95,,,6375,6262706.25,17,F1,375,,,,,
2026-09-04,2026-09-04,CM,NSE,STK,18649,INE0LXA01019,HOLMARC,SM,,,,,HOLMARC OPTO MECHATRO L,107.00,107.00,102.00,105.05,105.05,104.95,,105.05,,,16500,1712775.00,19,F1,750,,,,,
2026-09-04,2026-09-04,CM,NSE,STK,2056,INE481N01025,HOMEFIRST,EQ,,,,,HOME FIRST FIN CO IND LTD,1201.40,1229.00,1196.00,1210.10,1210.00,1201.40,,1210.10,,,128463,155979862.90,15823,F1,1,,,,,
2026-09-04,2026-09-04,CM,NSE,STK,19813,INE0J5401028,HONASA,EQ,,,,,HONASA CONSUMER LIMITED,480.25,492.60,468.80,471.05,470.00,477.05,,471.04,,,996548,477488987.90,24279,F1,1,,,,,
2026-09-04,2026-09-04,CM,NSE,STK,3138,INE634A01018,HONDAPOWER,EQ,,,,,HONDA I POWER PRODUCT LTD,1986.40,2036.00,1976.00,2024.60,2025.00,1986.40,,2024.41,,,2712,5434695.30,512,F1,1,,,,,
2026-09-04,2026-09-04,CM,NSE,STK,3417,INE671A01010,HONAUT,EQ,,,,,HONEYWELL AUTOMATION IND,35265.00,35870.00,35265.00,35655.00,35600.00,35265.00,,35653.83,,,1792,63859995.00,1177,F1,1,,,,,
2026-09-04,2026-09-04,CM,NSE,STK,765356,INE685T01010,HORIZONIND,EQ,,,,,HORIZON INDUSTRIAL PRKS L,55.49,55.99,54.60,55.13,54.85,55.69,,55.15,,,6411837,351834248.97,22902,F1,1,,,,,
2026-09-04,2026-09-04,CM,NSE,STK,17920,INE191I01012,HDIL,BZ,,,,,HOUSING DEV & INFRA LTD,1.51,1.54,1.47,1.47,1.49,1.51,,1.48,,,144902,217174.78,170,F1,1,,,,,
2026-09-04,2026-09-04,CM,NSE,STK,7376,INE0GSL01024,HPAL,EQ,,,,,HP ADHESIVES LIMITED,36.20,36.49,34.70,35.58,35.85,35.40,,35.58,,,59982,2150293.18,717,F1,1,,,,,
2026-09-04,2026-09-04,CM,NSE,STK,18679,INE495S01016,HPL,EQ,,,,,HPL ELECTRIC & POWER LTD,304.40,308.00,300.60,304.15,305.70,303.25,,304.15,,,97614,29723792.65,3297,F1,1,,,,,
2026-09-04,2026-09-04,CM,NSE,STK,21107,INE0R3501012,HRHNEXT,SM,,,,,HRH NEXT SERVICES LIMITED,25.00,25.40,25.00,25.40,25.40,24.80,,25.40,,,18000,456600.00,3,F1,1500,,,,,
2026-09-04,2026-09-04,CM,NSE,STK,761506,INF336L01RX2,HSBCGOLD,EQ,,,,,HSBCAMC - HSBCGOLD,134.02,134.31,133.31,133.81,133.31,132.53,,133.81,,,29190,3910736.33,291,F1,1,,,,,
2026-09-04,2026-09-04,CM,NSE,STK,20825,INE031A01017,HUDCO,EQ,,,,,HSG & URBAN DEV CORPN LTD,181.96,181.96,179.82,180.52,180.50,181.07,,180.52,,,946223,170877097.07,13982,F1,1,,,,,
2026-09-04,2026-09-04,CM,NSE,STK,11979,INE501G01024,HTMEDIA,EQ,,,,,HT MEDIA LIMITED,26.56,26.90,26.06,26.12,26.30,26.56,,26.12,,,43144,1135940.64,334,F1,1,,,,,
2026-09-04,2026-09-04,CM,NSE,STK,14203,INE703H01016,HUBTOWN,EQ,,,,,HUBTOWN LIMITED,192.00,197.48,188.30,189.26,189.98,192.20,,189.27,,,598031,114247996.29,6200,F1,1,,,,,
2026-09-04,2026-09-04,CM,NSE,STK,2562,INE275B01026,HUHTAMAKI,EQ,,,,,HUHTAMAKI INDIA LIMITED,258.95,260.40,252.00,255.00,255.45,258.20,,255.00,,,125656,32031661.25,3335,F1,1,,,,,
2026-09-04,2026-09-04,CM,NSE,STK,25708,INE0TO501019,HVAX,SM,,,,,HVAX TECHNOLOGIES LIMITED,667.00,667.00,667.00,667.00,667.00,669.95,,667.00,,,150,100050.00,1,F1,150,,,,,
2026-09-04,2026-09-04,CM,NSE,STK,765468,INE0LEG01024,HTEL,BE,,,,,HY-TECH ENGINEERS LIMITED,74.50,75.90,71.10,73.65,73.75,74.73,,73.63,,,1652363,120943196.18,8570,F1,1,,,,,
2026-09-04,2026-09-04,CM,NSE,STK,12814,INE965B01022,HYBRIDFIN,BE,,,,,HYBRID FINANCIAL SERVICE,16.80,17.25,16.42,16.67,16.55,16.60,,16.85,,,7267,120666.60,49,F1,1,,,,,
2026-09-04,2026-09-04,CM,NSE,STK,25844,INE0V6F01027,HYUNDAI,EQ,,,,,HYUNDAI MOTOR INDIA LTD,2152.00,2214.50,2150.70,2205.00,2205.00,2152.00,,2205.00,,,531330,1164538315.30,36779,F1,1,,,,,
2026-09-04,2026-09-04,CM,NSE,STK,14086,INE204A01010,IGPL,EQ,,,,,I G PETROCHEMICALS LTD,553.50,572.00,550.05,567.40,568.25,548.85,,567.36,,,200277,112956198.85,5882,F1,1,,,,,
2026-09-04,2026-09-04,CM,NSE,STK,764718,INE684B01029,ISTLTD,EQ,,,,,I S T LTD.,672.75,675.00,650.00,654.55,650.00,659.55,,654.55,,,357,236776.60,46,F1,1,,,,,
2026-09-04,2026-09-04,CM,NSE,STK,21348,INE0O7401018,IBLFL,SM,,,,,IBL FINANCE LIMITED,58.00,58.00,58.00,58.00,58.00,60.90,,58.00,,,2000,116000.00,1,F1,2000,,,,,
2026-09-04,2026-09-04,CM,NSE,STK,764064,INE0XE501015,ICELCO,SM,,,,,IC ELECTRICALS COMPANY L,120.10,124.00,118.05,119.05,119.05,119.25,,119.05,,,91200,10977180.00,24,F1,1200,,,,,
2026-09-04,2026-09-04,CM,NSE,STK,6977,INE613B01010,ICDSLTD,EQ,,,,,ICDS LTD,70.00,71.45,66.20,71.45,71.45,64.96,,71.45,,,53177,3744800.90,575,F1,1,,,,,
2026-09-04,2026-09-04,CM,NSE,STK,489,INE520Y01019,ICEMAKE,EQ,,,,,ICE MAKE REFRIGERAT LTD,739.25,743.70,734.45,738.60,739.00,739.25,,738.60,,,7174,5297857.40,616,F1,1,,,,,
2026-09-04,2026-09-04,CM,NSE,STK,4963,INE090A01021,ICICIBANK,EQ,,,,,ICICI BANK LTD.,1432.10,1438.30,1421.40,1423.20,1423.20,1430.00,,1423.20,,,6693889,9566874557.40,100896,F1,1,,,,,
2026-09-04,2026-09-04,CM,NSE,STK,21770,INE765G01017,ICICIGI,EQ,,,,,ICICI LOMBARD GIC LIMITED,1521.70,1533.80,1507.40,1510.00,1510.00,1521.70,,1510.00,,,824875,1250112822.80,25036,F1,1,,,,,
2026-09-04,2026-09-04,CM,NSE,STK,21254,INF109KC19U5,LOWVOLIETF,EQ,,,,,ICICI PR NIF LW VL 30 ETF,22.13,22.13,21.91,21.98,22.01,21.98,,21.98,,,1319509,29099069.84,1115,F1,1,,,,,
2026-09-04,2026-09-04,CM,NSE,STK,18652,INE726G01019,ICICIPRULI,EQ,,,,,ICICI PRU LIFE INS CO LTD,495.05,503.15,492.10,494.55,494.55,495.05,,494.55,,,962782,479415949.85,34371,F1,1,,,,,
2026-09-04,2026-09-04,CM,NSE,STK,17702,INF109KC10W0,MIDSELIETF,EQ,,,,,ICICI PRUD MIDCAP SEL ETF,19.92,20.05,19.88,19.93,19.89,19.92,,19.93,,,137616,2747548.82,608,F1,1,,,,,
2026-09-04,2026-09-04,CM,NSE,STK,30392,INF109KC16V9,NIF100IETF,EQ,,,,,ICICI PRUD NIFTY 100 ETF,28.14,28.14,27.95,28.05,28.07,27.93,,28.05,,,44315,1241100.30,1146,F1,1,,,,,
2026-09-04,2026-09-04,CM,NSE,STK,29553,INF109K012R6,NIFTYIETF,EQ,,,,,ICICI PRUD NIFTY ETF,272.23,272.40,270.51,271.88,271.73,270.98,,271.88,,,315336,85766435.76,8765,F1,1,,,,,
2026-09-04,2026-09-04,CM,NSE,STK,4378,INF346A01034,SENSEXIETF,EQ,,,,,ICICI PRUD SENSEX ETF,903.99,903.99,881.95,884.24,882.51,881.95,,884.26,,,28419,25159140.37,284,F1,1,,,,,
2026-09-04,2026-09-04,CM,NSE,STK,760407,INE346A01027,ICICIAMC,EQ,,,,,ICICI PRUDENTIAL AMC LTD,2990.00,2995.90,2958.50,2970.90,2965.00,2980.00,,2970.93,,,281169,837176994.60,21106,F1,1,,,,,
2026-09-04,2026-09-04,CM,NSE,STK,19679,INF109KC1NT3,GOLDIETF,EQ,,,,,ICICI PRUDENTIAL GOLD ETF,131.21,132.99,131.21,131.80,131.90,130.75,,131.80,,,4150183,547286516.43,25030,F1,1,,,,,
2026-09-04,2026-09-04,CM,NSE,STK,17475,INF109KC11V0,NV20IETF,EQ,,,,,ICICI PRUDENTIAL NV20 ETF,13.55,13.65,13.55,13.62,13.64,13.55,,13.62,,,322970,4400391.97,1811,F1,1,,,,,
2026-09-04,2026-09-04,CM,NSE,STK,522,INF109KB15Y7,ICICIB22,EQ,,,,,ICICIPRAMC - BHARATIWIN,116.31,116.31,113.90,114.34,114.58,114.03,,114.35,,,255356,29183219.96,2694,F1,1,,,,,
2026-09-04,2026-09-04,CM,NSE,STK,30139,INF109K1A021,CASHIETF,EQ,,,,,ICICIPRAMC - CASHIETF,1078.37,1078.39,1078.37,1078.38,1078.39,1077.99,,1078.38,,,101592,109555358.06,103,F1,1,,,,,
2026-09-04,2026-09-04,CM,NSE,STK,755881,INF109K1A153,EVIETF,EQ,,,,,ICICIPRAMC - EVIETF,32.89,32.89,32.31,32.47,32.56,32.56,,32.47,,,183629,5955722.16,834,F1,1,,,,,
2026-09-04,2026-09-04,CM,NSE,STK,13143,INF109KC18O0,GSEC10IETF,EQ,,,,,ICICIPRAMC - ICICI10GS,262.50,262.50,262.50,262.50,262.50,262.50,,262.50,,,42,11025.00,3,F1,1,,,,,
2026-09-04,2026-09-04,CM,NSE,STK,3001,INF109KC1V59,BSE500IETF,EQ,,,,,ICICIPRAMC - ICICI500,40.20,40.20,39.30,39.33,39.47,39.41,,39.33,,,61545,2428557.33,997,F1,1,,,,,
2026-09-04,2026-09-04,CM,NSE,STK,8342,INF109KC14A8,GSEC5IETF,EQ,,,,,ICICIPRAMC - ICICI5GSEC,66.51,66.51,66.51,66.51,66.51,66.51,,66.51,,,862,57331.62,24,F1,1,,,,,
2026-09-04,2026-09-04,CM,NSE,STK,22344,INF109KC17V7,ALPL30IETF,EQ,,,,,ICICIPRAMC - ICICIALPLV,27.85,27.85,27.50,27.59,27.65,27.76,,27.59,,,473904,13087658.22,1194,F1,1,,,,,
2026-09-04,2026-09-04,CM,NSE,STK,7844,INF109KC10V2,AUTOIETF,EQ,,,,,ICICIPRAMC - ICICIAUTO,29.06,29.06,28.73,28.81,28.91,28.91,,28.81,,,980798,28259587.58,2654,F1,1,,,,,
2026-09-04,2026-09-04,CM,NSE,STK,11386,INF109KC18U7,PVTBANIETF,EQ,,,,,ICICIPRAMC - ICICIBANKP,28.26,28.35,28.06,28.17,28.22,28.15,,28.17,,,672096,18933973.68,1009,F1,1,,,,,
2026-09-04,2026-09-04,CM,NSE,STK,13198,INF109KC19O8,COMMOIETF,EQ,,,,,ICICIPRAMC - ICICICOMMO,99.70,100.43,99.25,100.33,100.00,99.41,,100.32,,,28716,2868627.61,1348,F1,1,,,,,
2026-09-04,2026-09-04,CM,NSE,STK,6446,INF109KC1V42,CONSUMIETF,EQ,,,,,ICICIPRAMC - ICICICONSU,120.70,121.21,120.45,120.67,120.82,121.06,,120.67,,,412702,49955671.21,246,F1,1,,,,,
2026-09-04,2026-09-04,CM,NSE,STK,5306,INF109KC19V3,FMCGIETF,EQ,,,,,ICICIPRAMC - ICICIFMCG,49.00,49.75,49.00,49.47,49.60,49.46,,49.47,,,2400471,118764844.86,4684,F1,1,,,,,
2026-09-04,2026-09-04,CM,NSE,STK,10723,INF109KC16E5,INFRAIETF,EQ,,,,,ICICIPRAMC - ICICIINFRA,94.93,95.24,94.52,94.80,94.52,94.72,,94.80,,,555466,52681113.05,4446,F1,1,,,,,
2026-09-04,2026-09-04,CM,NSE,STK,4838,INF109KC1KT9,LIQUIDIETF,EQ,,,,,ICICIPRAMC - ICICILIQ,1000.00,1000.01,999.51,999.99,1000.00,999.99,,999.99,,,540668,540667802.52,315,F1,1,,,,,
2026-09-04,2026-09-04,CM,NSE,STK,17152,INF109KC11W8,MIDCAPIETF,EQ,,,,,ICICIPRAMC - ICICIM150,24.54,24.54,24.02,24.06,24.13,24.06,,24.06,,,669603,16137788.09,1900,F1,1,,,,,
2026-09-04,2026-09-04,CM,NSE,STK,10585,INF109KC17C7,MOM30IETF,EQ,,,,,ICICIPRAMC - ICICIMOM30,30.64,31.41,30.64,31.36,31.39,31.27,,31.38,,,501933,15726274.02,1578,F1,1,,,,,
2026-09-04,2026-09-04,CM,NSE,STK,4529,INF109KC1NS5,NEXT50IETF,EQ,,,,,ICICIPRAMC - ICICINXT50,78.60,78.60,77.06,77.25,77.42,77.06,,77.25,,,319174,24665262.08,3652,F1,1,,,,,
2026-09-04,2026-09-04,CM,NSE,STK,3626,INF109KC1Q72,HEALTHIETF,EQ,,,,,ICICIPRAMC - ICICIPHARM,170.65,170.66,168.17,168.65,169.33,170.09,,168.65,,,169428,28644796.99,1685,F1,1,,,,,
2026-09-04,2026-09-04,CM,NSE,STK,17808,INF109KC18V5,QUAL30IETF,EQ,,,,,ICICIPRAMC - ICICIQTY30,21.19,21.39,21.03,21.12,21.13,21.07,,21.12,,,76847,1620417.39,212,F1,1,,,,,
2026-09-04,2026-09-04,CM,NSE,STK,7942,INF109KC1Y56,SILVERIETF,EQ,,,,,ICICIPRAMC - ICICISILVE,232.88,233.46,230.51,232.48,232.34,229.94,,232.48,,,2490162,578673745.86,13707,F1,1,,,,,
2026-09-04,2026-09-04,CM,NSE,STK,22365,INF109KC16I6,ITIETF,EQ,,,,,ICICIPRAMC - ICICITECH,34.59,34.73,33.95,34.01,33.95,34.24,,34.01,,,354409,12124960.21,1099,F1,1,,,,,
2026-09-04,2026-09-04,CM,NSE,STK,764364,INF109K1A567,INSUREIETF,EQ,,,,,ICICIPRAMC - INSUREIETF,15.06,15.33,15.05,15.23,15.21,15.04,,15.22,,,402017,6096729.97,138,F1,1,,,,,
2026-09-04,2026-09-04,CM,NSE,STK,11037,INF109KC15I8,BANKIETF,EQ,,,,,ICICIPRAMC - IPRU5008,59.25,59.30,59.00,59.14,59.18,59.14,,59.14,,,278048,16453430.89,1204,F1,1,,,,,
2026-09-04,2026-09-04,CM,NSE,STK,24861,INF109KC19W1,METALIETF,EQ,,,,,ICICIPRAMC - METALIETF,13.40,13.45,13.20,13.40,13.41,13.20,,13.40,,,5744597,76492655.18,8061,F1,1,,,,,
2026-09-04,2026-09-04,CM,NSE,STK,24533,INF109KC18W3,OILIETF,EQ,,,,,ICICIPRAMC - OILIETF,11.34,11.41,11.28,11.37,11.38,11.33,,11.37,,,1207003,13740795.54,1509,F1,1,,,,,
2026-09-04,2026-09-04,CM,NSE,STK,14584,INF109KC10S8,PSUBNKIETF,EQ,,,,,ICICIPRAMC - PSUBANKICI,86.73,87.20,86.18,86.53,87.03,86.56,,86.53,,,155480,13483737.28,748,F1,1,,,,,
2026-09-04,2026-09-04,CM,NSE,STK,754612,INF109K1A476,SMALLIETF,EQ,,,,,ICICIPRAMC - SMALLIETF,18.89,19.00,18.45,18.57,18.62,18.54,,18.57,,,65128,1210578.86,138,F1,1,,,,,
2026-09-04,2026-09-04,CM,NSE,STK,757781,INF109K1A344,TOP15IETF,EQ,,,,,ICICIPRAMC - TOP15IETF,9.81,9.95,9.78,9.82,9.85,9.82,,9.82,,,89010,873341.70,186,F1,1,,,,,
2026-09-04,2026-09-04,CM,NSE,STK,25851,INF109KC16X5,VAL30IETF,EQ,,,,,ICICIPRAMC - VAL30IETF,15.24,15.24,15.11,15.19,15.20,15.14,,15.19,,,111743,1695743.98,332,F1,1,,,,,
2026-09-04,2026-09-04,CM,NSE,STK,12578,INF109KC17L8,FINIETF,EQ,,,,,ICICIPRAMC-ICICIFIN,33.46,33.46,32.69,32.95,32.90,32.65,,32.95,,,174481,5740652.74,1226,F1,1,,,,,
2026-09-04,2026-09-04,CM,NSE,STK,14523,INE725G01011,ICRA,EQ,,,,,ICRA LIMITED,4890.00,4998.20,4866.00,4884.50,4885.00,4889.30,,4884.61,,,21042,104046442.10,3220,F1,1,,,,,
2026-09-04,2026-09-04,CM,NSE,STK,1476,INE008A01015,IDBI,EQ,,,,,IDBI BANK LIMITED,92.40,92.40,90.42,90.63,90.62,91.97,,90.63,,,5012839,456803855.04,21010,F1,1,,,,,
2026-09-04,2026-09-04,CM,NSE,STK,17140,INE349Y01013,IDEAFORGE,EQ,,,,,IDEAFORGE TECHNO LTD,783.95,799.00,774.00,777.05,776.55,776.55,,777.07,,,208626,163808064.60,15451,F1,1,,,,,
2026-09-04,2026-09-04,CM,NSE,STK,28574,INE0TD101011,IDENTICAL,SM,,,,,IDENTICAL BRAINS STUDIO L,22.45,22.45,18.00,18.05,18.00,19.10,,18.05,,,20000,404800.00,10,F1,2000,,,,,
2026-09-04,2026-09-04,CM,NSE,STK,11184,INE092T01019,IDFCFIRSTB,EQ,,,,,IDFC FIRST BANK LIMITED,87.81,87.98,86.50,86.71,86.71,87.50,,86.71,,,15288105,1332126831.02,52562,F1,1,,,,,
2026-09-04,2026-09-04,CM,NSE,STK,1482,INE076C01018,IFBAGRO,EQ,,,,,IFB AGRO INDUSTRIES LTD,913.90,916.00,887.30,903.30,912.00,889.05,,903.39,,,4296,3875683.70,418,F1,1,,,,,
2026-09-04,2026-09-04,CM,NSE,STK,1485,INE559A01017,IFBIND,EQ,,,,,IFB INDUSTRIES LTD,1317.20,1318.50,1300.50,1305.70,1306.00,1311.80,,1305.70,,,19145,25012839.00,2025,F1,1,,,,,
2026-09-04,2026-09-04,CM,NSE,STK,1491,INE039A01010,IFCI,EQ,,,,,IFCI LTD,96.50,107.50,96.41,101.38,102.17,95.91,,101.38,,,407352536,41971792905.11,954040,F1,1,,,,,
2026-09-04,2026-09-04,CM,NSE,STK,436,INE133Y01011,IFGLEXPOR,EQ,,,,,IFGL REFRACTORIES LIMITED,205.50,210.58,202.00,204.69,207.50,207.44,,204.73,,,22469,4621030.66,834,F1,1,,,,,
2026-09-04,2026-09-04,CM,NSE,STK,634,INE188B01013,IGARASHI,EQ,,,,,IGARASHI MOTORS INDIA LTD,416.25,428.00,416.25,422.75,424.00,416.25,,422.76,,,40948,17280997.45,1646,F1,1,,,,,
2026-09-04,2026-09-04,CM,NSE,STK,761121,INE530B07609,9IIFL31,Y9,,,,,IIFL 9.00% TR I SR VI,1021.00,1021.00,1021.00,1021.00,1021.00,1014.00,,1021.00,,,150,153150.00,1,F1,1,,,,,
2026-09-04,2026-09-04,CM,NSE,STK,760485,INE530B08227,925IIFL32A,N0,,,,,IIFL 9.25% 2032 SR 35,100000.00,100000.00,100000.00,100000.00,100000.00,100000.00,,100000.00,,,1,100000.00,1,F1,1,,,,,
2026-09-04,2026-09-04,CM,NSE,STK,13072,INE489L01022,IIFLCAPS,EQ,,,,,IIFL CAPITAL SERVICES LTD,337.40,341.95,337.40,341.20,340.90,338.05,,341.19,,,330001,112273551.70,6950,F1,1,,,,,
2026-09-04,2026-09-04,CM,NSE,STK,11809,INE530B01024,IIFL,EQ,,,,,IIFL FINANCE LIMITED,645.70,662.90,640.40,651.15,652.00,643.40,,651.17,,,2119359,1382264919.60,35534,F1,1,,,,,
2026-09-04,2026-09-04,CM,NSE,STK,761122,INE530B07583,IIFL060326,YA,,,,,IIFL TR I SR VII,1012.00,1012.00,1012.00,1012.00,1012.00,1019.00,,1012.00,,,45,45540.00,1,F1,1,,,,,
2026-09-04,2026-09-04,CM,NSE,STK,16822,INE0LOJ01019,IKIO,EQ,,,,,IKIO TECHNOLOGIES LIMITED,209.99,222.00,209.20,212.34,211.00,208.31,,212.35,,,831128,179665389.52,13990,F1,1,,,,,
2026-09-04,2026-09-04,CM,NSE,STK,9380,INE369I01014,IL&FSENGG,BZ,,,,,IL&FS ENG AND CONS CO LTD,35.00,36.75,35.00,36.75,36.75,35.00,,36.76,,,113314,4133967.25,85,F1,1,,,,,
2026-09-04,2026-09-04,CM,NSE,STK,6711,INE050B01023,IVC,EQ,,,,,IL&FS INVESTMENT MANAGERS,10.84,10.84,10.19,10.24,10.24,10.09,,10.24,,,1022586,10602756.57,1918,F1,1,,,,,
2026-09-04,2026-09-04,CM,NSE,STK,9381,INE975G01012,IL&FSTRANS,BZ,,,,,IL&FS TRANS NET LTD,2.16,2.16,2.01,2.06,2.10,2.11,,2.06,,,97511,202653.52,104,F1,1,,,,,
2026-09-04,2026-09-04,CM,NSE,STK,7672,INE172N01012,IMAGICAA,EQ,,,,,IMAGICAAWORLD ENT LTD,54.40,57.44,53.94,55.38,55.30,54.55,,55.38,,,2402726,135071011.93,10657,F1,1,,,,,
2026-09-04,2026-09-04,CM,NSE,STK,25881,INE691G01015,IMPEXFERRO,BZ,,,,,IMPEX FERRO TECH LIMITED,4.72,4.72,4.72,4.72,4.72,4.63,,4.86,,,11143,52594.96,15,F1,1,,,,,
2026-09-04,2026-09-04,CM,NSE,STK,17507,INE452L01012,INCREDIBLE,EQ,,,,,INCREDIBLE INDUSTRIES LTD,32.13,32.99,31.99,32.54,32.55,32.13,,32.54,,,5276,169266.41,38,F1,1,,,,,
2026-09-04,2026-09-04,CM,NSE,STK,12009,INE547E01014,IMPAL,EQ,,,,,IND MOTOR PART & ACC LTD,1096.00,1129.00,1081.00,1114.60,1127.00,1087.80,,1114.74,,,1266,1397282.50,178,F1,1,,,,,
2026-09-04,2026-09-04,CM,NSE,STK,4870,INE915B01019,INDSWFTLAB,EQ,,,,,IND SWIFT LABORATORIES LT,373.10,373.10,350.00,355.95,351.50,372.70,,355.90,,,695062,249450525.95,11918,F1,1,,,,,
2026-09-04,2026-09-04,CM,NSE,STK,21957,INE611L01021,INDTERRAIN,EQ,,,,,IND TERRAIN FASHIONS LTD,30.80,30.80,30.05,30.42,30.20,30.22,,30.42,,,17159,519761.72,89,F1,1,,,,,
2026-09-04,2026-09-04,CM,NSE,STK,16933,INE841B01017,INDBANK,EQ,,,,,INDBANK MERCH BANK,29.19,29.19,28.13,28.58,28.51,28.71,,28.58,,,93377,2675425.60,671,F1,1,,,,,
2026-09-04,2026-09-04,CM,NSE,STK,29678,INE0O9T01021,BAJAJINDEF,EQ,,,,,INDEF MANUFACTURING LTD,221.30,224.90,220.53,222.69,223.00,220.84,,222.69,,,30501,6763634.17,435,F1,1,,,,,
2026-09-04,2026-09-04,CM,NSE,STK,23693,INE065X01017,INDGN,EQ,,,,,INDEGENE LIMITED,603.15,611.40,598.30,601.50,599.80,600.15,,601.46,,,804735,486320495.50,21575,F1,1,,,,,
2026-09-04,2026-09-04,CM,NSE,STK,7128,INE560A01023,INDIAGLYCO,BE,,,,,INDIA GLYCOLS LTD,260.40,260.40,260.40,260.40,260.40,248.00,,260.44,,,21597,5623858.80,61,F1,1,,,,,
2026-09-04,2026-09-04,CM,NSE,STK,4747,INE092B01025,INDNIPPON,EQ,,,,,INDIA NIPPON ELECT  LTD,1115.10,1175.00,1101.80,1158.20,1170.00,1109.40,,1158.21,,,63581,72459133.60,3995,F1,1,,,,,
2026-09-04,2026-09-04,CM,NSE,STK,4934,INE0D6701023,IPL,EQ,,,,,INDIA PESTICIDES LIMITED,137.10,138.96,137.10,138.34,138.90,137.50,,138.32,,,67260,9298247.76,1210,F1,1,,,,,
2026-09-04,2026-09-04,CM,NSE,STK,20556,INE922K01024,INDIASHLTR,EQ,,,,,INDIA SHELTER FIN CORP L,669.05,680.00,669.05,677.10,676.00,673.10,,677.11,,,70209,47426847.80,5526,F1,1,,,,,
2026-09-04,2026-09-04,CM,NSE,STK,19299,INE353K01014,ITDC,EQ,,,,,INDIA TOUR. DEV. CO. LTD.,643.95,653.00,640.10,644.35,645.00,643.35,,644.35,,,39915,25738549.20,2475,F1,1,,,,,
2026-09-04,2026-09-04,CM,NSE,STK,24999,INE126M01010,IBULLSLTD,EQ,,,,,INDIABULLS LIMITED,25.92,26.12,25.12,25.67,25.69,25.84,,25.67,,,7874352,200542020.69,14317,F1,1,,,,,
2026-09-04,2026-09-04,CM,NSE,STK,10726,INE933S01016,INDIAMART,EQ,,,,,INDIAMART INTERMESH LTD,1730.00,1745.00,1722.50,1726.40,1727.30,1729.50,,1726.41,,,43854,75932640.10,6148,F1,1,,,,,
2026-09-04,2026-09-04,CM,NSE,STK,14309,INE562A01011,INDIANB,EQ,,,,,INDIAN BANK,883.05,892.40,879.10,879.70,879.70,888.75,,879.70,,,786614,696181296.55,22041,F1,1,,,,,
2026-09-04,2026-09-04,CM,NSE,STK,4422,INE061A01014,INDIANCARD,EQ,,,,,INDIAN CARD CLOTHING CO.,214.79,225.01,208.61,219.97,223.98,214.82,,219.94,,,3224,703064.87,91,F1,1,,,,,
2026-09-04,2026-09-04,CM,NSE,STK,23792,INE0RRU01016,IEML,ST,,,,,INDIAN EMULSIFIERS LTD,40.20,42.30,40.15,42.05,42.00,40.30,,42.05,,,40000,1654675.00,59,F1,500,,,,,
2026-09-04,2026-09-04,CM,NSE,STK,220,INE022Q01020,IEX,EQ,,,,,INDIAN ENERGY EXC LTD,121.00,121.63,118.51,118.91,118.91,119.15,,118.92,,,11547227,1383522554.48,78737,F1,1,,,,,
2026-09-04,2026-09-04,CM,NSE,STK,1530,INE323C01030,INDIANHUME,EQ,,,,,INDIAN HUME PIPE CO. LTD.,390.60,400.05,383.35,387.80,390.00,390.70,,387.79,,,56614,22090461.75,1975,F1,1,,,,,
2026-09-04,2026-09-04,CM,NSE,STK,19235,INE919H01018,IMFA,EQ,,,,,INDIAN METALS & FERRO,1293.00,1312.00,1274.20,1288.40,1291.00,1281.70,,1288.39,,,162105,208839757.90,11606,F1,1,,,,,
2026-09-04,2026-09-04,CM,NSE,STK,1624,INE242A01010,IOC,EQ,,,,,INDIAN OIL CORP LTD,137.00,137.76,136.87,137.60,137.60,137.80,,137.60,,,4277697,587580873.31,29860,F1,1,,,,,
2026-09-04,2026-09-04,CM,NSE,STK,9348,INE565A01014,IOB,EQ,,,,,INDIAN OVERSEAS BANK,33.31,33.64,33.02,33.55,33.50,33.23,,33.55,,,2673908,89329884.92,10221,F1,1,,,,,
2026-09-04,2026-09-04,CM,NSE,STK,25033,INE0DHF01018,IPHL,SM,,,,,INDIAN PHOSPHATE LIMITED,71.60,77.00,69.05,74.95,74.00,72.75,,74.95,,,54000,3900300.00,45,F1,1200,,,,,
2026-09-04,2026-09-04,CM,NSE,STK,13611,INE335Y01020,IRCTC,EQ,,,,,INDIAN RAIL TOUR CORP LTD,474.80,479.00,474.05,476.05,477.00,474.60,,476.07,,,603706,287524371.05,24156,F1,1,,,,,
2026-09-04,2026-09-04,CM,NSE,STK,2029,INE053F01010,IRFC,EQ,,,,,INDIAN RAILWAY FIN CORP L,82.70,83.95,82.70,83.40,83.40,82.65,,83.40,,,7883831,657085398.60,36348,F1,1,,,,,
2026-09-04,2026-09-04,CM,NSE,STK,20261,INE202E01016,IREDA,EQ,,,,,INDIAN RENEWABLE ENERGY,113.50,114.60,113.25,113.64,113.64,113.00,,113.63,,,2627200,299275846.02,16839,F1,1,,,,,
2026-09-04,2026-09-04,CM,NSE,STK,762727,INE586E01020,IWP,EQ,,,,,INDIAN WOOD PRODUCTS CO L,34.00,35.49,33.52,34.38,34.06,34.08,,34.37,,,25747,889274.67,75,F1,1,,,,,
2026-09-04,2026-09-04,CM,NSE,STK,2048,INE09VQ01012,INDIGOPNTS,EQ,,,,,INDIGO PAINTS LIMITED,1183.10,1195.00,1170.00,1185.80,1180.00,1183.10,,1185.79,,,94147,111608940.20,10508,F1,1,,,,,
2026-09-04,2026-09-04,CM,NSE,STK,20988,INE219X23014,INDIGRID,IV,,,,,INDIGRID INFRASTRUCT TRST,175.59,175.60,174.99,175.49,175.41,175.07,,175.49,,,489772,85868032.13,4843,F1,1,,,,,
2026-09-04,2026-09-04,CM,NSE,STK,757845,INE06ST01018,INDIQUBE,EQ,,,,,INDIQUBE SPACES LIMITED,194.52,195.90,193.00,194.54,194.50,193.09,,194.54,,,16617,3224566.01,574,F1,1,,,,,
2026-09-04,2026-09-04,CM,NSE,STK,9120,INE760F01028,INDOAMIN,BE,,,,,INDO AMINES LIMITED,125.50,128.74,123.00,125.96,126.40,124.28,,125.28,,,50224,6331991.82,289,F1,1,,,,,
2026-09-04,2026-09-04,CM,NSE,STK,8614,INE803D01021,INDOBORAX,EQ,,,,,INDO BORAX & CHEMICAL LTD,524.50,524.50,507.15,514.90,512.00,512.80,,514.82,,,126424,65260984.15,5813,F1,1,,,,,
2026-09-04,2026-09-04,CM,NSE,STK,11987,INE483B01026,ICIL,EQ,,,,,INDO COUNT INDUSTRIES LTD,440.10,457.95,436.30,449.80,449.05,437.35,,449.70,,,621520,278841904.45,18147,F1,1,,,,,
2026-09-04,2026-09-04,CM,NSE,STK,29025,INE622H01018,INDOFARM,EQ,,,,,INDO FARM EQUIPMENT LTD,135.59,136.59,132.91,134.03,133.60,134.54,,134.03,,,68314,9178271.65,1716,F1,1,,,,,
2026-09-04,2026-09-04,CM,NSE,STK,10993,INE156A01020,INDORAMA,EQ,,,,,INDO RAMA SYNTHETICS LTD,69.79,74.25,69.55,72.96,73.50,68.87,,72.99,,,1609101,117104870.58,15322,F1,1,,,,,
2026-09-04,2026-09-04,CM,NSE,STK,13275,INE332H01014,INDOTECH,EQ,,,,,INDO TECH TRANSFORM LTD.,3619.70,3704.00,3606.40,3663.10,3650.00,3610.70,,3662.89,,,7508,27585809.80,1393,F1,1,,,,,
2026-09-04,2026-09-04,CM,NSE,STK,25608,INE337M01021,INDOTHAI,EQ,,,,,INDO THAI SEC LTD,35.75,35.75,35.75,35.75,35.75,37.63,,35.75,,,742070,26529002.50,1626,F1,1,,,,,
2026-09-04,2026-09-04,CM,NSE,STK,25503,INE250Z01010,INDOUS,EQ,,,,,INDO US BIOTECH LTD,77.02,79.78,70.00,77.48,77.20,78.82,,77.48,,,41730,3237959.31,280,F1,1,,,,,
2026-09-04,2026-09-04,CM,NSE,STK,764301,INE084101034,INDOMIM,EQ,,,,,INDO-MIM LIMITED,926.00,983.60,926.00,971.50,967.00,922.40,,971.46,,,4512815,4357475831.90,135739,F1,1,,,,,
2026-09-04,2026-09-04,CM,NSE,STK,6782,INE567A01028,NIPPOBATRY,EQ,,,,,INDO-NATIONAL LIMITED,323.75,333.55,323.00,331.75,330.00,324.00,,331.73,,,2225,727709.60,142,F1,1,,,,,
2026-09-04,2026-09-04,CM,NSE,STK,11677,INE873D01024,INDOCO,EQ,,,,,INDOCO REMEDIES LTD.,272.95,274.70,260.59,262.51,266.50,272.56,,262.50,,,368891,98297234.29,8462,F1,1,,,,,
2026-09-04,2026-09-04,CM,NSE,STK,757801,INE05J901018,IGCL,EQ,,,,,INDOGULF CROPSCIENCES LTD,73.27,73.49,72.34,72.89,72.50,73.27,,72.89,,,54634,3980080.34,879,F1,1,,,,,
2026-09-04,2026-09-04,CM,NSE,STK,764708,INE716F01012,INDOKEM,EQ,,,,,INDOKEM LTD.,636.00,640.00,615.10,625.55,638.85,628.70,,627.62,,,3809,2416846.40,244,F1,1,,,,,
2026-09-04,2026-09-04,CM,NSE,STK,19955,INE866K01023,WAAREEINDO,EQ,,,,,INDOSOLAR LIMITED,277.95,277.95,268.05,272.00,271.00,274.85,,272.02,,,75519,20531209.35,1766,F1,1,,,,,
2026-09-04,2026-09-04,CM,NSE,STK,3088,INE896L01010,INDOSTAR,EQ,,,,,INDOSTAR CAPITAL FIN LTD,256.50,261.60,255.00,258.66,256.51,255.88,,258.66,,,111553,28850663.51,1717,F1,1,,,,,
2026-09-04,2026-09-04,CM,NSE,STK,14952,INE227G01018,INDOWIND,EQ,,,,,INDOWIND ENERGY LTD,9.19,9.20,8.93,9.02,9.04,9.05,,9.02,,,77378,700694.51,468,F1,1,,,,,
2026-09-04,2026-09-04,CM,NSE,STK,11262,INE203G01027,IGL,EQ,,,,,INDRAPRASTHA GAS LTD,150.50,159.50,150.50,158.04,158.31,149.42,,158.04,,,8174532,1283408019.19,62988,F1,1,,,,,
2026-09-04,2026-09-04,CM,NSE,STK,4751,INE681B01017,INDRAMEDCO,EQ,,,,,INDRAPRASTHA MEDICAL CORP,357.70,358.60,348.30,349.70,350.00,356.35,,349.71,,,311569,109714718.40,4724,F1,1,,,,,
2026-09-04,2026-09-04,CM,NSE,STK,23036,INE0NHL23019,INDUSINVIT,IV,,,,,INDUS INFRA TRUST,134.01,134.01,133.50,133.94,134.00,134.01,,133.95,,,95377,12773978.14,3232,F1,1,,,,,
2026-09-04,2026-09-04,CM,NSE,STK,29135,INE121J01017,INDUSTOWER,EQ,,,,,INDUS TOWERS LIMITED,375.00,380.45,374.15,376.80,376.80,374.95,,376.73,,,1578193,595101179.35,21308,F1,1,,,,,
2026-09-04,2026-09-04,CM,NSE,STK,5258,INE095A01012,INDUSINDBK,EQ,,,,,INDUSIND BANK LIMITED,1004.80,1008.60,998.00,1008.50,1008.50,1004.80,,1008.49,,,1321066,1324266351.20,25721,F1,1,,,,,
2026-09-04,2026-09-04,CM,NSE,STK,762717,INE620D01011,INDPRUD,EQ,,,,,INDUSTRIAL & PRU INV CO L,6228.00,6390.00,6221.00,6305.00,6305.00,6325.00,,6305.00,,,94,591641.50,20,F1,1,,,,,
2026-09-04,2026-09-04,CM,NSE,STK,19525,INE886A01014,IITL,EQ,,,,,INDUSTRIAL INV TRUST LTD,151.08,152.65,145.10,146.40,145.80,151.92,,146.41,,,100778,15223633.69,1053,F1,1,,,,,
2026-09-04,2026-09-04,CM,NSE,STK,15036,INE0MRE01011,INFINIUM,SM,,,,,INFINIUM PHARMACHEM LTD,255.90,264.00,250.10,264.00,264.00,250.00,,264.00,,,14500,3771000.00,17,F1,500,,,,,
2026-09-04,2026-09-04,CM,NSE,STK,757602,INE0MYZ01012,INFLUX,SM,,,,,INFLUX HEALTHTECH LIMITED,296.00,296.00,290.00,291.35,290.00,290.40,,291.35,,,4200,1227420.00,7,F1,600,,,,,
2026-09-04,2026-09-04,CM,NSE,STK,13751,INE663F01032,NAUKRI,EQ,,,,,INFO EDGE (I) LTD,1330.50,1349.50,1313.10,1319.80,1319.80,1330.00,,1320.04,,,556306,736786071.90,32323,F1,1,,,,,
2026-09-04,2026-09-04,CM,NSE,STK,11027,INE344S01016,INFOBEAN,EQ,,,,,INFOBEANS TECHNO. LTD.,157.00,167.40,157.00,162.08,161.27,157.68,,162.08,,,750810,122941773.89,13142,F1,1,,,,,
2026-09-04,2026-09-04,CM,NSE,STK,16588,INE0NNZ01013,INFOLLION,SM,,,,,INFOLLION RESEARCH SER L,159.90,160.10,155.15,159.80,159.90,158.40,,159.80,,,13200,2106700.00,21,F1,400,,,,,
2026-09-04,2026-09-04,CM,NSE,STK,13693,INE669A01022,INFOMEDIA,EQ,,,,,INFOMEDIA PRESS LIMITED,5.18,5.81,5.17,5.35,5.37,5.18,,5.35,,,22935,122216.58,140,F1,1,,,,,
2026-09-04,2026-09-04,CM,NSE,STK,1594,INE009A01021,INFY,EQ,,,,,INFOSYS LIMITED,1133.00,1146.70,1125.40,1130.00,1130.00,1130.30,,1130.00,,,5881388,6658277427.90,109162,F1,1,,,,,
2026-09-04,2026-09-04,CM,NSE,STK,1597,INE177A01018,INGERRAND,EQ,,,,,INGERSOLL-RAND INDIA LTD,4888.00,4888.00,4830.00,4844.70,4830.00,4846.40,,4844.98,,,11320,54911779.00,1562,F1,1,,,,,
2026-09-04,2026-09-04,CM,NSE,STK,25323,INE0S1D01010,INNOMET,ST,,,,,INNOMET ADVANCED MATERI L,282.45,282.45,282.45,282.45,282.45,276.95,,282.45,,,37200,10507140.00,19,F1,600,,,,,
2026-09-04,2026-09-04,CM,NSE,STK,21062,INE0DUT01020,INNOVACAP,EQ,,,,,INNOVA CAPTAB LIMITED,1130.60,1199.90,1118.00,1175.40,1178.90,1125.40,,1175.37,,,321751,377036055.00,26774,F1,1,,,,,
2026-09-04,2026-09-04,CM,NSE,STK,27754,INE403Y01018,INNOVANA,EQ,,,,,INNOVANA THINKLABS LTD,308.00,315.00,301.00,305.20,309.55,308.50,,305.18,,,583,178347.15,68,F1,1,,,,,
2026-09-04,2026-09-04,CM,NSE,STK,761528,INE0ADB01012,INNOVISION,EQ,,,,,INNOVISION LIMITED,269.00,269.00,253.60,254.90,254.25,255.65,,254.93,,,11734,3015196.90,765,F1,1,,,,,
2026-09-04,2026-09-04,CM,NSE,STK,12188,INE510W01014,INOXGREEN,EQ,,,,,INOX GREEN ENERGY SER LTD,171.01,176.70,168.70,175.10,176.50,171.01,,175.09,,,1333015,231096646.83,13176,F1,1,,,,,
2026-09-04,2026-09-04,CM,NSE,STK,20607,INE616N01034,INOXINDIA,EQ,,,,,INOX INDIA LIMITED,2223.00,2320.00,2208.00,2247.80,2246.50,2176.20,,2247.83,,,1027233,2329875915.00,83916,F1,1,,,,,
2026-09-04,2026-09-04,CM,NSE,STK,7852,INE066P01011,INOXWIND,EQ,,,,,INOX WIND LIMITED,74.27,76.50,73.50,74.40,74.40,74.00,,74.42,,,22688206,1692539148.27,66739,F1,1,,,,,
2026-09-04,2026-09-04,CM,NSE,STK,14657,INE070I01018,INSECTICID,EQ,,,,,INSECTICIDES (I) LTD,619.60,624.80,612.20,618.45,615.55,614.15,,618.44,,,22609,13973813.50,1289,F1,1,,,,,
2026-09-04,2026-09-04,CM,NSE,STK,761099,INE0LGX01024,INA,EQ,,,,,INSOLATION ENERGY LIMITED,89.22,91.93,89.22,90.24,89.90,89.03,,90.24,,,481868,43654978.73,4760,F1,1,,,,,
2026-09-04,2026-09-04,CM,NSE,STK,19154,INE0NDX01019,INSPIRE,SM,,,,,INSPIRE FILMS LIMITED,8.45,8.45,8.45,8.45,8.45,8.05,,8.45,,,4000,33800.00,2,F1,2000,,,,,
2026-09-04,2026-09-04,CM,NSE,STK,13730,INE020G01017,INSPIRISYS,EQ,,,,,INSPIRISYS SOLUTIONS LTD,94.00,95.77,89.00,89.53,91.60,93.03,,89.62,,,2978,272667.60,101,F1,1,,,,,
2026-09-04,2026-09-04,CM,NSE,STK,30323,INE418N01035,ESSENTIA,EQ,,,,,INTEGRA ESSENTIA LIMITED,1.05,1.08,1.05,1.05,1.07,1.05,,1.05,,,2849052,3029362.19,825,F1,1,,,,,
2026-09-04,2026-09-04,CM,NSE,STK,11903,INE02EE01019,IPSL,SM,,,,,INTEGRATED PERSO SER LTD,215.00,215.00,215.00,215.00,215.00,210.00,,215.00,,,500,107500.00,1,F1,500,,,,,
2026-09-04,2026-09-04,CM,NSE,STK,757905,INE0YSH01017,INTEGRITY,ST,,,,,INTEGRITY INFRABUILD DE L,175.00,175.00,175.00,175.00,175.00,171.05,,175.00,,,1200,210000.00,1,F1,1200,,,,,
2026-09-04,2026-09-04,CM,NSE,STK,5926,INE306R01017,INTELLECT,EQ,,,,,INTELLECT DESIGN ARENA,680.30,703.65,680.30,686.65,688.00,678.30,,686.72,,,491572,340748673.05,32327,F1,1,,,,,
2026-09-04,2026-09-04,CM,NSE,STK,20071,INE781A01025,INTENTECH,EQ,,,,,INTENSE TECHNOLOGIES LTD,78.08,85.50,78.08,82.25,82.00,79.54,,82.25,,,42907,3528306.56,848,F1,1,,,,,
2026-09-04,2026-09-04,CM,NSE,STK,24909,INE00M901018,INTERARCH,EQ,,,,,INTERARCH BLDNG SOLTN LTD,1692.00,1721.00,1692.00,1707.00,1700.00,1701.20,,1707.11,,,33231,56698113.60,4580,F1,1,,,,,
2026-09-04,2026-09-04,CM,NSE,STK,11195,INE646L01027,INDIGO,EQ,,,,,INTERGLOBE AVIATION LTD,4980.00,5035.00,4977.00,4977.00,4977.00,4980.00,,4977.05,,,394117,1970691308.00,37006,F1,1,,,,,
2026-09-04,2026-09-04,CM,NSE,STK,22770,INE0OPC01015,INM,SM,,,,,INTERIORS & MORE LIMITED,151.00,151.00,141.05,148.00,148.00,148.00,,148.00,,,7200,1058610.00,12,F1,600,,,,,
2026-09-04,2026-09-04,CM,NSE,STK,5606,INE575C01027,INTLCONV,EQ,,,,,INTL CONVEYORS LIMITED,79.88,83.28,79.00,81.18,81.25,79.44,,81.17,,,92332,7539916.32,1669,F1,1,,,,,
2026-09-04,2026-09-04,CM,NSE,STK,28378,INE0Q9301021,IGIL,EQ,,,,,INTL GEMOLOGICAL INST LTD,330.00,330.95,322.05,323.50,323.05,325.95,,323.50,,,369135,120063221.90,19190,F1,1,,,,,
2026-09-04,2026-09-04,CM,NSE,STK,18479,INE566K01011,ISFT,EQ,,,,,INTRASOFT TECH. LTD,85.12,86.79,80.80,81.61,82.77,84.79,,81.51,,,132771,11294509.59,1587,F1,1,,,,,
2026-09-04,2026-09-04,CM,NSE,STK,24870,INE878H01024,INVENTURE,EQ,,,,,INVENTURE GRO & SEC LTD,0.93,0.95,0.92,0.93,0.95,0.92,,0.93,,,618481,577551.38,354,F1,1,,,,,
2026-09-04,2026-09-04,CM,NSE,STK,28125,INE115Q01022,IKS,EQ,,,,,INVENTURUS KNOWLEDGE SO L,1728.50,1799.80,1728.50,1759.90,1751.90,1732.40,,1759.96,,,220451,388386681.60,16983,F1,1,,,,,
2026-09-04,2026-09-04,CM,NSE,STK,18292,INF205KA1BP1,IVZINGOLD,EQ,,,,,INVESCO INDIA GOLD ETF,134.90,134.90,133.50,133.95,134.00,133.30,,133.98,,,9964,1333574.35,165,F1,1,,,,,
2026-09-04,2026-09-04,CM,NSE,STK,24217,INF205KA1CC7,IVZINNIFTY,EQ,,,,,INVESCO INDIA NIFTY ETF,267.79,277.90,267.79,274.53,274.22,274.66,,274.53,,,158,43473.14,40,F1,1,,,,,
2026-09-04,2026-09-04,CM,NSE,STK,762725,INE155E01016,INVPRECQ,BE,,,,,INVESTMENT & PREC CAST L,1275.00,1275.00,1268.00,1273.60,1273.60,1280.00,,1275.00,,,1405,1785233.00,27,F1,1,,,,,
2026-09-04,2026-09-04,CM,NSE,STK,760139,INE0XJ501010,INVICTA,SM,,,,,INVICTA DIAGNOSTIC LTD,68.00,68.00,68.00,68.00,68.00,68.30,,68.00,,,1600,108800.00,1,F1,1600,,,,,
2026-09-04,2026-09-04,CM,NSE,STK,20413,INE485C01029,IOLCP,EQ,,,,,IOL CHEM AND PHARMA LTD,197.00,204.98,192.50,199.95,199.00,196.43,,199.95,,,5291531,1059245966.01,49711,F1,1,,,,,
2026-09-04,2026-09-04,CM,NSE,STK,1630,INE570A01022,IONEXCHANG,EQ,,,,,ION EXCHANGE (INDIA) LTD,384.10,412.00,382.55,409.20,411.80,382.20,,409.23,,,1293430,521802392.50,34620,F1,1,,,,,
2026-09-04,2026-09-04,CM,NSE,STK,764713,INE558A01019,IPRINGLTD,EQ,,,,,IP RINGS LTD.,163.00,165.95,155.10,159.99,162.00,162.07,,160.00,,,3047,491159.54,84,F1,1,,,,,
2026-09-04,2026-09-04,CM,NSE,STK,1633,INE571A01038,IPCALAB,EQ,,,,,IPCA LABORATORIES LTD,1950.00,1969.00,1944.20,1965.30,1965.00,1956.10,,1965.29,,,80401,157696798.70,9361,F1,1,,,,,
2026-09-04,2026-09-04,CM,NSE,STK,15313,INE821I01022,IRB,EQ,,,,,IRB INFRA DEV LTD.,19.85,19.91,19.60,19.65,19.66,19.67,,19.65,,,6862525,135500390.13,14986,F1,1,,,,,
2026-09-04,2026-09-04,CM,NSE,STK,20817,INE183W23014,IRBINVIT,IV,,,,,IRB INVIT FUND,64.74,64.83,64.30,64.54,64.65,64.50,,64.55,,,411810,26580841.13,3471,F1,1,,,,,
2026-09-04,2026-09-04,CM,NSE,STK,4986,INE962Y01021,IRCON,EQ,,,,,IRCON INTERNATIONAL LTD,119.28,120.79,118.05,119.25,119.15,118.69,,119.25,,,1686344,201266513.48,24391,F1,1,,,,,
2026-09-04,2026-09-04,CM,NSE,STK,1380,INE202E07120,855IREDA29,N2,,,,,IREDA 8.55NCDTR I SR II A,1110.10,1110.10,1110.10,1110.10,1110.10,1101.20,,1110.10,,,5,5550.50,1,F1,1,,,,,
2026-09-04,2026-09-04,CM,NSE,STK,1393,INE202E07153,880IREDA34,N6,,,,,IREDA 8.80NCDTR I SR IIIB,1250.00,1250.00,1250.00,1250.00,1250.00,1280.00,,1250.00,,,100,125000.00,1,F1,1,,,,,
2026-09-04,2026-09-04,CM,NSE,STK,2275,INE01GN01025,IRISDOREME,EQ,,,,,IRIS CLOTHINGS LIMITED,60.28,64.13,60.20,63.58,63.80,59.98,,63.58,,,2431238,151623790.51,7464,F1,1,,,,,
2026-09-04,2026-09-04,CM,NSE,STK,6489,INE864K01010,IRIS,EQ,,,,,IRIS REGTECH SOLUTION LTD,256.00,273.99,256.00,265.92,265.00,253.93,,265.91,,,92277,24703283.09,3337,F1,1,,,,,
2026-09-04,2026-09-04,CM,NSE,STK,19597,INE07U701015,IRMENERGY,EQ,,,,,IRM ENERGY LIMITED,287.15,287.15,278.65,281.40,280.00,283.85,,281.41,,,76393,21614063.20,2608,F1,1,,,,,
2026-09-04,2026-09-04,CM,NSE,STK,759100,INE413U07434,965ISF28,N0,,,,,ISF 9.65% 2028,99000.00,99000.00,99000.00,99000.00,99000.00,99000.00,,99000.00,,,1,99000.00,1,F1,1,,,,,
2026-09-04,2026-09-04,CM,NSE,STK,757890,INE413U07418,975ISF28,N0,,,,,ISF 9.75% NCD 2028,99000.00,99000.00,99000.00,99000.00,99000.00,99599.00,,99000.00,,,7,693000.00,7,F1,1,,,,,
2026-09-04,2026-09-04,CM,NSE,STK,3329,INE858B01029,ISGEC,EQ,,,,,ISGEC HEAVY ENG LTD,775.55,790.85,773.05,787.35,785.85,771.10,,787.33,,,30774,24088675.85,6215,F1,1,,,,,
2026-09-04,2026-09-04,CM,NSE,STK,30249,INE561M01018,ISHANCH,EQ,,,,,ISHAN DYES N CHEMICALS L,45.98,46.10,43.55,44.29,44.40,45.40,,44.28,,,38670,1745676.07,992,F1,1,,,,,
2026-09-04,2026-09-04,CM,NSE,STK,10995,INE0LCW01025,ISHAN,SM,,,,,ISHAN INTERNATIONAL LTD,0.50,0.55,0.50,0.55,0.55,0.50,,0.55,,,96000,50400.00,2,F1,48000,,,,,
2026-09-04,2026-09-04,CM,NSE,STK,22645,INE0R7R01018,ITALIANE,SM,,,,,ITALIAN EDIBLES LIMITED,33.00,33.50,33.00,33.50,33.50,32.00,,33.50,,,12000,400600.00,6,F1,2000,,,,,
2026-09-04,2026-09-04,CM,NSE,STK,29251,INE379A01028,ITCHOTELS,EQ,,,,,ITC HOTELS LIMITED,161.00,164.50,160.01,161.23,161.32,160.25,,161.21,,,2050484,331736284.58,31365,F1,1,,,,,
2026-09-04,2026-09-04,CM,NSE,STK,1660,INE154A01025,ITC,EQ,,,,,ITC LTD,264.00,266.25,262.65,264.10,264.10,263.00,,264.10,,,9519153,2519988718.35,145963,F1,1,,,,,
2026-09-04,2026-09-04,CM,NSE,STK,1675,INE248A01017,ITI,EQ,,,,,ITI LTD,268.50,276.60,268.50,272.50,272.90,268.45,,272.49,,,264152,71911567.65,7251,F1,1,,,,,
2026-09-04,2026-09-04,CM,NSE,STK,764723,INE478D01014,ITL,EQ,,,,,ITL INDUSTRIES LTD.,370.00,370.00,358.50,364.55,370.00,362.40,,364.55,,,558,202877.15,43,F1,1,,,,,
2026-09-04,2026-09-04,CM,NSE,STK,759041,INE056801025,IVALUE,EQ,,,,,IVALUE INFOSOLUTIONS LTD,237.04,239.39,228.61,230.26,229.10,236.18,,230.30,,,133823,31111363.11,4062,F1,1,,,,,
2026-09-04,2026-09-04,CM,NSE,STK,8857,INE043C01018,IVP,BE,,,,,IVP LIMITED,202.00,209.97,202.00,203.34,203.00,206.25,,203.34,,,10358,2128963.04,87,F1,1,,,,,
2026-09-04,2026-09-04,CM,NSE,STK,757644,INE1AII01014,IWARE,ST,,,,,IWARE SUPPLYCHAIN SER LTD,470.00,485.35,470.00,485.35,485.35,462.25,,485.35,,,28800,13895370.00,47,F1,600,,,,,
2026-09-04,2026-09-04,CM,NSE,STK,14174,INE848A01014,IZMO,EQ,,,,,IZMO LIMITED,915.00,926.10,900.00,902.45,902.60,921.95,,902.48,,,87266,79268960.20,7045,F1,1,,,,,
2026-09-04,2026-09-04,CM,NSE,STK,5633,INE168A01041,J&KBANK,EQ,,,,,J & K BANK LTD.,150.45,152.80,149.05,150.02,150.30,149.86,,150.02,,,1883250,284346068.47,25100,F1,1,,,,,
2026-09-04,2026-09-04,CM,NSE,STK,23056,INE0MB501011,JGCHEM,EQ,,,,,J.G.CHEMICALS LIMITED,618.80,622.00,592.45,598.15,600.00,612.20,,598.13,,,210794,126649542.60,8687,F1,1,,,,,
2026-09-04,2026-09-04,CM,NSE,STK,13211,INE199G01027,JAGRAN,EQ,,,,,JAGRAN PRAKASHAN LIMITED,61.49,61.59,60.93,60.98,60.98,61.23,,60.98,,,247379,15106098.64,2075,F1,1,,,,,
2026-09-04,2026-09-04,CM,NSE,STK,4410,INE048B01035,JAGSNPHARM,EQ,,,,,JAGSONPAL PHARMACEUTICALS,242.00,243.18,238.81,242.06,242.40,243.02,,241.97,,,96227,23184485.69,2506,F1,1,,,,,
2026-09-04,2026-09-04,CM,NSE,STK,11256,INE091G01026,JAIBALAJI,EQ,,,,,JAI BALAJI INDUSTRIES LTD,71.08,71.55,69.32,69.73,69.70,70.85,,69.73,,,293778,20671570.91,2409,F1,1,,,,,
2026-09-04,2026-09-04,CM,NSE,STK,5143,INE070D01027,JAICORPLTD,EQ,,,,,JAI CORP LIMITED,100.10,100.89,99.20,99.52,99.69,99.15,,99.52,,,246316,24592293.76,3112,F1,1,,,,,
2026-09-04,2026-09-04,CM,NSE,STK,25684,IN9175A01010,JISLDVREQS,EQ,,,,,JAIN DVR EQUITY SHARES,21.20,23.34,20.81,21.93,21.79,21.03,,21.92,,,310219,6787426.13,614,F1,1,,,,,
2026-09-04,2026-09-04,CM,NSE,STK,10397,INE175A01038,JISLJALEQS,EQ,,,,,JAIN IRRIGATION SYSTEMS,28.29,32.39,28.25,30.87,31.20,28.16,,30.87,,,29548721,917440484.92,56608,F1,1,,,,,
2026-09-04,2026-09-04,CM,NSE,STK,759244,INE0YD401026,JAINREC,EQ,,,,,JAIN RESOURCE RECYCLING L,280.55,282.30,276.15,277.95,277.20,279.80,,277.94,,,1135766,315517120.35,26345,F1,1,,,,,
2026-09-04,2026-09-04,CM,NSE,STK,6012,INE02KC01010,JAINAM,SM,,,,,JAINAM FER ALLOYS (I) LTD,203.50,203.50,203.30,203.50,203.50,214.00,,203.50,,,3000,610400.00,3,F1,500,,,,,
2026-09-04,2026-09-04,CM,NSE,STK,758303,INE0XIL01012,JAINIK,SM,,,,,JAINIK POWER CABLES LTD,206.40,212.00,206.40,209.20,209.95,204.50,,209.20,,,13200,2744160.00,11,F1,1200,,,,,
2026-09-04,2026-09-04,CM,NSE,STK,11763,INE351F01018,JPPOWER,EQ,,,,,JAIPRAKASH POWER VEN. LTD,16.02,16.43,16.02,16.29,16.36,16.14,,16.29,,,30695821,497842901.61,24426,F1,1,,,,,
2026-09-04,2026-09-04,CM,NSE,STK,20930,INE349X01015,JALAN,ST,,,,,JALAN TRANSOLU. INDIA LTD,1.80,1.80,1.80,1.80,1.80,1.85,,1.80,,,6000,10800.00,2,F1,3000,,,,,
2026-09-04,2026-09-04,CM,NSE,STK,20778,INE039C01032,JAMNAAUTO,EQ,,,,,JAMNA AUTO IND LTD,122.15,122.29,120.36,120.69,121.50,122.04,,120.69,,,691775,83733787.01,8019,F1,1,,,,,
2026-09-04,2026-09-04,CM,NSE,STK,22663,INE953L01027,JSFB,EQ,,,,,JANA SMALL FIN BANK LTD,534.20,544.00,524.55,535.10,533.00,534.20,,535.15,,,453979,242936537.95,12898,F1,1,,,,,
2026-09-04,2026-09-04,CM,NSE,STK,759951,INE00YJ01010,JARO,EQ,,,,,JARO INS OF TEC MG N RE L,455.60,457.80,441.80,445.65,445.10,454.40,,445.84,,,119338,53899081.65,2609,F1,1,,,,,
2026-09-04,2026-09-04,CM,NSE,STK,13982,INE039O01029,JASH,EQ,,,,,JASH ENGINEERING LIMITED,470.50,489.95,470.50,478.50,480.50,464.15,,478.51,,,280288,135339835.75,15722,F1,1,,,,,
2026-09-04,2026-09-04,CM,NSE,STK,25037,INE0SMY01017,JAYBEE,SM,,,,,JAY BEE LAMINATIONS LTD,84.95,86.55,84.35,84.35,84.35,84.95,,84.35,,,10000,851925.00,15,F1,500,,,,,
2026-09-04,2026-09-04,CM,NSE,STK,1708,INE571B01036,JAYBARMARU,EQ,,,,,JAY BHARAT MARUTI LTD,122.40,122.79,121.50,122.29,122.50,121.81,,122.28,,,141098,17228825.49,2206,F1,1,,,,,
2026-09-04,2026-09-04,CM,NSE,STK,10889,INE0J6801010,KORE,SM,,,,,JAY JALARAM TECHNO LTD,118.80,123.80,118.55,123.80,123.80,112.55,,123.80,,,58000,7109375.00,119,F1,250,,,,,
2026-09-04,2026-09-04,CM,NSE,STK,4041,INE785A01026,JAYAGROGN,EQ,,,,,JAYANT AGRO ORGANICS LTD,232.04,235.96,227.01,230.60,229.00,230.83,,230.59,,,8025,1861399.69,261,F1,1,,,,,
2026-09-04,2026-09-04,CM,NSE,STK,2331,INE854B01010,JAYNECOIND,EQ,,,,,JAYASWAL NECO INDUSTR LTD,92.00,94.37,85.22,89.04,88.70,98.68,,89.05,,,49840056,4412245407.19,185969,F1,1,,,,,
2026-09-04,2026-09-04,CM,NSE,STK,759159,INE1AE401014,JAYESH,SM,,,,,JAYESH LOGISTICS LIMITED,132.65,134.40,130.05,134.40,134.40,132.65,,134.40,,,38000,5009150.00,34,F1,1000,,,,,
2026-09-04,2026-09-04,CM,NSE,STK,760073,INE903A01025,JAYKAY,EQ,,,,,JAYKAY ENTERPRISES LTD,165.37,167.88,151.76,153.69,153.58,166.46,,153.70,,,470358,73794110.53,7012,F1,1,,,,,
2026-09-04,2026-09-04,CM,NSE,STK,1720,INE364A01020,JAYSREETEA,EQ,,,,,JAYSHREE TEA & INDUSTRIES,99.39,101.34,98.00,98.95,99.18,99.31,,98.95,,,48814,4877743.27,589,F1,1,,,,,
2026-09-04,2026-09-04,CM,NSE,STK,11655,INE927D01051,JBMA,EQ,,,,,JBM AUTO LIMITED,629.50,633.75,622.05,625.60,626.20,629.10,,625.60,,,146607,92067451.25,8913,F1,1,,,,,
2026-09-04,2026-09-04,CM,NSE,STK,758115,INE0J5801029,JSLL,EQ,,,,,JEENA SIKHO LIFECARE LTD,504.40,529.90,502.15,516.30,519.95,501.45,,516.31,,,921231,477132876.00,30939,F1,1,,,,,
2026-09-04,2026-09-04,CM,NSE,STK,764728,INE354A01013,JENBURPH,EQ,,,,,JENBURKT PHARMACEUTICAL L,1036.20,1045.00,1030.00,1038.80,1040.00,1031.50,,1036.81,,,422,436608.90,38,F1,1,,,,,
2026-09-04,2026-09-04,CM,NSE,STK,7211,INE982V01025,JETFREIGHT,EQ,,,,,JET FREIGHT LOGISTICS LTD,21.24,21.44,20.90,21.18,21.06,20.91,,21.18,,,123233,2605567.10,1319,F1,1,,,,,
2026-09-04,2026-09-04,CM,NSE,STK,25150,INE0RXB01022,JEYYAM,ST,,,,,JEYYAM GLOBAL FOODS LTD,22.00,22.65,22.00,22.15,22.15,22.40,,22.15,,,44000,976400.00,16,F1,2000,,,,,
2026-09-04,2026-09-04,CM,NSE,STK,10885,INE0LA901015,JFLLIFE,SM,,,,,JFL LIFE SCIENCES LIMITED,9.85,9.85,9.85,9.85,9.85,9.80,,9.85,,,6000,59100.00,1,F1,6000,,,,,
2026-09-04,2026-09-04,CM,NSE,STK,13720,INE544H01014,JHS,EQ,,,,,JHS SVEND. LAB. LTD,7.86,8.08,7.81,7.89,7.95,7.86,,7.89,,,45834,363316.50,246,F1,1,,,,,
2026-09-04,2026-09-04,CM,NSE,STK,24145,INE03DD01011,RETAIL,EQ,,,,,JHS SVENDGAARD RETAIL V L,17.10,17.44,16.50,17.24,17.24,17.45,,17.15,,,2441,41096.20,44,F1,1,,,,,
2026-09-04,2026-09-04,CM,NSE,STK,31507,INE147P01019,JPOLYINVST,EQ,,,,,JIND POL INV & FIN CO LTD,1010.00,1011.80,992.50,997.45,1008.00,1006.50,,997.45,,,3507,3513896.10,564,F1,1,,,,,
2026-09-04,2026-09-04,CM,NSE,STK,13875,INE742C01031,JINDRILL,EQ,,,,,JINDAL DRILLING IND. LTD,652.85,672.00,647.00,663.05,663.95,649.90,,663.06,,,708720,469776826.25,24310,F1,1,,,,,
2026-09-04,2026-09-04,CM,NSE,STK,11743,INE796G01012,JINDALPHOT,EQ,,,,,JINDAL PHOTO LIMITED,1002.10,1049.70,1002.10,1021.20,1035.00,1026.20,,1021.20,,,2011,2070762.40,297,F1,1,,,,,
2026-09-04,2026-09-04,CM,NSE,STK,1756,INE197D01010,JINDALPOLY,EQ,,,,,JINDAL POLY FILMS LIMITED,677.50,687.95,670.00,672.35,673.10,683.70,,672.35,,,11895,8023559.30,858,F1,1,,,,,
2026-09-04,2026-09-04,CM,NSE,STK,3024,INE324A01032,JINDALSAW,EQ,,,,,JINDAL SAW LIMITED,312.00,312.00,304.30,305.30,305.00,310.85,,305.30,,,868641,266863954.30,16623,F1,1,,,,,
2026-09-04,2026-09-04,CM,NSE,STK,11236,INE220G01021,JSL,EQ,,,,,JINDAL STAINLESS LIMITED,738.40,741.25,732.00,737.85,740.00,738.40,,737.85,,,780597,575854222.75,21064,F1,1,,,,,
2026-09-04,2026-09-04,CM,NSE,STK,6733,INE749A01030,JINDALSTEL,EQ,,,,,JINDAL STEEL LIMITED,1147.00,1170.90,1138.70,1165.00,1165.00,1145.00,,1164.99,,,893053,1034222792.60,32645,F1,1,,,,,
2026-09-04,2026-09-04,CM,NSE,STK,20642,INE247D01039,JINDWORLD,EQ,,,,,JINDAL WORLDWIDE LTD,49.67,57.78,49.02,57.51,57.78,48.15,,57.51,,,188275533,10239526628.67,320645,F1,1,,,,,
2026-09-04,2026-09-04,CM,NSE,STK,759205,INE1FF001016,JKIPL,EQ,,,,,JINKUSHAL INDUSTRIES LTD,107.50,107.50,100.38,100.56,101.00,105.66,,100.70,,,19248,1978149.29,475,F1,1,,,,,
2026-09-04,2026-09-04,CM,NSE,STK,18143,INE758E01017,JIOFIN,EQ,,,,,JIO FIN SERVICES LTD,237.80,240.63,237.80,239.50,239.50,237.45,,239.53,,,11860254,2839655454.46,63338,F1,1,,,,,
2026-09-04,2026-09-04,CM,NSE,STK,765307,INF22M001184,NIFTYJBLK,EQ,,,,,JIOBLACKROCKAMC-NIFTYJBLK,12.29,12.57,12.23,12.29,12.32,12.29,,12.28,,,56629,696043.41,626,F1,1,,,,,
2026-09-04,2026-09-04,CM,NSE,STK,19691,INE863T01013,JITFINFRA,EQ,,,,,JITF INFRALOGISTICS LTD,310.50,314.85,300.00,304.50,305.00,310.65,,304.39,,,23808,7267504.95,614,F1,1,,,,,
2026-09-04,2026-09-04,CM,NSE,STK,18558,INE0N5H01017,JIWANRAM,SM,,,,,JIWANRAM SHEODUTTRA IND L,4.40,4.40,4.30,4.30,4.30,4.35,,4.30,,,24000,104100.00,4,F1,6000,,,,,
2026-09-04,2026-09-04,CM,NSE,STK,13270,INE823G01014,JKCEMENT,EQ,,,,,JK CEMENT LIMITED,5044.00,5126.00,5025.50,5083.50,5120.00,5039.50,,5082.28,,,15032,76178120.50,3618,F1,1,,,,,
2026-09-04,2026-09-04,CM,NSE,STK,13491,INE786A01032,JKLAKSHMI,EQ,,,,,JK LAKSHMI CEMENT LTD,519.00,522.85,512.05,515.70,514.00,514.40,,515.73,,,512153,264139384.85,8011,F1,1,,,,,
2026-09-04,2026-09-04,CM,NSE,STK,11860,INE789E01012,JKPAPER,EQ,,,,,JK PAPER LIMITED,412.00,413.75,401.60,405.80,405.65,410.15,,405.80,,,381165,154772939.15,11305,F1,1,,,,,
2026-09-04,2026-09-04,CM,NSE,STK,14435,INE573A01042,JKTYRE,EQ,,,,,JK TYRE & INDUSTRIES LTD,368.90,371.90,366.50,367.35,368.45,369.45,,367.36,,,360957,133148130.60,11588,F1,1,,,,,
2026-09-04,2026-09-04,CM,NSE,STK,15266,INE576I01022,JKIL,EQ,,,,,JKUMAR INFR.LTD.,488.00,492.95,486.15,487.35,486.65,487.70,,487.33,,,24845,12152659.60,1228,F1,1,,,,,
2026-09-04,2026-09-04,CM,NSE,STK,13637,INE780C01023,JMFINANCIL,EQ,,,,,JM FINANCIAL LIMITED,134.90,136.30,130.65,132.06,132.00,134.53,,132.06,,,4507470,598254392.21,48491,F1,1,,,,,
2026-09-04,2026-09-04,CM,NSE,STK,23621,INE0OAF01028,JNKINDIA,EQ,,,,,JNK INDIA LIMITED,431.50,450.40,431.50,445.05,444.80,431.45,,445.05,,,128595,57227085.85,4761,F1,1,,,,,
2026-09-04,2026-09-04,CM,NSE,STK,16931,INE839G01010,JOCIL,BE,,,,,JOCIL LIMITED,152.90,156.85,152.01,154.30,155.00,152.89,,154.30,,,8078,1254761.25,86,F1,1,,,,,
2026-09-04,2026-09-04,CM,NSE,STK,762623,INE515A01019,COCKERILL,EQ,,,,,JOHN COCKERILL INDIA LTD.,8095.00,8230.00,8025.50,8193.50,8210.00,8080.00,,8193.75,,,4524,36832125.00,949,F1,1,,,,,
2026-09-04,2026-09-04,CM,NSE,STK,758460,INE718I01012,JSWCEMENT,EQ,,,,,JSW CEMENT LIMITED,123.50,125.17,123.02,124.07,124.10,123.37,,124.07,,,1203964,149841981.25,37057,F1,1,,,,,
2026-09-04,2026-09-04,CM,NSE,STK,1467,INE133A01011,JSWDULUX,EQ,,,,,JSW DULUX LIMITED,3167.60,3209.50,3155.60,3174.50,3172.00,3167.60,,3174.49,,,24093,76472977.30,3861,F1,1,,,,,
2026-09-04,2026-09-04,CM,NSE,STK,17869,INE121E01018,JSWENERGY,EQ,,,,,JSW ENERGY LIMITED,537.55,540.25,534.25,539.85,539.85,539.50,,539.85,,,2598872,1397317265.10,48270,F1,1,,,,,
2026-09-04,2026-09-04,CM,NSE,STK,11880,INE824G01012,JSWHL,EQ,,,,,JSW HOLDINGS LIMITED,11760.00,11811.00,11360.00,11472.00,11540.00,11590.00,,11476.40,,,2952,34329456.00,1313,F1,1,,,,,
2026-09-04,2026-09-04,CM,NSE,STK,19020,INE880J01026,JSWINFRA,EQ,,,,,JSW INFRASTRUCTURE LTD,334.10,337.80,332.50,333.00,333.00,334.10,,333.00,,,2001532,669431538.60,30842,F1,1,,,,,
2026-09-04,2026-09-04,CM,NSE,STK,11723,INE019A01038,JSWSTEEL,EQ,,,,,JSW STEEL LIMITED,1305.00,1331.70,1300.10,1325.00,1325.00,1308.00,,1325.00,,,1094356,1446084423.50,31558,F1,1,,,,,
2026-09-04,2026-09-04,CM,NSE,STK,3237,INE643A01035,JTEKTINDIA,EQ,,,,,JTEKT INDIA LIMITED,122.50,123.05,120.71,121.27,121.46,121.82,,121.27,,,143861,17491127.16,1884,F1,1,,,,,
2026-09-04,2026-09-04,CM,NSE,STK,7287,INE391J01032,JTLIND,EQ,,,,,JTL INDUSTRIES LIMITED,90.00,92.89,89.77,91.67,91.45,89.67,,91.66,,,2884117,263625202.83,18506,F1,1,,,,,
2026-09-04,2026-09-04,CM,NSE,STK,29590,INE03CC01015,JUBLCPL,EQ,,,,,JUBILANT AGRI N CON PRO L,2329.10,2342.60,2203.50,2222.60,2234.10,2304.80,,2223.87,,,7185,16309967.40,1167,F1,1,,,,,
2026-09-04,2026-09-04,CM,NSE,STK,18096,INE797F01020,JUBLFOOD,EQ,,,,,JUBILANT FOODWORKS LTD,482.90,488.00,481.35,482.70,482.70,482.90,,482.70,,,624576,302094808.65,23258,F1,1,,,,,
2026-09-04,2026-09-04,CM,NSE,STK,2783,INE0BY001018,JUBLINGREA,EQ,,,,,JUBILANT INGREVIA LIMITED,694.00,697.35,678.00,680.30,680.95,690.55,,680.31,,,91316,62558759.20,7010,F1,1,,,,,
2026-09-04,2026-09-04,CM,NSE,STK,3637,INE700A01033,JUBLPHARMA,EQ,,,,,JUBILANT PHARMOVA LTD,919.00,930.00,901.20,924.50,930.00,907.90,,924.46,,,498346,455574687.60,27270,F1,1,,,,,
2026-09-04,2026-09-04,CM,NSE,STK,7109,INE412C01023,JMA,EQ,,,,,JULLUNDUR MOT AGENCY LTD,93.79,93.79,89.00,90.58,91.00,92.24,,90.58,,,7483,683957.05,139,F1,1,,,,,
2026-09-04,2026-09-04,CM,NSE,STK,764408,INE05C901015,JNPR,EQ,,,,,JUNIPER GREEN ENERGY LTD,261.00,273.25,259.60,265.10,264.20,259.20,,265.09,,,983254,262038574.90,18604,F1,1,,,,,
2026-09-04,2026-09-04,CM,NSE,STK,22824,INE696F01016,JUNIPER,EQ,,,,,JUNIPER HOTELS LIMITED,215.00,220.94,214.50,216.82,216.00,217.69,,216.89,,,82885,17913852.20,1689,F1,1,,,,,
2026-09-04,2026-09-04,CM,NSE,STK,18553,INE682M01020,JLHL,EQ,,,,,JUPITER LIFE LINE HOSP L,293.35,293.35,284.15,286.45,285.00,290.30,,286.44,,,102896,29712589.35,3889,F1,1,,,,,
2026-09-04,2026-09-04,CM,NSE,STK,20224,INE209L01016,JWL,EQ,,,,,JUPITER WAGONS LIMITED,240.71,249.00,240.71,243.24,244.00,241.09,,243.25,,,1056588,259541803.06,22313,F1,1,,,,,
2026-09-04,2026-09-04,CM,NSE,STK,29962,INE599M01018,JUSTDIAL,EQ,,,,,JUSTDIAL LTD.,697.20,697.20,688.10,692.85,693.00,697.35,,692.85,,,106018,73408815.25,4250,F1,1,,,,,
2026-09-04,2026-09-04,CM,NSE,STK,15146,INE668F01031,JYOTHYLAB,EQ,,,,,JYOTHY LABS LIMITED,201.00,203.55,200.05,201.54,202.00,200.50,,201.52,,,469980,94819639.11,9930,F1,1,,,,,
2026-09-04,2026-09-04,CM,NSE,STK,21334,INE980O01024,JYOTICNC,EQ,,,,,JYOTI CNC AUTOMATION LTD,1026.85,1043.00,1000.10,1003.90,1002.50,1026.85,,1003.86,,,1051995,1069801515.15,35102,F1,1,,,,,
2026-09-04,2026-09-04,CM,NSE,STK,758221,INE1M3T01017,JYOTIGLOBL,SM,,,,,JYOTI GLOBAL PLAST LTD,40.40,40.40,38.00,40.30,40.30,38.50,,40.30,,,30000,1196300.00,15,F1,2000,,,,,
2026-09-04,2026-09-04,CM,NSE,STK,764733,INE577D01013,JYOTIRES,EQ,,,,,JYOTI RESINS & ADHESIVE L,877.00,877.00,863.05,868.10,867.50,866.35,,868.77,,,5189,4508176.15,518,F1,1,,,,,
2026-09-04,2026-09-04,CM,NSE,STK,1802,INE197A01024,JYOTISTRUC,EQ,,,,,JYOTI STRUCTURES LTD,9.85,10.20,9.60,10.02,10.09,9.80,,10.02,,,10113711,100615811.04,10569,F1,1,,,,,
2026-09-04,2026-09-04,CM,NSE,STK,764743,INE533C01018,KJMCFIN,EQ,,,,,K J M C FINANCIAL SERV L,66.79,68.00,63.14,63.14,63.14,66.46,,63.14,,,2504,162263.98,47,F1,1,,,,,
2026-09-04,2026-09-04,CM,NSE,STK,764748,INE879K01018,KMCSHIL,EQ,,,,,K M C SPECIALITY HOSP I L,138.00,141.58,136.50,138.24,138.50,138.00,,138.24,,,94440,13126833.28,1567,F1,1,,,,,
2026-09-04,2026-09-04,CM,NSE,STK,14667,INE157H01023,KMSUGAR,EQ,,,,,K M SUGAR MILLS LTD,32.00,32.33,30.40,30.68,30.55,32.00,,30.68,,,302618,9334203.42,1900,F1,1,,,,,
2026-09-04,2026-09-04,CM,NSE,STK,27079,INE127T01021,KPEL,EQ,,,,,K.P. ENERGY LIMITED,242.99,253.03,239.28,247.32,246.60,240.89,,247.30,,,382368,94471290.64,6987,F1,1,,,,,
2026-09-04,2026-09-04,CM,NSE,STK,23462,INE0DEZ01013,K2INFRA,ST,,,,,K2 INFRAGEN LIMITED,50.45,50.45,48.70,48.80,48.70,48.95,,48.80,,,6000,296040.00,8,F1,600,,,,,
2026-09-04,2026-09-04,CM,NSE,STK,1805,INE900B01029,KABRAEXTRU,EQ,,,,,KABRA EXTRUSION TECHNIK L,566.00,583.95,560.35,579.15,580.00,564.80,,579.19,,,130668,75304633.00,3898,F1,1,,,,,
2026-09-04,2026-09-04,CM,NSE,STK,29192,INE0XOW01017,KKJEWELS,SM,,,,,KABRA JEWELS LIMITED,99.00,99.00,98.00,98.00,98.00,99.50,,98.00,,,2000,197000.00,2,F1,1000,,,,,
2026-09-04,2026-09-04,CM,NSE,STK,1808,INE217B01036,KAJARIACER,EQ,,,,,KAJARIA CERAMICS LTD,1260.60,1262.00,1235.00,1239.60,1235.00,1260.60,,1239.60,,,319639,397076637.80,19442,F1,1,,,,,
2026-09-04,2026-09-04,CM,NSE,STK,1811,INE437B01014,KAKATCEM,EQ,,,,,KAKATIYA CEM SUGAR &IND L,110.70,112.40,108.00,109.60,109.12,110.67,,109.60,,,2586,283435.29,175,F1,1,,,,,
2026-09-04,2026-09-04,CM,NSE,STK,25443,INE0T0L01014,KALANA,SM,,,,,KALANA ISPAT LIMITED,19.95,19.95,18.55,18.80,18.80,19.30,,18.80,,,38000,713600.00,17,F1,2000,,,,,
2026-09-04,2026-09-04,CM,NSE,STK,758558,INE227J01012,KALPATARU,EQ,,,,,KALPATARU LIMITED,278.75,280.20,275.00,277.65,278.15,276.55,,277.65,,,40767,11314076.30,701,F1,1,,,,,
2026-09-04,2026-09-04,CM,NSE,STK,1814,INE220B01022,KPIL,EQ,,,,,KALPATARU PROJECT INT LTD,1421.10,1449.00,1402.00,1406.60,1408.00,1417.70,,1406.60,,,145207,206832487.70,20841,F1,1,,,,,
2026-09-04,2026-09-04,CM,NSE,STK,2955,INE303R01014,KALYANKJIL,EQ,,,,,KALYAN JEWELLERS IND LTD,588.20,604.95,585.30,598.80,598.80,585.30,,598.77,,,9662044,5784265054.05,94262,F1,1,,,,,
2026-09-04,2026-09-04,CM,NSE,STK,15160,INE314G01014,KALYANIFRG,BE,,,,,KALYANI FORGE LIMITED,1157.40,1157.40,1070.00,1081.05,1083.00,1125.25,,1080.38,,,8487,9382208.35,451,F1,1,,,,,
2026-09-04,2026-09-04,CM,NSE,STK,21119,INE029L01018,KICL,EQ,,,,,KALYANI INVEST CO LTD,5222.50,5251.00,5200.00,5203.00,5200.00,5212.50,,5203.22,,,291,1520737.50,107,F1,1,,,,,
2026-09-04,2026-09-04,CM,NSE,STK,18889,INE907A01026,KSL,EQ,,,,,KALYANI STEELS LIMITED,956.30,957.20,935.00,940.50,936.00,950.20,,940.49,,,67652,63876039.75,4532,F1,1,,,,,
2026-09-04,2026-09-04,CM,NSE,STK,762732,INE411F01010,KAMAHOLD,EQ,,,,,KAMA HOLDINGS LTD.,2369.90,2369.90,2340.00,2348.20,2350.00,2341.10,,2348.26,,,1979,4648905.30,284,F1,1,,,,,
2026-09-04,2026-09-04,CM,NSE,STK,764738,INE344D01018,KAMANWALA,EQ,,,,,KAMANWALA HOUSING CONST L,16.50,16.60,16.50,16.59,16.60,15.90,,16.60,,,7692,126934.19,18,F1,1,,,,,
2026-09-04,2026-09-04,CM,NSE,STK,1826,INE967C01018,KAMATHOTEL,EQ,,,,,KAMAT HOTELS (I) LTD,216.96,227.88,215.88,225.51,225.00,217.66,,225.66,,,107699,24149119.80,2471,F1,1,,,,,
2026-09-04,2026-09-04,CM,NSE,STK,13461,INE390H01020,KAMDHENU,BE,,,,,KAMDHENU LIMITED,39.05,40.44,38.50,39.24,39.30,38.77,,39.23,,,1255794,49806849.75,3154,F1,1,,,,,
2026-09-04,2026-09-04,CM,NSE,STK,13814,INE0BTI01037,KAMOPAINTS,EQ,,,,,KAMDHENU VENTURES LIMITED,4.58,4.62,4.49,4.53,4.55,4.53,,4.53,,,270171,1234549.50,496,F1,1,,,,,
2026-09-04,2026-09-04,CM,NSE,STK,25786,INE879E01037,KANANIIND,EQ,,,,,KANANI INDUSTRIES LTD,1.51,1.53,1.50,1.52,1.53,1.51,,1.52,,,144024,218365.67,260,F1,1,,,,,
2026-09-04,2026-09-04,CM,NSE,STK,762737,INE081G01019,KANCHI,EQ,,,,,KANCHI KARPOORAM LTD.,396.60,415.00,396.60,409.70,409.00,398.55,,409.62,,,1607,658380.65,84,F1,1,,,,,
2026-09-04,2026-09-04,CM,NSE,STK,765090,INE398L01017,KANCOTEA,EQ,,,,,KANCO TEA & INDS. LTD.,58.40,58.40,53.10,54.85,54.85,56.79,,56.39,,,28,1526.99,8,F1,1,,,,,
2026-09-04,2026-09-04,CM,NSE,STK,11208,INE0MOT01016,KANDARP,SM,,,,,KANDARP DG SMART BPO LTD,97.00,97.00,97.00,97.00,97.00,92.90,,97.00,,,1000,97000.00,1,F1,1000,,,,,
2026-09-04,2026-09-04,CM,NSE,STK,9805,INE138C01024,KANORICHEM,BE,,,,,KANORIACHEMICALS-,155.68,158.89,152.02,155.56,154.20,155.68,,155.56,,,14865,2310125.93,118,F1,1,,,,,
2026-09-04,2026-09-04,CM,NSE,STK,1782,INE694E01014,KANPRPLA,EQ,,,,,KANPUR PLASTIPACK LIMITED,263.80,263.80,247.90,250.20,247.95,256.40,,250.20,,,11967,3039451.90,795,F1,1,,,,,
2026-09-04,2026-09-04,CM,NSE,STK,1196,INE531A01024,KANSAINER,EQ,,,,,KANSAI NEROLAC PAINTS LTD,195.14,195.90,192.98,194.20,194.50,195.11,,194.20,,,2465067,477076982.50,6116,F1,1,,,,,
2026-09-04,2026-09-04,CM,NSE,STK,18967,INE542Z01028,KAPSTON,EQ,,,,,KAPSTON SERVICES LIMITED,581.35,590.00,571.05,584.05,585.75,581.35,,584.05,,,70957,41390094.50,1852,F1,1,,,,,
2026-09-04,2026-09-04,CM,NSE,STK,24385,INE725L01011,KARMAENG,EQ,,,,,KARMA ENERGY LIMITED,39.00,39.00,36.80,37.45,37.45,37.70,,37.45,,,4181,155720.22,128,F1,1,,,,,
2026-09-04,2026-09-04,CM,NSE,STK,8054,INE614B01018,KTKBANK,EQ,,,,,KARNATAKA BANK LIMITED,341.00,345.90,338.25,340.10,340.00,339.75,,340.10,,,1919012,654583525.35,25327,F1,1,,,,,
2026-09-04,2026-09-04,CM,NSE,STK,19465,INE0MGA01012,KARNIKA,SM,,,,,KARNIKA INDUSTRIES LTD,115.85,120.00,115.00,118.30,120.00,115.55,,118.30,,,46000,5390150.00,36,F1,1000,,,,,
2026-09-04,2026-09-04,CM,NSE,STK,1838,INE036D01028,KARURVYSYA,EQ,,,,,KARUR VYSYA BANK LTD,354.00,354.00,347.70,348.85,349.00,350.00,,348.85,,,955056,334808901.35,24176,F1,1,,,,,
2026-09-04,2026-09-04,CM,NSE,STK,24528,INE0SVY01018,KATARIA,SM,,,,,KATARIA INDUSTRIES LTD,105.00,107.75,105.00,107.45,107.75,103.85,,107.45,,,3000,320580.00,5,F1,600,,,,,
2026-09-04,2026-09-04,CM,NSE,STK,15140,INE234I01028,KAUSHALYA,BE,,,,,KAUSHALYA INFRA DEV LTD.,864.00,887.00,850.00,850.00,850.00,864.00,,850.00,,,202,176027.50,29,F1,1,,,,,
2026-09-04,2026-09-04,CM,NSE,STK,21186,INE0Q2V01012,KLL,SM,,,,,KAUSHALYA LOGISTICS LTD,24.15,25.00,24.15,25.00,25.00,24.65,,25.00,,,12000,296480.00,13,F1,800,,,,,
2026-09-04,2026-09-04,CM,NSE,STK,14972,INE455I01029,KSCL,EQ,,,,,KAVERI SEED CO. LTD.,748.50,751.80,741.00,744.10,745.00,744.80,,744.10,,,46257,34554725.25,2971,F1,1,,,,,
2026-09-04,2026-09-04,CM,NSE,STK,15244,INE641C01019,KAVDEFENCE,EQ,,,,,KAVVERI DFS & WIR TEC LTD,56.95,67.38,56.78,67.14,66.77,56.15,,67.18,,,1505543,99108521.05,6294,F1,1,,,,,
2026-09-04,2026-09-04,CM,NSE,STK,21173,INE0RCG01017,KCEIL,SM,,,,,KAY CEE ENERGY & INFRA L,79.00,80.40,78.10,79.10,80.00,79.10,,79.10,,,11000,870375.00,20,F1,500,,,,,
2026-09-04,2026-09-04,CM,NSE,STK,10282,INE587G01015,KAYA,BE,,,,,KAYA LIMITED,342.00,345.10,340.00,345.10,345.10,328.70,,344.13,,,11466,3953526.15,118,F1,1,,,,,
2026-09-04,2026-09-04,CM,NSE,STK,12092,INE918Z01012,KAYNES,EQ,,,,,KAYNES TECHNOLOGY IND LTD,3487.80,3617.90,3450.00,3598.00,3598.00,3485.00,,3596.90,,,1211084,4300443267.40,89485,F1,1,,,,,
2026-09-04,2026-09-04,CM,NSE,STK,758868,INE13ZD01013,KAYTEX,SM,,,,,KAYTEX FABRICS LIMITED,58.25,58.25,56.50,56.50,56.50,55.35,,56.50,,,4800,273960.00,5,F1,800,,,,,
2026-09-04,2026-09-04,CM,NSE,STK,10296,INE0J1E01027,KCK,ST,,,,,KCK INDUSTRIES LTD,14.35,15.40,14.35,15.35,15.40,14.90,,15.35,,,50000,762250.00,13,F1,2500,,,,,
2026-09-04,2026-09-04,CM,NSE,STK,1841,INE805C01028,KCP,EQ,,,,,KCP LTD,168.99,170.50,162.04,162.38,162.20,168.17,,162.38,,,228887,37700700.16,3391,F1,1,,,,,
2026-09-04,2026-09-04,CM,NSE,STK,8849,INE790B01024,KCPSUGIND,BE,,,,,KCPSUGARINDUS,31.63,33.30,30.80,32.07,32.50,32.28,,31.92,,,194150,6161686.89,586,F1,1,,,,,
2026-09-04,2026-09-04,CM,NSE,STK,765105,INE348N01042,KDGREEN,EQ,,,,,KD GREEN INDUSTRIES LTD,55.29,55.29,50.16,50.44,51.50,51.81,,50.47,,,21136,1077832.11,219,F1,1,,,,,
2026-09-04,2026-09-04,CM,NSE,STK,14908,INE291D01011,KDDL,EQ,,,,,KDDL LIMITED,3864.90,3963.00,3864.90,3911.00,3914.40,3855.30,,3910.96,,,25376,99523320.60,5630,F1,1,,,,,
2026-09-04,2026-09-04,CM,NSE,STK,13260,INE389H01022,KEC,EQ,,,,,KEC INTL. LIMITED,406.15,410.60,403.30,408.55,408.30,406.15,,408.53,,,777483,316343017.60,21480,F1,1,,,,,
2026-09-04,2026-09-04,CM,NSE,STK,13310,INE878B01027,KEI,EQ,,,,,KEI INDUSTRIES LTD.,5000.00,5028.00,4820.00,4850.00,4850.00,5327.00,,4850.00,,,2381568,11729999998.50,162655,F1,1,,,,,
2026-09-04,2026-09-04,CM,NSE,STK,13430,INE164B01030,KELLTONTEC,EQ,,,,,KELLTON TECH SOL LTD,13.98,14.25,13.79,13.87,13.90,13.99,,13.87,,,2178042,30466817.27,3979,F1,1,,,,,
2026-09-04,2026-09-04,CM,NSE,STK,29547,INE15DO01012,KEN,SM,,,,,KEN ENTERPRISES LIMITED,39.00,39.00,39.00,39.00,39.00,40.00,,39.00,,,3600,140400.00,3,F1,1200,,,,,
2026-09-04,2026-09-04,CM,NSE,STK,11841,INE717A01029,KENNAMET,EQ,,,,,KENNAMETAL INDIA LIMITED,4551.50,4722.00,4551.00,4688.50,4695.00,4532.20,,4688.26,,,21846,101766941.60,3903,F1,1,,,,,
2026-09-04,2026-09-04,CM,NSE,STK,13121,INE202H01019,KERNEX,EQ,,,,,KERNEX MICROSYS(I) LTD,1755.00,1869.70,1754.90,1817.00,1814.60,1709.60,,1816.72,,,852400,1553619097.00,53107,F1,1,,,,,
2026-09-04,2026-09-04,CM,NSE,STK,4981,INE087A01019,KESORAMIND,BE,,,,,KESORAM INDUSTRIES LTD,11.05,11.05,10.90,10.90,10.90,11.05,,10.83,,,119860,1319947.00,176,F1,1,,,,,
2026-09-04,2026-09-04,CM,NSE,STK,13381,INE401H01017,KKCL,EQ,,,,,KEWAL KIRAN CLOTHING LTD,505.95,519.45,499.95,514.30,510.00,503.80,,514.30,,,34214,17366964.10,2002,F1,1,,,,,
2026-09-04,2026-09-04,CM,NSE,STK,4157,INE681C01015,KEYFINSERV,EQ,,,,,KEYNOTE FIN SERV LTD.,244.20,258.55,243.25,245.05,245.00,248.70,,244.95,,,2872,710600.65,142,F1,1,,,,,
2026-09-04,2026-09-04,CM,NSE,STK,12219,INE263M01029,RUSTOMJEE,EQ,,,,,KEYSTONE REALTORS LIMITED,381.75,381.75,372.25,373.95,372.35,381.75,,373.91,,,27990,10526379.70,1208,F1,1,,,,,
2026-09-04,2026-09-04,CM,NSE,STK,13359,INE138Y01010,KFINTECH,EQ,,,,,KFIN TECHNOLOGIES LIMITED,933.00,947.95,923.55,928.90,928.90,927.70,,928.94,,,715524,670183379.35,22086,F1,1,,,,,
2026-09-04,2026-09-04,CM,NSE,STK,433,INE834I01025,KHADIM,BE,,,,,KHADIM INDIA LIMITED,113.00,117.30,113.00,117.30,117.30,115.00,,116.45,,,15169,1743113.40,89,F1,1,,,,,
2026-09-04,2026-09-04,CM,NSE,STK,3912,INE731C01018,KHAITANLTD,EQ,,,,,KHAITAN (INDIA)LTD.,163.00,166.50,160.61,162.00,162.00,162.41,,162.05,,,2277,369427.12,94,F1,1,,,,,
2026-09-04,2026-09-04,CM,NSE,STK,896,INE745B01028,KHAICHEM,EQ,,,,,KHAITAN CHEM & FERT LTD,54.85,55.54,54.30,54.86,54.90,54.83,,54.87,,,94220,5173225.15,817,F1,1,,,,,
2026-09-04,2026-09-04,CM,NSE,STK,9641,INE060B01014,KHANDSE,EQ,,,,,KHANDWALA SECURITIES LTD,18.40,18.41,17.20,18.38,18.38,18.11,,18.69,,,698,12435.97,43,F1,1,,,,,
2026-09-04,2026-09-04,CM,NSE,STK,9570,INE00UG01014,KHFM,SM,,,,,KHFM HOS FAC MANA SER LTD,44.95,44.95,44.95,44.95,44.95,43.95,,44.95,,,1550,69672.50,1,F1,1550,,,,,
2026-09-04,2026-09-04,CM,NSE,STK,762747,INE338F01015,KLBRENG-B,EQ,,,,,KILBURN ENGINEERING LTD.,454.00,474.00,452.50,467.85,467.00,453.25,,467.90,,,303427,140837692.05,7643,F1,1,,,,,
2026-09-04,2026-09-04,CM,NSE,STK,19941,INE729D01010,KILITCH,BE,,,,,KILITCH DRUGS INDIA LTD,172.80,181.14,172.80,180.95,180.95,172.52,,180.95,,,33164,5924084.04,306,F1,1,,,,,
2026-09-04,2026-09-04,CM,NSE,STK,18944,INE473D01015,KINGFA,EQ,,,,,KINGFA SCI & TEC IND LTD.,5910.00,6050.00,5887.00,5932.50,5910.00,5888.00,,5933.52,,,8112,48375746.50,3173,F1,1,,,,,
2026-09-04,2026-09-04,CM,NSE,STK,19126,INE880L01014,KIOCL,EQ,,,,,KIOCL LIMITED,382.85,387.90,380.05,382.10,381.90,380.55,,382.10,,,57868,22207874.25,1944,F1,1,,,,,
2026-09-04,2026-09-04,CM,NSE,STK,762742,INE555P01013,KIRANVYPAR,EQ,,,,,KIRAN VYAPAR LTD.,207.00,207.80,202.70,205.41,203.80,207.98,,205.89,,,3402,702491.83,99,F1,1,,,,,
2026-09-04,2026-09-04,CM,NSE,STK,16639,INE415I01015,KIRIINDUS,EQ,,,,,KIRI INDUSTRIES LIMITED,578.75,599.35,555.10,559.10,561.00,578.95,,559.10,,,2243746,1297310880.35,48383,F1,1,,,,,
2026-09-04,2026-09-04,CM,NSE,STK,18581,INE732A01036,KIRLOSBROS,EQ,,,,,KIRLOSKAR BROTHERS LTD,1885.90,1901.80,1859.80,1862.00,1867.00,1881.30,,1861.95,,,19160,35971399.30,3968,F1,1,,,,,
2026-09-04,2026-09-04,CM,NSE,STK,18220,INE134B01017,KECL,EQ,,,,,KIRLOSKAR ELECTRIC CO LTD,125.49,127.07,125.00,126.41,126.70,125.20,,126.38,,,55192,6962297.49,1323,F1,1,,,,,
2026-09-04,2026-09-04,CM,NSE,STK,14466,INE884B01025,KIRLFER,EQ,,,,,KIRLOSKAR FERROUS IND LTD,459.75,468.90,451.85,459.60,462.70,454.55,,459.60,,,242037,112043366.55,6831,F1,1,,,,,
2026-09-04,2026-09-04,CM,NSE,STK,19025,INE250A01039,KIRLOSIND,EQ,,,,,KIRLOSKAR INDUSTRIES LTD,3734.00,3783.90,3685.00,3731.50,3720.00,3724.70,,3731.46,,,7463,27757454.30,1243,F1,1,,,,,
2026-09-04,2026-09-04,CM,NSE,STK,20936,INE146L01010,KIRLOSENG,EQ,,,,,KIRLOSKAR OIL ENG LTD,2270.00,2279.00,2182.20,2201.90,2192.00,2267.60,,2201.95,,,365394,815677512.50,30188,F1,1,,,,,
2026-09-04,2026-09-04,CM,NSE,STK,15180,INE811A01038,KIRLPNU,EQ,,,,,KIRLOSKAR PNEUMATIC COM L,771.00,772.80,754.05,760.45,762.80,759.80,,760.46,,,137821,104910775.70,10596,F1,1,,,,,
2026-09-04,2026-09-04,CM,NSE,STK,28899,INE602G01020,KITEX,EQ,,,,,KITEX GARMENTS LTD,123.65,130.57,123.65,128.85,129.60,123.64,,128.85,,,679715,86615640.62,6901,F1,1,,,,,
2026-09-04,2026-09-04,CM,NSE,STK,760923,INE0KNW01016,KNAGRI,EQ,,,,,KN AGRI RESOURCES LIMITED,210.00,210.00,194.88,199.40,200.99,206.23,,199.40,,,15550,3153384.93,365,F1,1,,,,,
2026-09-04,2026-09-04,CM,NSE,STK,763839,INE17QZ01016,KNACK,EQ,,,,,KNACK PACKAGING LIMITED,190.70,190.70,186.60,187.30,187.21,188.37,,187.31,,,402969,75761269.10,4435,F1,1,,,,,
2026-09-04,2026-09-04,CM,NSE,STK,27084,INE0CJD01029,KMEW,EQ,,,,,KNOWLEDGE MARINE & EN W L,3175.00,3175.00,3011.10,3033.40,3035.00,3150.40,,3032.36,,,98630,302397689.90,17405,F1,1,,,,,
2026-09-04,2026-09-04,CM,NSE,STK,758431,INE1JAR25012,KRT,RR,,,,,KNOWLEDGE REALTY TRUST,112.95,113.10,111.72,112.49,112.80,113.51,,112.49,,,6191981,696421628.20,8404,F1,1,,,,,
2026-09-04,2026-09-04,CM,NSE,STK,15283,INE634I01029,KNRCON,EQ,,,,,KNR CONSTRU LTD.,119.80,125.95,118.05,124.66,124.79,119.27,,124.66,,,2626704,321938154.27,22699,F1,1,,,,,
2026-09-04,2026-09-04,CM,NSE,STK,18754,INE0Q7P01013,KODYTECH,ST,,,,,KODY TECHNOLAB LIMITED,1570.00,1596.00,1550.10,1569.95,1570.00,1567.00,,1569.95,,,6000,9473895.00,49,F1,100,,,,,
2026-09-04,2026-09-04,CM,NSE,STK,3009,INE080B01012,KOHINOOR,EQ,,,,,KOHINOOR FOODS LIMITED,33.79,33.79,32.50,32.77,32.50,33.52,,32.77,,,131797,4369429.28,1926,F1,1,,,,,
2026-09-04,2026-09-04,CM,NSE,STK,16827,INE760A01029,KOKUYOCMLN,EQ,,,,,KOKUYO CAMLIN LIMITED,79.49,81.00,78.61,80.61,80.24,78.44,,80.60,,,40527,3252733.34,661,F1,1,,,,,
2026-09-04,2026-09-04,CM,NSE,STK,15124,INE094I01018,KOLTEPATIL,EQ,,,,,KOLTE PATIL DEV. LTD.,450.65,456.50,440.05,441.85,441.50,449.55,,441.91,,,72213,32185239.30,2754,F1,1,,,,,
2026-09-04,2026-09-04,CM,NSE,STK,22475,INE0QEI01011,KONSTELEC,ST,,,,,KONSTELEC ENGINEERS LTD,62.05,64.75,61.90,62.05,62.05,62.05,,62.05,,,51000,3201650.00,21,F1,1000,,,,,
2026-09-04,2026-09-04,CM,NSE,STK,19287,INE0KZ301010,KONTOR,SM,,,,,KONTOR SPACE LIMITED,52.95,52.95,52.95,52.95,52.95,53.50,,52.95,,,600,31770.00,1,F1,600,,,,,
2026-09-04,2026-09-04,CM,NSE,STK,1919,INE082A01010,KOPRAN,EQ,,,,,KOPRAN LTD,232.40,242.80,229.29,232.54,233.00,232.24,,232.55,,,661197,155487728.32,12742,F1,1,,,,,
2026-09-04,2026-09-04,CM,NSE,STK,16758,INE0O4R01018,KDL,SM,,,,,KORE DIGITAL LIMITED,92.95,92.95,90.75,92.45,91.75,90.50,,92.45,,,13950,1285875.00,70,F1,150,,,,,
2026-09-04,2026-09-04,CM,NSE,STK,14858,INF174KA1HJ8,GOLD1,EQ,,,,,KOTAK GOLD ETF,128.75,129.99,127.95,128.47,128.50,127.48,,128.47,,,1165650,149736715.23,6196,F1,1,,,,,
2026-09-04,2026-09-04,CM,NSE,STK,1922,INE237A01036,KOTAKBANK,EQ,,,,,KOTAK MAHINDRA BANK LTD,421.65,425.95,421.65,424.50,424.50,421.15,,424.50,,,9408316,3989733446.65,243194,F1,1,,,,,
2026-09-04,2026-09-04,CM,NSE,STK,18102,INF174K014P6,NIFTY1,EQ,,,,,KOTAK NIFTY ETF,265.42,272.70,265.31,265.82,266.20,265.42,,265.83,,,54358,14454378.15,1346,F1,1,,,,,
2026-09-04,2026-09-04,CM,NSE,STK,15061,INF174KA1A86,PSUBANK,EQ,,,,,KOTAK PSU BANK,85.60,86.18,85.30,85.53,85.91,85.36,,85.53,,,235393,20144731.37,664,F1,1,,,,,
2026-09-04,2026-09-04,CM,NSE,STK,759885,INF174KA1XV0,CHEMICAL,EQ,,,,,KOTAKMAMC - CHEMICAL,30.54,30.54,30.10,30.20,30.29,30.29,,30.20,,,539227,16344910.28,1142,F1,1,,,,,
2026-09-04,2026-09-04,CM,NSE,STK,7412,INF174KA1IA5,ALPHA,EQ,,,,,KOTAKMAMC - KOTAKALPHA,54.35,54.41,54.01,54.16,54.20,54.27,,54.16,,,667379,36186904.44,2029,F1,1,,,,,
2026-09-04,2026-09-04,CM,NSE,STK,10512,INF174KA1ZF8,CONS,EQ,,,,,KOTAKMAMC - KOTAKCONS,11.97,12.04,11.95,11.98,12.03,12.01,,11.98,,,14601,175167.19,125,F1,1,,,,,
2026-09-04,2026-09-04,CM,NSE,STK,2627,INF174KA1GC5,IT,EQ,,,,,KOTAKMAMC - KOTAKIT,34.44,34.75,34.00,34.09,34.20,34.19,,34.09,,,153062,5254826.54,1016,F1,1,,,,,
2026-09-04,2026-09-04,CM,NSE,STK,13950,INF174KA1LV5,LIQUID1,EQ,,,,,KOTAKMAMC - KOTAKLIQ,1121.04,1121.45,1121.04,1121.43,1121.44,1121.04,,1121.43,,,616507,691374614.82,764,F1,1,,,,,
2026-09-04,2026-09-04,CM,NSE,STK,8632,INF174KA1IY5,LOWVOL1,EQ,,,,,KOTAKMAMC - KOTAKLOVOL,21.10,21.14,20.88,20.93,20.94,21.10,,20.93,,,642373,13523990.01,212,F1,1,,,,,
2026-09-04,2026-09-04,CM,NSE,STK,8077,INF174KA1ZC5,MIDCAP,EQ,,,,,KOTAKMAMC - KOTAKMID50,18.89,18.89,17.90,18.51,18.57,18.52,,18.51,,,695787,12876402.35,940,F1,1,,,,,
2026-09-04,2026-09-04,CM,NSE,STK,10676,INF174KA1JF2,MNC,EQ,,,,,KOTAKMAMC - KOTAKMNC,34.10,34.10,33.16,33.21,33.30,33.27,,33.21,,,83789,2783498.68,341,F1,1,,,,,
2026-09-04,2026-09-04,CM,NSE,STK,13082,INF174KA1ZD3,SILVER1,EQ,,,,,KOTAKMAMC - KOTAKSILVE,22.40,22.77,22.40,22.60,22.59,22.28,,22.60,,,5918854,133621674.52,5053,F1,1,,,,,
2026-09-04,2026-09-04,CM,NSE,STK,11457,INF174KA1ZE1,NV20,EQ,,,,,KOTAKMAMC - KTKNV20ETF,14.28,14.28,13.93,13.99,13.99,13.94,,13.99,,,87237,1216179.72,179,F1,1,,,,,
2026-09-04,2026-09-04,CM,NSE,STK,30469,INF174KA1VW2,MID150,EQ,,,,,KOTAKMAMC - MID150,23.56,23.71,23.54,23.61,23.68,23.63,,23.61,,,59978,1418605.93,142,F1,1,,,,,
2026-09-04,2026-09-04,CM,NSE,STK,759488,INF174KA1XS6,MOMENTUM30,EQ,,,,,KOTAKMAMC - MOMENTUM30,30.79,30.87,30.66,30.81,30.81,30.65,,30.81,,,21437,660215.71,46,F1,1,,,,,
2026-09-04,2026-09-04,CM,NSE,STK,29758,INF174KA1VD2,MSCIINDIA,EQ,,,,,KOTAKMAMC - MSCIINDIA,29.85,29.89,29.71,29.82,29.87,29.71,,29.82,,,544455,16240513.20,95,F1,1,,,,,
2026-09-04,2026-09-04,CM,NSE,STK,760709,INF174KA1YO3,NEXT50ETF,EQ,,,,,KOTAKMAMC - NEXT50ETF,73.64,74.00,73.50,73.83,73.88,73.64,,73.83,,,8527,628962.15,85,F1,1,,,,,
2026-09-04,2026-09-04,CM,NSE,STK,29944,INF174KA1UW4,NIFTY100EW,EQ,,,,,KOTAKMAMC - NIFTY100EW,35.00,35.10,34.95,35.06,35.06,35.00,,35.06,,,16624,582857.21,122,F1,1,,,,,
2026-09-04,2026-09-04,CM,NSE,STK,764195,INF174KA1A94,PVTBANK,EQ,,,,,KOTAKMAMC - PVTBANK,27.92,28.00,27.91,28.00,28.00,27.85,,28.00,,,722,20183.93,9,F1,1,,,,,
2026-09-04,2026-09-04,CM,NSE,STK,757946,INF174KA1WT6,QUALITY30,EQ,,,,,KOTAKMAMC - QUALITY30,20.67,20.80,20.65,20.65,20.72,20.75,,20.65,,,7309,151170.50,45,F1,1,,,,,
2026-09-04,2026-09-04,CM,NSE,STK,5851,INF174KA1ZB7,BANKNIFTY1,EQ,,,,,KOTAKMAMC-KOTAKBKETF,60.19,60.19,59.61,59.71,59.70,59.75,,59.71,,,149995,8967577.31,731,F1,1,,,,,
2026-09-04,2026-09-04,CM,NSE,STK,762752,INE972A01020,KOTIC,EQ,,,,,KOTHARI INDUSTRIAL CORP L,135.20,135.99,130.25,132.47,131.51,134.79,,132.48,,,11357,1518466.47,418,F1,1,,,,,
2026-09-04,2026-09-04,CM,NSE,STK,4594,INE720A01015,KOTHARIPET,EQ,,,,,KOTHARI PETROCHEM LTD,129.56,132.00,129.00,130.56,130.50,129.02,,130.56,,,51588,6725282.52,1127,F1,1,,,,,
2026-09-04,2026-09-04,CM,NSE,STK,5528,INE823A01017,KOTHARIPRO,EQ,,,,,KOTHARI PRODUCTS LTD,66.90,68.37,66.26,67.39,67.26,67.58,,67.39,,,3862,260734.41,83,F1,1,,,,,
2026-09-04,2026-09-04,CM,NSE,STK,11648,INE419A01022,KOTARISUG,BE,,,,,KOTHARI SUG & CHEM LTD.,30.50,30.50,29.26,29.92,29.83,30.53,,29.92,,,27875,831455.14,246,F1,1,,,,,
2026-09-04,2026-09-04,CM,NSE,STK,761337,INE0J0B01017,KOTYARK,BE,,,,,KOTYARK INDUSTRIES LTD,33.00,33.76,33.00,33.76,33.76,32.16,,33.76,,,133703,4494325.00,365,F1,1,,,,,
2026-09-04,2026-09-04,CM,NSE,STK,5192,INE177F01017,KOVAI,EQ,,,,,KOVAI MEDICAL CENTER & HO,6140.00,6140.00,5994.00,6062.50,6025.00,6091.50,,6062.26,,,1977,11971613.50,776,F1,1,,,,,
2026-09-04,2026-09-04,CM,NSE,STK,5108,INE542W01025,KPIGREEN,EQ,,,,,KPI GREEN ENERGY LIMITED,303.30,307.95,303.30,307.00,307.50,303.25,,307.00,,,525172,160471225.75,12780,F1,1,,,,,
2026-09-04,2026-09-04,CM,NSE,STK,9683,INE04I401011,KPITTECH,EQ,,,,,KPIT TECHNOLOGIES LIMITED,584.00,593.60,575.00,575.45,575.45,583.50,,575.46,,,1239906,719954163.65,22622,F1,1,,,,,
2026-09-04,2026-09-04,CM,NSE,STK,14912,INE930H01031,KPRMILL,EQ,,,,,KPR MILL LTD.,1179.70,1195.00,1168.10,1186.30,1184.00,1175.40,,1186.25,,,199902,237129848.60,19612,F1,1,,,,,
2026-09-04,2026-09-04,CM,NSE,STK,10577,INE001B01026,KRBL,EQ,,,,,KRBL LIMITED,425.50,429.65,416.85,421.95,421.45,424.90,,421.94,,,313910,132314607.25,9211,F1,1,,,,,
2026-09-04,2026-09-04,CM,NSE,STK,1937,INE268B01013,KREBSBIO,EQ,,,,,KREBS BIOCHEMICALS & IND,56.50,56.50,54.45,55.95,55.14,54.50,,55.95,,,5830,323638.65,304,F1,1,,,,,
2026-09-04,2026-09-04,CM,NSE,STK,11488,INE524L01026,KRIDHANINF,BE,,,,,KRIDHAN INFRA LIMITED,2.09,2.10,2.02,2.03,2.04,2.01,,2.03,,,20638,42420.08,50,F1,1,,,,,
2026-09-04,2026-09-04,CM,NSE,STK,12847,INE506W01020,KRISHANA,EQ,,,,,KRISHANA PHOSCHEM LIMITED,185.05,188.10,181.98,184.13,185.46,186.37,,184.13,,,525256,96796380.47,8805,F1,1,,,,,
2026-09-04,2026-09-04,CM,NSE,STK,16133,INE0NR701018,KRISHCA,SM,,,,,KRISHCA STRAPPING SLTN L,158.50,161.85,158.50,161.85,161.85,161.95,,161.85,,,6500,1046050.00,13,F1,500,,,,,
2026-09-04,2026-09-04,CM,NSE,STK,756782,INE0GGO01015,KRISHIVAL,EQ,,,,,KRISHIVAL FOODS LIMITED,413.95,419.00,409.25,416.30,416.80,413.50,,416.29,,,31340,12976941.05,1147,F1,1,,,,,
2026-09-04,2026-09-04,CM,NSE,STK,761192,INE0J5601015,KRISHNADEF,EQ,,,,,KRISHNA DEF AND ALD IND L,1011.00,1037.00,1008.00,1013.20,1016.00,1008.70,,1013.20,,,67885,69149315.80,5396,F1,1,,,,,
2026-09-04,2026-09-04,CM,NSE,STK,4847,INE967H01025,KIMS,EQ,,,,,KRISHNA INST OF MED SCI L,769.95,778.55,758.55,764.10,762.00,767.85,,764.10,,,158954,121914488.65,11617,F1,1,,,,,
2026-09-04,2026-09-04,CM,NSE,STK,6417,INE479D01038,KRITI,EQ,,,,,KRITI INDUSTRIES IND LTD,60.11,62.98,59.00,61.60,62.00,60.94,,61.60,,,23406,1416474.11,300,F1,1,,,,,
2026-09-04,2026-09-04,CM,NSE,STK,11432,INE798K01010,KRITINUT,EQ,,,,,KRITI NUTRIENTS LIMITED,87.40,87.40,83.00,86.45,86.39,83.36,,86.42,,,13358,1148214.16,189,F1,1,,,,,
2026-09-04,2026-09-04,CM,NSE,STK,9288,INE00Z501029,KRITIKA,EQ,,,,,KRITIKA WIRES LIMITED,5.49,5.49,5.13,5.37,5.39,5.39,,5.37,,,76423,408592.47,425,F1,1,,,,,
2026-09-04,2026-09-04,CM,NSE,STK,760624,INE1MTV01019,KRMAYURVED,SM,,,,,KRM AYURVEDA LIMITED,279.00,287.90,277.05,287.85,287.90,282.90,,287.85,,,56000,15765000.00,45,F1,1000,,,,,
2026-09-04,2026-09-04,CM,NSE,STK,25643,INE0Q3J01015,KRN,EQ,,,,,KRN HEAT EXCHANGE N REF L,1540.90,1581.10,1521.20,1578.70,1581.10,1505.90,,1578.78,,,408862,644204498.10,8835,F1,1,,,,,
2026-09-04,2026-09-04,CM,NSE,STK,24026,INE0ATZ01017,KRONOX,BE,,,,,KRONOX LAB SCIENCES LTD,182.45,189.00,182.00,184.69,184.35,183.37,,184.61,,,86294,15922668.66,554,F1,1,,,,,
2026-09-04,2026-09-04,CM,NSE,STK,25252,INE0O6601022,KROSS,EQ,,,,,KROSS LIMITED,211.34,217.45,210.25,211.57,211.25,211.34,,211.51,,,223590,47760940.57,4637,F1,1,,,,,
2026-09-04,2026-09-04,CM,NSE,STK,5359,INE08LI01020,KRSNAA,EQ,,,,,KRSNAA DIAGNOSTICS LTD,552.35,564.40,550.05,560.00,562.00,550.95,,560.00,,,21497,11992361.95,1790,F1,1,,,,,
2026-09-04,2026-09-04,CM,NSE,STK,23175,INE0QN801017,KRYSTAL,EQ,,,,,KRYSTAL INTEGRATED SER L,659.20,661.00,650.25,654.60,657.00,661.95,,654.50,,,8580,5627177.35,462,F1,1,,,,,
2026-09-04,2026-09-04,CM,NSE,STK,1949,INE999A01023,KSB,EQ,,,,,KSB LIMITED,815.30,817.00,807.00,813.55,815.00,810.60,,813.51,,,89128,72448316.40,8454,F1,1,,,,,
2026-09-04,2026-09-04,CM,NSE,STK,764753,INE953E01022,KSE,EQ,,,,,KSE LTD.,184.97,184.97,177.00,180.12,178.02,180.29,,179.73,,,15087,2706288.66,374,F1,1,,,,,
2026-09-04,2026-09-04,CM,NSE,STK,760433,INE987S01020,KSHINTL,EQ,,,,,KSH INTERNATIONAL LIMITED,1035.10,1098.00,1032.80,1087.80,1090.90,1022.70,,1087.81,,,542413,581945367.50,39159,F1,1,,,,,
2026-09-04,2026-09-04,CM,NSE,STK,10407,INE013801027,KSHITIJPOL,EQ,,,,,KSHITIJ POLYLINE LIMITED,3.15,3.30,3.15,3.30,3.30,3.15,,3.30,,,2941441,9633333.30,1040,F1,1,,,,,
2026-09-04,2026-09-04,CM,NSE,STK,765409,INE013820027,KSHITIJ-RE,BE,,,,,KSHITIJ POLYLINE LTD,0.08,0.08,0.08,0.08,0.08,0.07,,0.08,,,4638413,371073.04,1105,F1,1,,,,,
2026-09-04,2026-09-04,CM,NSE,STK,11060,INE0D6I01023,KSOLVES,EQ,,,,,KSOLVES INDIA LIMITED,271.00,276.50,270.00,272.05,275.00,271.50,,272.06,,,16299,4439597.50,774,F1,1,,,,,
2026-09-04,2026-09-04,CM,NSE,STK,759987,INE1SPP01016,KSR,EQ,,,,,KSR FOOTWEAR LIMITED,32.50,34.69,31.90,34.61,34.19,31.54,,34.61,,,388546,12848288.28,432,F1,1,,,,,
2026-09-04,2026-09-04,CM,NSE,STK,13870,INE529I01021,KUANTUM,EQ,,,,,KUANTUM PAPERS LIMITED,75.20,75.60,73.70,74.18,74.64,75.16,,74.18,,,61468,4574354.39,842,F1,1,,,,,
2026-09-04,2026-09-04,CM,NSE,STK,764116,INE0ISX01025,KUSUMGAR,EQ,,,,,KUSUMGAR LIMITED,577.00,584.70,569.10,571.20,570.00,581.65,,571.22,,,226964,130181471.60,6096,F1,1,,,,,
2026-09-04,2026-09-04,CM,NSE,STK,762757,INE552U01010,KPL,EQ,,,,,KWALITY PHARMACEUTICALS L,3350.00,3421.70,3211.10,3285.50,3281.10,3351.70,,3286.06,,,49245,162536046.40,6325,F1,1,,,,,
2026-09-04,2026-09-04,CM,NSE,STK,760946,INE2KCE01013,KWIL,EQ,,,,,KWALITY WALL'S (INDIA) L,42.31,42.73,41.80,42.12,42.15,42.31,,42.12,,,11043010,466016367.74,35932,F1,1,,,,,
2026-09-04,2026-09-04,CM,NSE,STK,765100,INE341H01023,LKPSEC,EQ,,,,,L K P SECURITIES LTD.,15.59,15.99,14.62,15.28,15.20,15.02,,15.35,,,7614,117723.45,92,F1,1,,,,,
2026-09-04,2026-09-04,CM,NSE,STK,24948,INE498L01015,LTF,EQ,,,,,L&T FINANCE LIMITED,317.00,320.50,313.40,314.00,314.00,316.90,,314.00,,,3279672,1039647643.30,27954,F1,1,,,,,
2026-09-04,2026-09-04,CM,NSE,STK,18564,INE010V01017,LTTS,EQ,,,,,L&T TECHNOLOGY SER. LTD.,3520.00,3535.80,3462.00,3493.30,3482.20,3501.20,,3493.26,,,51558,180003250.30,8628,F1,1,,,,,
2026-09-04,2026-09-04,CM,NSE,STK,14423,INE059D01020,LAOPALA,EQ,,,,,LA OPALA RG LIMITED,171.56,174.86,171.56,173.90,173.02,171.55,,173.90,,,75699,13135190.47,1759,F1,1,,,,,
2026-09-04,2026-09-04,CM,NSE,STK,764758,INE519D01015,LADDERUP,EQ,,,,,LADDERUP FINANCE LTD.,50.30,51.45,42.70,51.40,51.40,51.70,,47.50,,,23,1105.50,8,F1,1,,,,,
2026-09-04,2026-09-04,CM,NSE,STK,5865,INE548Z01017,LAGNAM,EQ,,,,,LAGNAM SPINTEX LIMITED,74.63,77.27,74.00,74.80,75.00,74.40,,74.80,,,23024,1734115.89,70,F1,1,,,,,
2026-09-04,2026-09-04,CM,NSE,STK,762762,INE515C01023,LAHOTIOV,EQ,,,,,LAHOTI OVERSEAS LTD.,46.00,46.00,43.00,43.08,43.01,45.08,,43.12,,,3701,161729.06,67,F1,1,,,,,
2026-09-04,2026-09-04,CM,NSE,STK,7902,INE850E01012,LFIC,EQ,,,,,LAKSHMI FIN IND CORP LTD,140.00,140.00,134.50,134.64,134.60,135.28,,134.64,,,387,52463.84,13,F1,1,,,,,
2026-09-04,2026-09-04,CM,NSE,STK,764763,INE938C01019,LAKSHMIMIL,EQ,,,,,LAKSHMI MILLS CO. LTD.,7621.00,7800.00,7621.00,7621.00,7621.00,7800.00,,7810.50,,,29,224783.00,11,F1,1,,,,,
2026-09-04,2026-09-04,CM,NSE,STK,4774,INE651C01018,LAKPRE,BZ,,,,,LAKSHMI PRE SCRE LTD,4.80,5.01,4.80,5.01,5.01,4.78,,5.20,,,3002,15035.82,4,F1,1,,,,,
2026-09-04,2026-09-04,CM,NSE,STK,25860,INE0VZS01015,LAKSHYA,SM,,,,,LAKSHYA POWERTECH LIMITED,83.50,85.00,81.05,81.80,81.80,83.65,,81.80,,,10400,856480.00,13,F1,800,,,,,
2026-09-04,2026-09-04,CM,NSE,STK,765361,INE0K9O01026,LALITHAA,EQ,,,,,LALITHAA JEWELLERY MART L,283.00,308.30,280.60,306.70,308.30,280.30,,306.93,,,23781731,7051735553.40,156381,F1,1,,,,,
2026-09-04,2026-09-04,CM,NSE,STK,6407,INE112F01022,LAMBODHARA,EQ,,,,,LAMBODHARA TEXTILES LTD.,138.81,139.91,133.96,134.67,134.50,137.47,,134.67,,,4467,611464.48,283,F1,1,,,,,
2026-09-04,2026-09-04,CM,NSE,STK,27225,INE0R0201012,LAMOSAIC,ST,,,,,LAMOSAIC INDIA LIMITED,60.50,61.00,59.60,60.85,61.00,61.40,,60.85,,,72000,4387290.00,38,F1,600,,,,,
2026-09-04,2026-09-04,CM,NSE,STK,9392,INE359U01028,LANCER,EQ,,,,,LANCER CONTAINER LINES L,13.19,13.20,12.82,13.03,13.20,13.19,,13.04,,,603720,7830495.80,1168,F1,1,,,,,
2026-09-04,2026-09-04,CM,NSE,STK,23027,INE572G01025,LANCORHOL,EQ,,,,,LANCOR HOLDINGS LIMITED,35.13,40.88,34.21,40.35,40.52,34.75,,40.35,,,2381575,91709854.35,9124,F1,1,,,,,
2026-09-04,2026-09-04,CM,NSE,STK,13276,INE559R01029,LANDMARK,EQ,,,,,LANDMARK CARS LIMITED,500.00,516.40,497.00,510.15,508.00,498.00,,510.15,,,79884,40578607.95,2759,F1,1,,,,,
2026-09-04,2026-09-04,CM,NSE,STK,16863,INE197J01017,LPDC,EQ,,,,,LANDMARK PR.DEV.CO.LTD,7.03,7.06,6.61,6.73,6.66,6.69,,6.73,,,41802,285082.51,183,F1,1,,,,,
2026-09-04,2026-09-04,CM,NSE,STK,17376,INE688J01023,LANDSMILL,EQ,,,,,LANDSMILL GREEN LIMITED,0.67,0.71,0.63,0.63,0.64,0.67,,0.63,,,10129295,6736156.04,1760,F1,1,,,,,
2026-09-04,2026-09-04,CM,NSE,STK,11483,INE018A01030,LT,EQ,,,,,LARSEN & TOUBRO LTD.,3981.00,3994.90,3964.10,3964.10,3964.10,3975.00,,3964.13,,,1319056,5253026930.50,98662,F1,1,,,,,
2026-09-04,2026-09-04,CM,NSE,STK,21713,INE670X01014,LASA,EQ,,,,,LASA SUPERGENERICS LTD,6.99,7.00,6.69,6.73,6.69,6.82,,6.74,,,24575,168015.52,156,F1,1,,,,,
2026-09-04,2026-09-04,CM,NSE,STK,764126,INE17IR01028,LASERPOWER,EQ,,,,,LASER POWER & INFRA LTD,303.70,305.95,291.50,295.65,297.90,301.05,,295.65,,,999119,297239307.25,13918,F1,1,,,,,
2026-09-04,2026-09-04,CM,NSE,STK,6818,INE0I7C01011,LATENTVIEW,EQ,,,,,LATENT VIEW ANALYTICS LTD,267.00,270.80,265.85,267.25,266.90,266.00,,267.23,,,351722,94382048.30,9812,F1,1,,,,,
2026-09-04,2026-09-04,CM,NSE,STK,15840,INE262Z01023,LATTEYS,EQ,,,,,LATTEYS INDUSTRIES LTD,21.49,21.49,20.35,20.50,20.51,20.98,,20.50,,,44829,928083.23,245,F1,1,,,,,
2026-09-04,2026-09-04,CM,NSE,STK,19234,INE947Q01028,LAURUSLABS,EQ,,,,,LAURUS LABS LIMITED,1855.00,1871.80,1835.20,1840.00,1840.00,1868.50,,1840.00,,,1075943,1991203312.40,40157,F1,1,,,,,
2026-09-04,2026-09-04,CM,NSE,STK,6568,INE801V01019,LAXMICOT,EQ,,,,,LAXMI COTSPIN LIMITED,12.58,14.25,12.58,13.73,13.98,12.71,,13.73,,,72640,992845.73,401,F1,1,,,,,
2026-09-04,2026-09-04,CM,NSE,STK,29171,INE0WO601020,LAXMIDENTL,EQ,,,,,LAXMI DENTAL LIMITED,199.20,201.00,197.50,199.14,200.50,199.20,,199.15,,,40392,8038737.77,1887,F1,1,,,,,
2026-09-04,2026-09-04,CM,NSE,STK,19876,INE258Y01016,LGHL,EQ,,,,,LAXMI GOLDORNA HOUSE LTD,175.20,183.48,173.26,175.42,176.00,178.95,,175.42,,,6577,1173669.33,235,F1,1,,,,,
2026-09-04,2026-09-04,CM,NSE,STK,758863,INE06WU01026,LAXMIINDIA,EQ,,,,,LAXMI INDIA FINANCE LTD,128.70,135.00,128.37,132.60,132.55,128.13,,132.60,,,360742,47642804.33,4636,F1,1,,,,,
2026-09-04,2026-09-04,CM,NSE,STK,2841,INE576O01020,LXCHEM,EQ,,,,,LAXMI ORGANIC INDUS LTD,174.40,176.46,171.70,172.04,172.20,175.58,,172.04,,,416497,72319759.24,7250,F1,1,,,,,
2026-09-04,2026-09-04,CM,NSE,STK,7529,INE938A01021,LCCINFOTEC,EQ,,,,,LCC INFOTECH LTD,4.07,4.08,3.72,3.81,3.86,3.85,,3.86,,,44787,172107.30,258,F1,1,,,,,
2026-09-04,2026-09-04,CM,NSE,STK,760300,INE0G1L01025,LEMERITE,EQ,,,,,LE MERITE EXPORTS LIMITED,21.30,21.30,20.56,20.93,20.56,21.11,,20.93,,,135407,2846906.14,268,F1,1,,,,,
2026-09-04,2026-09-04,CM,NSE,STK,24067,INE0HV901016,IXIGO,EQ,,,,,LE TRAVENUES TECHNOLOGY L,163.76,170.63,163.39,166.75,167.00,162.15,,166.75,,,3400102,565730322.35,55718,F1,1,,,,,
2026-09-04,2026-09-04,CM,NSE,STK,14204,INE0H4B01011,LRRPL,SM,,,,,LEAD REC AND RUB PROD LTD,87.00,88.00,87.00,88.00,88.00,86.90,,88.00,,,3000,262500.00,2,F1,1500,,,,,
2026-09-04,2026-09-04,CM,NSE,STK,764523,INE00GO01025,LEAPIND,EQ,,,,,LEAP INDIA LIMITED,153.50,155.30,149.50,150.26,150.11,152.41,,150.28,,,5589910,851623129.86,43498,F1,1,,,,,
2026-09-04,2026-09-04,CM,NSE,STK,765098,INE791B01014,LEENEE,BE,,,,,LEE & NEE SOFTWARES (E) L,8.15,8.84,8.08,8.45,8.45,8.49,,8.45,,,29014,241959.25,77,F1,1,,,,,
2026-09-04,2026-09-04,CM,NSE,STK,757014,INE0AQ201015,THELEELA,EQ,,,,,LEELA PALACES HOTEL LTD,564.45,567.85,550.00,554.05,556.00,566.05,,554.05,,,561774,313499905.10,16509,F1,1,,,,,
2026-09-04,2026-09-04,CM,NSE,STK,2606,INE970X01018,LEMONTREE,EQ,,,,,LEMON TREE HOTELS LTD,105.24,107.00,104.77,104.95,105.00,104.89,,104.95,,,3464757,365276752.85,24317,F1,1,,,,,
2026-09-04,2026-09-04,CM,NSE,STK,759605,INE956O01016,LENSKART,EQ,,,,,LENSKART SOLUTIONS LTD,672.55,694.80,672.55,684.90,683.05,672.45,,684.54,,,10188245,6985526547.50,172364,F1,1,,,,,
2026-09-04,2026-09-04,CM,NSE,STK,14459,INE500X01013,LEXUS,EQ,,,,,LEXUS GRANITO (INDIA) LTD,13.22,13.94,13.22,13.53,13.72,13.54,,13.53,,,5919,80339.17,103,F1,1,,,,,
2026-09-04,2026-09-04,CM,NSE,STK,18321,INE337A01034,LGBBROSLTD,EQ,,,,,LG BALAKRISHNAN & BROS,1716.20,1738.00,1697.00,1702.80,1699.40,1716.20,,1702.62,,,50384,85879993.40,5297,F1,1,,,,,
2026-09-04,2026-09-04,CM,NSE,STK,760213,INE324D01010,LGEINDIA,EQ,,,,,LG ELECTRONICS INDIA LTD,1661.20,1672.60,1634.00,1640.70,1640.00,1662.30,,1640.70,,,387555,637524463.40,29809,F1,1,,,,,
2026-09-04,2026-09-04,CM,NSE,STK,11082,INE908V01012,LIBAS,EQ,,,,,LIBAS CONSU PRODUCTS LTD,10.65,10.90,10.26,10.46,10.40,10.48,,10.46,,,19725,205757.90,97,F1,1,,,,,
2026-09-04,2026-09-04,CM,NSE,STK,1994,INE557B01019,LIBERTSHOE,EQ,,,,,LIBERTY SHOES LTD,234.31,238.00,231.90,233.27,232.50,234.30,,233.29,,,15371,3605392.94,564,F1,1,,,,,
2026-09-04,2026-09-04,CM,NSE,STK,1997,INE115A01026,LICHSGFIN,EQ,,,,,LIC HOUSING FINANCE LTD,554.00,579.40,554.00,562.05,562.05,554.00,,562.08,,,7126780,4061104070.35,56929,F1,1,,,,,
2026-09-04,2026-09-04,CM,NSE,STK,25640,INF767K01SM1,LICMFGOLD,EQ,,,,,LIC MF - LIC GOLD ETF,138.90,139.70,138.25,138.75,138.70,137.50,,138.75,,,349843,48638952.55,551,F1,1,,,,,
2026-09-04,2026-09-04,CM,NSE,STK,11319,INF767K01OS7,LICNETFN50,EQ,,,,,LICNAMC - LICNFENGP,269.53,270.02,267.59,267.77,267.70,267.67,,268.61,,,347,93114.23,21,F1,1,,,,,
2026-09-04,2026-09-04,CM,NSE,STK,11441,INF767K01OT5,LICNETFSEN,EQ,,,,,LICNAMC - LICNFESGP,868.17,875.00,860.00,862.89,860.00,863.46,,862.89,,,22,19003.47,6,F1,1,,,,,
2026-09-04,2026-09-04,CM,NSE,STK,15229,INF767K01PC8,LICNFNHGP,EQ,,,,,LICNAMC - LICNFNHGP,274.66,275.99,270.11,270.61,270.50,276.04,,270.61,,,386,104785.47,28,F1,1,,,,,
2026-09-04,2026-09-04,CM,NSE,STK,6062,INF767K01MV5,LICNETFGSC,EQ,,,,,LICNAMC - LICNMFET,29.51,29.51,29.26,29.34,29.34,29.21,,29.34,,,75526,2216618.79,92,F1,1,,,,,
2026-09-04,2026-09-04,CM,NSE,STK,22722,INF767K01RN1,LICNMID100,EQ,,,,,LICNAMC - LICNMID100,63.42,64.05,63.42,63.84,63.84,63.42,,63.84,,,2147,136965.25,61,F1,1,,,,,
2026-09-04,2026-09-04,CM,NSE,STK,9480,INE0J1Y01017,LICI,EQ,,,,,LIFE INSURA CORP OF INDIA,416.85,419.30,415.30,415.35,415.35,416.90,,415.35,,,5411741,2258499295.35,42606,F1,1,,,,,
2026-09-04,2026-09-04,CM,NSE,STK,578,INE060901027,LIKHITHA,EQ,,,,,LIKHITHA INFRASTRUC LTD,204.54,206.99,203.20,204.80,203.25,202.90,,204.84,,,27488,5645209.95,495,F1,1,,,,,
2026-09-04,2026-09-04,CM,NSE,STK,6951,INE802B01027,LINC,EQ,,,,,LINC LIMITED,94.10,96.50,94.10,95.07,95.03,94.69,,95.08,,,7202,687972.56,227,F1,1,,,,,
2026-09-04,2026-09-04,CM,NSE,STK,11596,INE405C01035,LINCOLN,EQ,,,,,LINCOLN PHARMA LTD,627.00,631.00,618.00,620.80,623.00,622.65,,620.53,,,29091,18107950.45,1281,F1,1,,,,,
2026-09-04,2026-09-04,CM,NSE,STK,1627,INE473A01011,LINDEINDIA,EQ,,,,,LINDE INDIA LIMITED,6409.00,6411.00,6330.00,6346.00,6368.00,6373.00,,6346.12,,,9490,60399613.00,2441,F1,1,,,,,
2026-09-04,2026-09-04,CM,NSE,STK,17801,INE093R01011,LLOYDSENGG,EQ,,,,,LLOYDS ENGG WORK LIMITED,85.11,86.63,83.94,84.21,84.66,84.95,,84.21,,,4801657,408703407.49,23635,F1,1,,,,,
2026-09-04,2026-09-04,CM,NSE,STK,25807,INE080I01025,LLOYDSENT,EQ,,,,,LLOYDS ENTERPRISES LTD,71.79,74.69,71.79,74.23,74.20,71.97,,74.23,,,3684805,271090260.49,15028,F1,1,,,,,
2026-09-04,2026-09-04,CM,NSE,STK,11472,INE0DTQ01028,LLOYDS,SM,,,,,LLOYDS LUXURIES LIMITED,56.35,60.00,55.05,58.00,58.00,57.50,,58.00,,,9000,511950.00,8,F1,1000,,,,,
2026-09-04,2026-09-04,CM,NSE,STK,17313,INE281B01032,LLOYDSME,EQ,,,,,LLOYDS METALS N ENERGY L,1848.70,1850.60,1820.10,1823.00,1826.00,1848.70,,1822.64,,,146092,267511423.00,11968,F1,1,,,,,
2026-09-04,2026-09-04,CM,NSE,STK,1979,INE269B01029,LMW,EQ,,,,,LMW LIMITED,19195.00,19195.00,18700.00,18774.00,18760.00,18993.00,,18773.49,,,2214,41679617.00,1009,F1,1,,,,,
2026-09-04,2026-09-04,CM,NSE,STK,3220,INE670K01029,LODHA,EQ,,,,,LODHA DEVELOPERS LIMITED,1225.00,1237.80,1209.50,1222.00,1222.00,1234.00,,1222.00,,,948334,1159444969.30,26054,F1,1,,,,,
2026-09-04,2026-09-04,CM,NSE,STK,764296,INE0QJW01029,LCL,EQ,,,,,LOHIA CORP LIMITED,560.00,598.00,560.00,581.50,580.80,553.45,,581.50,,,1628313,952065401.80,89054,F1,1,,,,,
2026-09-04,2026-09-04,CM,NSE,STK,13436,INE397H01017,LOKESHMACH,EQ,,,,,LOKESH MACHINES LTD,378.80,378.80,362.20,364.60,367.00,360.30,,364.52,,,56473,20900044.80,1499,F1,1,,,,,
2026-09-04,2026-09-04,CM,NSE,STK,18232,INE846D01012,LORDSCHLO,EQ,,,,,LORDS CHLORO ALKALI LTD,142.00,148.34,142.00,146.60,146.75,141.55,,146.58,,,40550,5906228.30,878,F1,1,,,,,
2026-09-04,2026-09-04,CM,NSE,STK,14924,INE740X01023,LAL,EQ,,,,,LORENZINI APPARELS LTD,8.81,9.15,8.81,8.91,8.90,9.00,,8.91,,,30223,271556.78,107,F1,1,,,,,
2026-09-04,2026-09-04,CM,NSE,STK,764768,INE026D01011,LOTUSCHO,EQ,,,,,LOTUS CHOCOLATE CO. LTD.,635.00,649.95,624.00,630.40,633.00,650.95,,630.94,,,4002,2544752.70,330,F1,1,,,,,
2026-09-04,2026-09-04,CM,NSE,STK,16807,INE947I01017,LOTUSEYE,EQ,,,,,LOTUS EYE HOSP & INST L,109.90,110.45,108.30,109.43,108.50,109.28,,108.66,,,8350,913772.63,121,F1,1,,,,,
2026-09-04,2026-09-04,CM,NSE,STK,22415,INE597L01014,LOVABLE,EQ,,,,,LOVABLE LINGERIE LTD,72.85,72.85,70.57,71.37,71.00,72.21,,71.37,,,5969,425129.15,264,F1,1,,,,,
2026-09-04,2026-09-04,CM,NSE,STK,10590,INE970D01010,LOYALTEX,EQ,,,,,LOYAL TEXTILE MILLS LTD,210.00,221.82,206.00,218.14,212.30,211.82,,218.14,,,2285,501279.42,47,F1,1,,,,,
2026-09-04,2026-09-04,CM,NSE,STK,13816,INE818H01020,LTFOODS,EQ,,,,,LT FOODS LIMITED,442.45,448.90,439.00,444.80,442.25,442.55,,444.72,,,450291,199681837.60,18698,F1,1,,,,,
2026-09-04,2026-09-04,CM,NSE,STK,17818,INE214T01019,LTM,EQ,,,,,LTM LIMITED,4570.30,4656.30,4545.30,4554.00,4554.00,4560.00,,4553.95,,,243635,1116883247.90,19950,F1,1,,,,,
2026-09-04,2026-09-04,CM,NSE,STK,14014,INE872H01027,LUMAXTECH,EQ,,,,,LUMAX AUTO TECH LTD,1995.20,2010.00,1942.90,1951.90,1954.70,1985.40,,1951.99,,,81128,159397507.70,11010,F1,1,,,,,
2026-09-04,2026-09-04,CM,NSE,STK,2018,INE162B01018,LUMAXIND,EQ,,,,,LUMAX INDUSTRIES LTD,6450.00,6450.00,6107.50,6181.50,6178.00,6380.50,,6181.62,,,15590,97493365.50,3627,F1,1,,,,,
2026-09-04,2026-09-04,CM,NSE,STK,765524,INE185Q01025,LUMINO,EQ,,,,,LUMINO INDUSTRIES LIMITED,112.40,122.00,111.22,114.50,114.95,110.32,,114.50,,,139069849,16228033158.85,451001,F1,1,,,,,
2026-09-04,2026-09-04,CM,NSE,STK,10440,INE326A01037,LUPIN,EQ,,,,,LUPIN LIMITED,2140.10,2148.00,2100.60,2110.00,2110.00,2132.00,,2110.01,,,862828,1826614866.70,39010,F1,1,,,,,
2026-09-04,2026-09-04,CM,NSE,STK,11301,INE150G01020,LUXIND,EQ,,,,,LUX INDUSTRIES LIMITED,1170.10,1191.90,1170.10,1175.10,1171.20,1171.70,,1175.08,,,9331,11002184.30,910,F1,1,,,,,
2026-09-04,2026-09-04,CM,NSE,STK,7248,INE933A01014,LYKALABS,BE,,,,,LYKA LABS LTD.,78.36,78.36,78.36,78.36,78.36,76.83,,78.90,,,31844,2495295.84,55,F1,1,,,,,
2026-09-04,2026-09-04,CM,NSE,STK,758150,INE08N601015,MBEL,EQ,,,,,M AND B ENGINEERING LTD,276.95,277.00,268.00,270.15,271.00,275.45,,270.16,,,74971,20356120.45,1586,F1,1,,,,,
2026-09-04,2026-09-04,CM,NSE,STK,765120,INE227F01010,MKEXIM,EQ,,,,,M K EXIM (INDIA) LTD.,61.89,63.00,60.24,62.18,62.99,60.18,,62.64,,,17942,1106326.91,249,F1,1,,,,,
2026-09-04,2026-09-04,CM,NSE,STK,16736,INE964W01021,MKPL,EQ,,,,,M K PROTEINS LIMITED,4.06,4.12,3.92,4.02,4.02,4.06,,4.02,,,143996,579000.30,488,F1,1,,,,,
2026-09-04,2026-09-04,CM,NSE,STK,22360,INE813V01022,MCL,EQ,,,,,M TEK COPPER LIMITED,58.00,58.90,57.21,58.30,58.49,58.50,,58.30,,,25283,1465985.37,951,F1,1,,,,,
2026-09-04,2026-09-04,CM,NSE,STK,13285,INE774D01024,M&MFIN,EQ,,,,,M&M FIN. SERVICES LTD,379.00,380.95,371.50,373.65,374.75,376.05,,373.65,,,2628655,988988636.40,52603,F1,1,,,,,
2026-09-04,2026-09-04,CM,NSE,STK,22976,INE0SGC01015,MVKAGRO,SM,,,,,M.V.K. AGRO FOOD PROD LTD,236.35,236.35,236.35,236.35,236.35,225.10,,236.35,,,12000,2836200.00,11,F1,300,,,,,
2026-09-04,2026-09-04,CM,NSE,STK,15017,INE215I01027,MAANALU,EQ,,,,,MAAN ALUMINIUM LIMITED,120.15,123.00,117.21,117.90,117.82,120.77,,117.90,,,74246,8789296.95,816,F1,1,,,,,
2026-09-04,2026-09-04,CM,NSE,STK,762782,INE435D01014,MCCHRLS-B,EQ,,,,,MAC CHARLES (INDIA) LTD.,682.60,682.60,656.05,670.00,670.00,679.95,,673.94,,,310,206382.65,50,F1,1,,,,,
2026-09-04,2026-09-04,CM,NSE,STK,22347,INE155Z01011,MACPOWER,EQ,,,,,MACPOWER CNC MACHINES LTD,1955.80,1960.00,1860.00,1904.90,1906.00,1944.10,,1904.90,,,38330,73149826.60,5622,F1,1,,,,,
2026-09-04,2026-09-04,CM,NSE,STK,762767,INE631R01026,MADHAVIPL,EQ,,,,,MADHAV INFRA PROJECTS L,7.92,8.30,7.92,7.98,7.98,7.92,,7.99,,,78511,632542.32,310,F1,1,,,,,
2026-09-04,2026-09-04,CM,NSE,STK,15151,INE925C01016,MADHAV,EQ,,,,,MADHAV MARBLE & GRANITE,36.70,36.70,34.11,35.36,35.75,34.84,,35.36,,,6274,221393.48,143,F1,1,,,,,
2026-09-04,2026-09-04,CM,NSE,STK,13668,INE378D01032,MADHUCON,BE,,,,,MADHUCON PROJECTS LTD.,4.81,5.00,4.60,4.63,4.60,4.81,,4.63,,,34348,159228.42,62,F1,1,,,,,
2026-09-04,2026-09-04,CM,NSE,STK,18738,INE0P6701019,MADHUSUDAN,ST,,,,,MADHUSUDAN MASALA LIMITED,238.00,238.00,230.00,236.00,236.00,232.00,,236.00,,,20000,4689750.00,17,F1,1000,,,,,
2026-09-04,2026-09-04,CM,NSE,STK,12686,INE900L01028,MBAPL,EQ,,,,,MADHYA BHARAT AGRO P. LTD,162.08,167.39,160.73,166.12,166.95,162.08,,166.12,,,983522,161283576.66,8749,F1,1,,,,,
2026-09-04,2026-09-04,CM,NSE,STK,4911,INE414A01015,MADRASFERT,EQ,,,,,MADRAS FERTILISERS LTD,65.34,65.75,65.08,65.12,65.09,65.13,,65.12,,,26810,1750411.55,458,F1,1,,,,,
2026-09-04,2026-09-04,CM,NSE,STK,762772,INE270B01035,MAFATIND,EQ,,,,,MAFATLAL INDUSTRIES LTD.,124.77,124.77,120.35,121.66,122.20,123.24,,121.66,,,25114,3071337.00,825,F1,1,,,,,
2026-09-04,2026-09-04,CM,NSE,STK,21392,INE347W01011,MAGADSUGAR,EQ,,,,,MAGADH SUGAR & ENERGY LTD,568.00,568.00,546.00,552.05,552.00,566.70,,552.06,,,19463,10765235.90,1422,F1,1,,,,,
2026-09-04,2026-09-04,CM,NSE,STK,29482,INE613C01026,MCLOUD,EQ,,,,,MAGELLANIC CLOUD LIMITED,26.51,26.67,26.25,26.29,26.30,26.46,,26.29,,,1615599,42656333.15,3806,F1,1,,,,,
2026-09-04,2026-09-04,CM,NSE,STK,14957,INE387I01016,MAGNUM,EQ,,,,,MAGNUM VENTURES LTD.,18.82,19.49,18.82,19.00,19.00,19.00,,18.96,,,7566,144016.08,48,F1,1,,,,,
2026-09-04,2026-09-04,CM,NSE,STK,5239,INE843B01013,MAHAPEXLTD,EQ,,,,,MAHA RASHTRA APEX COPR. L,54.70,54.75,53.01,53.51,53.01,54.72,,53.51,,,6664,360408.25,134,F1,1,,,,,
2026-09-04,2026-09-04,CM,NSE,STK,24937,INE0US801024,MFML,EQ,,,,,MAHALAXMI FABRIC MILLS LT,18.63,18.80,18.12,18.59,18.80,18.36,,18.59,,,3002,55773.73,56,F1,1,,,,,
2026-09-04,2026-09-04,CM,NSE,STK,7889,INE112D01035,MHLXMIRU,BE,,,,,MAHALAXMI RUBTECH LIMITED,172.10,174.90,172.10,174.89,174.85,174.89,,174.89,,,3411,592966.04,42,F1,1,,,,,
2026-09-04,2026-09-04,CM,NSE,STK,17531,INE451L01014,MAHASTEEL,BE,,,,,MAHAMAYA STEEL INDS LTD,1195.30,1320.90,1195.30,1282.50,1231.00,1258.20,,1282.35,,,10107,12448426.40,527,F1,1,,,,,
2026-09-04,2026-09-04,CM,NSE,STK,17534,INE002S01010,MGL,EQ,,,,,MAHANAGAR GAS LTD.,1067.00,1101.60,1067.00,1096.60,1100.00,1066.40,,1096.60,,,288338,314372145.40,23619,F1,1,,,,,
2026-09-04,2026-09-04,CM,NSE,STK,2294,INE153A01019,MTNL,EQ,,,,,MAHANAGAR TELEPHONE NIGAM,26.59,26.98,26.47,26.55,26.55,26.42,,26.55,,,518060,13794220.41,2310,F1,1,,,,,
2026-09-04,2026-09-04,CM,NSE,STK,2085,INE288A01013,MAHSCOOTER,EQ,,,,,MAHARASHTRA SCOOTERS LTD,13727.00,13727.00,13590.00,13602.00,13619.00,13639.00,,13601.10,,,1009,13729226.00,324,F1,1,,,,,
2026-09-04,2026-09-04,CM,NSE,STK,2088,INE271B01025,MAHSEAMLES,EQ,,,,,MAHARASHTRA SEAMLESS LTD,654.75,695.80,651.50,688.10,688.00,653.50,,688.10,,,1179393,807572228.75,42816,F1,1,,,,,
2026-09-04,2026-09-04,CM,NSE,STK,758688,INE632Q01018,MRIL,ST,,,,,MAHENDRA REALTO & INFRA L,58.00,58.00,57.30,57.30,57.30,60.15,,57.30,,,4800,276160.00,3,F1,1600,,,,,
2026-09-04,2026-09-04,CM,NSE,STK,9577,INE263W01010,MAHESHWARI,BE,,,,,MAHESHWARI LOGISTICS LTD.,71.99,73.00,71.99,72.21,72.23,72.88,,72.21,,,6852,495841.90,26,F1,1,,,,,
2026-09-04,2026-09-04,CM,NSE,STK,2839,INE961Y01015,MAHICKRA,SM,,,,,MAHICKRA CHEMICAL LIMITED,285.00,290.00,285.00,290.00,290.00,295.00,,290.00,,,1500,431250.00,2,F1,750,,,,,
2026-09-04,2026-09-04,CM,NSE,STK,2031,INE101A01026,M&M,EQ,,,,,MAHINDRA & MAHINDRA LTD,3158.70,3185.30,3144.20,3170.00,3170.00,3150.00,,3170.00,,,1489449,4719844845.80,76929,F1,1,,,,,
2026-09-04,2026-09-04,CM,NSE,STK,17603,INE215D01010,MAHEPC,EQ,,,,,MAHINDRA EPC IRRIG LTD,103.30,104.90,103.20,103.62,103.22,103.25,,103.60,,,7636,792592.80,204,F1,1,,,,,
2026-09-04,2026-09-04,CM,NSE,STK,17333,INE998I01010,MHRIL,EQ,,,,,MAHINDRA HOLIDAYS LTD,208.00,211.00,206.55,207.40,207.55,207.91,,207.40,,,155829,32438045.89,2759,F1,1,,,,,
2026-09-04,2026-09-04,CM,NSE,STK,8050,INE813A01018,MAHLIFE,EQ,,,,,MAHINDRA LIFESPACE DEVLTD,365.00,366.70,360.15,362.40,361.40,363.10,,362.45,,,37464,13605551.95,2260,F1,1,,,,,
2026-09-04,2026-09-04,CM,NSE,STK,385,INE766P01016,MAHLOG,EQ,,,,,MAHINDRA LOGISTIC LIMITED,400.85,410.15,399.55,405.35,406.70,400.30,,405.35,,,130587,52849165.10,5680,F1,1,,,,,
2026-09-04,2026-09-04,CM,NSE,STK,24538,INE683C01011,MAITHANALL,EQ,,,,,MAITHAN ALLOYS LTD,1044.00,1105.00,1035.50,1090.55,1099.00,1038.50,,1090.63,,,400161,432536086.95,18948,F1,1,,,,,
2026-09-04,2026-09-04,CM,NSE,STK,19809,INE0PLQ01011,MAITREYA,SM,,,,,MAITREYA MEDICARE LIMITED,120.00,120.00,120.00,120.00,120.00,123.90,,120.00,,,400,48000.00,1,F1,400,,,,,
2026-09-04,2026-09-04,CM,NSE,STK,762780,INE201B01022,MAJESAUT,BE,,,,,MAJESTIC AUTO LTD.,355.00,356.25,345.10,354.95,354.95,352.70,,349.25,,,3642,1276812.15,184,F1,1,,,,,
2026-09-04,2026-09-04,CM,NSE,STK,764773,INE987A01010,MAKERSL,EQ,,,,,MAKERS LABORATORIES LTD.,206.85,206.85,188.40,189.90,191.99,200.77,,190.03,,,6513,1272565.85,439,F1,1,,,,,
2026-09-04,2026-09-04,CM,NSE,STK,11218,INE0CDK01019,MAKS,SM,,,,,MAKS ENERGY SOL INDIA LTD,15.10,15.10,15.10,15.10,15.10,14.40,,15.10,,,1500,22650.00,1,F1,1500,,,,,
2026-09-04,2026-09-04,CM,NSE,STK,7965,INE389C01015,MALLCOM,EQ,,,,,MALLCOM (INDIA) LIMITED,1040.00,1040.00,998.80,1018.15,1028.80,998.80,,1020.94,,,1900,1928043.80,157,F1,1,,,,,
2026-09-04,2026-09-04,CM,NSE,STK,13352,INE383H01017,MALUPAPER,EQ,,,,,MALU PAPER MILLS LIMITED,32.97,32.97,31.15,31.65,31.65,32.44,,31.65,,,8353,268478.48,105,F1,1,,,,,
2026-09-04,2026-09-04,CM,NSE,STK,28687,INE0TO701015,MAMATA,EQ,,,,,MAMATA MACHINERY LIMITED,404.55,417.00,401.75,412.55,408.50,404.55,,412.65,,,39601,16194928.50,1594,F1,1,,,,,
2026-09-04,2026-09-04,CM,NSE,STK,7413,INE830Q01018,MANAKCOAT,EQ,,,,,MAN COAT METAL & IND LTD,119.91,122.55,119.35,121.80,122.00,120.65,,121.80,,,144960,17545643.12,1579,F1,1,,,,,
2026-09-04,2026-09-04,CM,NSE,STK,11884,INE993A01026,MANINDS,EQ,,,,,MAN INDUSTRIES (I) LTD.,801.00,807.75,781.50,788.55,785.90,793.40,,788.60,,,505736,401890545.60,23876,F1,1,,,,,
2026-09-04,2026-09-04,CM,NSE,STK,18226,INE949H01023,MANINFRA,EQ,,,,,MAN INFRA LTD,126.00,128.30,123.78,124.80,124.75,124.59,,124.79,,,1748780,219252774.58,11864,F1,1,,,,,
2026-09-04,2026-09-04,CM,NSE,STK,7420,INE859Q01017,MANAKALUCO,EQ,,,,,MANAK ALUMINIUM CO. LTD.,37.68,38.31,37.60,38.10,38.30,37.68,,37.92,,,34763,1323755.87,361,F1,1,,,,,
2026-09-04,2026-09-04,CM,NSE,STK,15199,INE015D01022,MANAKSIA,EQ,,,,,MANAKSIA LTD.,59.69,63.89,59.20,63.05,63.40,59.12,,63.06,,,235473,14753757.53,2316,F1,1,,,,,
2026-09-04,2026-09-04,CM,NSE,STK,7463,INE824Q01011,MANAKSTEEL,EQ,,,,,MANAKSIA STEELS LTD,109.00,113.00,106.35,107.30,107.50,111.91,,107.31,,,171136,18635112.70,1885,F1,1,,,,,
2026-09-04,2026-09-04,CM,NSE,STK,13796,INE201A01024,MANALIPETC,EQ,,,,,MANALI PETROCHEMICALS LT,89.56,90.61,86.00,86.76,86.55,89.73,,86.76,,,6435710,568828644.91,27514,F1,1,,,,,
2026-09-04,2026-09-04,CM,NSE,STK,19061,INE522D01027,MANAPPURAM,EQ,,,,,MANAPPURAM FINANCE LTD,345.05,345.20,338.20,339.70,339.70,341.00,,339.70,,,2017457,687114464.10,21527,F1,1,,,,,
2026-09-04,2026-09-04,CM,NSE,STK,759354,INE0U4H01011,MPEL,ST,,,,,MANAS POLYMER N ENERGIE L,27.35,27.35,27.35,27.35,27.35,26.05,,27.35,,,3200,87520.00,2,F1,1600,,,,,
2026-09-04,2026-09-04,CM,NSE,STK,25597,INE939X01013,MANBA,EQ,,,,,MANBA FINANCE LIMITED,131.50,133.32,128.50,128.95,130.50,129.45,,128.96,,,26727,3489233.89,285,F1,1,,,,,
2026-09-04,2026-09-04,CM,NSE,STK,24823,INE545L01039,MANCREDIT,EQ,,,,,MANGAL CREDIT N FINCORP L,233.82,235.38,227.01,228.33,229.24,231.40,,228.30,,,6769,1553413.85,383,F1,1,,,,,
2026-09-04,2026-09-04,CM,NSE,STK,758748,INE0PKD01011,MEIL,EQ,,,,,MANGAL ELECTRICAL IND L,286.90,295.45,280.00,285.10,287.00,283.75,,285.11,,,99521,28431931.00,3061,F1,1,,,,,
2026-09-04,2026-09-04,CM,NSE,STK,19134,INE00C401011,MAL,SM,,,,,MANGALAM ALLOYS LIMITED,38.05,38.20,37.25,38.20,38.20,34.75,,38.20,,,177600,6775120.00,86,F1,1600,,,,,
2026-09-04,2026-09-04,CM,NSE,STK,2106,INE347A01017,MANGLMCEM,EQ,,,,,MANGALAM CEMENT LTD,1098.00,1114.00,1081.70,1095.20,1095.00,1098.20,,1095.20,,,64519,70897465.50,3570,F1,1,,,,,
2026-09-04,2026-09-04,CM,NSE,STK,11817,INE584F01014,MANGALAM,EQ,,,,,MANGALAM DRUG & CHEM LTD,30.90,30.90,29.90,30.02,30.00,30.30,,30.03,,,18726,567675.87,225,F1,1,,,,,
2026-09-04,2026-09-04,CM,NSE,STK,1598,INE0APB01032,MGEL,BE,,,,,MANGALAM GLOBAL ENT LTD,14.26,14.50,14.15,14.24,14.49,14.40,,14.24,,,92187,1313057.90,217,F1,1,,,,,
2026-09-04,2026-09-04,CM,NSE,STK,6422,INE370D01013,MANORG,EQ,,,,,MANGALAM ORGANICS LIMITED,487.80,513.00,484.20,489.50,489.85,490.25,,489.36,,,16738,8248603.55,1863,F1,1,,,,,
2026-09-04,2026-09-04,CM,NSE,STK,764783,INE829S01016,MSL,EQ,,,,,MANGALAM SEEDS LTD.,145.00,149.00,137.53,142.22,141.00,137.53,,141.17,,,1952,288179.69,51,F1,1,,,,,
2026-09-04,2026-09-04,CM,NSE,STK,759169,INE0JYY01029,MWL,EQ,,,,,MANGALAM WORLDWIDE LTD,39.70,39.70,37.60,38.56,38.35,39.08,,38.56,,,243445,9428205.31,831,F1,1,,,,,
2026-09-04,2026-09-04,CM,NSE,STK,24629,INE0R3101011,MIEL,SM,,,,,MANGLAM INFRA & ENG LTD,11.75,12.10,11.70,11.85,11.85,12.30,,11.85,,,16000,189000.00,6,F1,2000,,,,,
2026-09-04,2026-09-04,CM,NSE,STK,764357,INE459N01021,MANIPALHOS,EQ,,,,,MANIPAL HEALTH ENTERPRI L,729.00,738.00,720.50,725.20,723.00,726.00,,726.90,,,1177059,858466001.60,36339,F1,1,,,,,
2026-09-04,2026-09-04,CM,NSE,STK,15380,INE634S01028,MANKIND,EQ,,,,,MANKIND PHARMA LIMITED,2366.50,2390.00,2317.00,2327.90,2327.90,2368.80,,2327.94,,,122389,286487165.10,12835,F1,1,,,,,
2026-09-04,2026-09-04,CM,NSE,STK,19015,INE0KNT01012,MVGJL,EQ,,,,,MANOJ VAIBHAV GEM N JEW L,172.10,187.80,172.10,179.90,179.06,171.97,,179.89,,,1146917,208819396.03,23530,F1,1,,,,,
2026-09-04,2026-09-04,CM,NSE,STK,13753,INE784W01015,MANOMAY,EQ,,,,,MANOMAY TEX INDIA LTD,232.00,237.80,224.50,234.97,235.00,226.83,,234.98,,,390666,89664728.67,4222,F1,1,,,,,
2026-09-04,2026-09-04,CM,NSE,STK,10227,INE00VM01036,MANORAMA,EQ,,,,,MANORAMA INDUSTRIES LTD,1984.00,2017.50,1957.70,1993.40,1976.90,1966.30,,1993.30,,,521970,1039576132.00,44226,F1,1,,,,,
2026-09-04,2026-09-04,CM,NSE,STK,13575,INE867A01022,MANUGRAPH,BE,,,,,MANUGRAPH INDIA LIMITED,14.23,14.77,14.23,14.75,14.75,14.60,,14.75,,,14661,213858.75,36,F1,1,,,,,
2026-09-04,2026-09-04,CM,NSE,STK,2112,INE882A01013,MARALOVER,EQ,,,,,MARAL OVERSEAS LTD,55.00,65.69,55.00,61.83,62.80,55.26,,61.82,,,313426,19533074.05,2285,F1,1,,,,,
2026-09-04,2026-09-04,CM,NSE,STK,18659,INE182D01020,MARATHON,EQ,,,,,MARATHON NXTGEN REALT LTD,436.05,450.00,434.00,437.90,438.00,434.95,,437.98,,,388461,171862246.55,7019,F1,1,,,,,
2026-09-04,2026-09-04,CM,NSE,STK,18773,INE0QP001012,MARCO,SM,,,,,MARCO CABLE & CONDUCTOR L,32.80,32.80,31.15,31.15,31.15,32.20,,31.15,,,12000,382875.00,8,F1,1500,,,,,
2026-09-04,2026-09-04,CM,NSE,STK,4067,INE196A01026,MARICO,EQ,,,,,MARICO LIMITED,824.05,824.70,814.10,815.15,815.15,827.40,,815.15,,,1021459,835579944.30,32320,F1,1,,,,,
2026-09-04,2026-09-04,CM,NSE,STK,1328,INE01JE01028,MARINE,EQ,,,,,MARINE ELECTRICAL (I) LTD,432.00,442.95,426.70,432.15,430.50,430.40,,432.15,,,826123,359166550.35,22089,F1,1,,,,,
2026-09-04,2026-09-04,CM,NSE,STK,760204,INE0FW001016,MARKOLINES,EQ,,,,,MARKOLINES PAVEMENT TEC L,171.47,173.15,170.00,171.89,172.00,171.34,,171.90,,,251690,43202993.72,1111,F1,1,,,,,
2026-09-04,2026-09-04,CM,NSE,STK,10579,INE750C01026,MARKSANS,EQ,,,,,MARKSANS PHARMA LIMITED,333.00,335.45,323.45,326.75,327.80,332.20,,326.74,,,1654370,542841035.70,25469,F1,1,,,,,
2026-09-04,2026-09-04,CM,NSE,STK,761386,INE415B01044,MARSONS,EQ,,,,,MARSONS LIMITED,125.89,140.73,125.30,137.56,137.91,125.53,,137.56,,,12724657,1725581959.66,82782,F1,1,,,,,
2026-09-04,2026-09-04,CM,NSE,STK,761042,INE0X7G01013,MARUSHIKA,SM,,,,,MARUSHIKA TECHNOLOGY LTD,110.00,110.00,109.60,109.60,109.60,110.00,,109.60,,,3600,395040.00,3,F1,1200,,,,,
2026-09-04,2026-09-04,CM,NSE,STK,10999,INE585B01010,MARUTI,EQ,,,,,MARUTI SUZUKI INDIA LTD.,12880.00,12880.00,12656.00,12694.00,12694.00,12857.00,,12694.24,,,322752,4108282962.00,65754,F1,1,,,,,
2026-09-04,2026-09-04,CM,NSE,STK,199,INE348L01012,MASFIN,EQ,,,,,MAS FINANCIAL SERV LTD,295.00,296.85,292.80,295.00,295.20,292.70,,295.01,,,69659,20560066.05,7392,F1,1,,,,,
2026-09-04,2026-09-04,CM,NSE,STK,18727,INE885F01015,MASKINVEST,EQ,,,,,MASK INVESTMENTS LIMITED,140.00,150.72,140.00,148.64,146.15,143.55,,148.64,,,22,3239.78,7,F1,1,,,,,
2026-09-04,2026-09-04,CM,NSE,STK,24278,INE0SH001010,MASON,SM,,,,,MASON INFRATECH LIMITED,116.25,116.25,113.40,113.90,113.40,117.20,,113.90,,,10000,1147650.00,15,F1,500,,,,,
2026-09-04,2026-09-04,CM,NSE,STK,2124,INE759A01021,MASTEK,EQ,,,,,MASTEK LTD,1815.00,1831.90,1752.90,1772.90,1766.50,1792.60,,1772.79,,,94020,167078136.20,11844,F1,1,,,,,
2026-09-04,2026-09-04,CM,NSE,STK,19011,INE0OJM01017,MASTER,SM,,,,,MASTER COMPONENTS LIMITED,429.95,430.00,429.95,429.95,430.00,426.00,,429.95,,,1000,429975.00,2,F1,500,,,,,
2026-09-04,2026-09-04,CM,NSE,STK,27047,INE677D01037,MASTERTR,EQ,,,,,MASTER TRUST LIMITED,81.05,95.50,81.05,89.16,89.50,81.03,,89.15,,,8360812,761522949.41,43240,F1,1,,,,,
2026-09-04,2026-09-04,CM,NSE,STK,21726,INE866R01028,MATRIMONY,EQ,,,,,MATRIMONY.COM LIMITED,532.25,533.90,524.00,529.05,530.60,529.60,,529.05,,,7124,3767785.45,402,F1,1,,,,,
2026-09-04,2026-09-04,CM,NSE,STK,759945,INE132901013,MGSL,SM,,,,,MATRIX GEO SOLUTIONS LTD,75.05,76.50,72.50,73.80,73.90,74.55,,73.80,,,16800,1247340.00,13,F1,1200,,,,,
2026-09-04,2026-09-04,CM,NSE,STK,17022,INE636A01039,MAWANASUG,EQ,,,,,MAWANA SUGARS LIMITED,146.00,146.98,143.20,145.43,145.50,146.27,,145.40,,,186868,27046953.88,3781,F1,1,,,,,
2026-09-04,2026-09-04,CM,NSE,STK,19646,INE03EI01018,MAXESTATES,EQ,,,,,MAX ESTATES LIMITED,535.00,546.85,529.00,542.10,536.40,530.70,,542.24,,,111898,60054200.55,3876,F1,1,,,,,
2026-09-04,2026-09-04,CM,NSE,STK,2142,INE180A01020,MFSL,EQ,,,,,MAX FINANCIAL SERV LTD,1537.00,1569.00,1531.40,1548.40,1548.40,1537.00,,1548.40,,,543214,844436020.30,27632,F1,1,,,,,
2026-09-04,2026-09-04,CM,NSE,STK,22377,INE027H01010,MAXHEALTH,EQ,,,,,MAX HEALTHCARE INS LTD,994.90,1001.30,981.10,984.80,984.80,994.90,,984.80,,,1167047,1157409650.90,34531,F1,1,,,,,
2026-09-04,2026-09-04,CM,NSE,STK,22428,INE0CG601016,MAXIND,EQ,,,,,MAX INDIA LIMITED,154.00,154.58,150.10,150.66,150.45,152.89,,150.66,,,24712,3758782.29,906,F1,1,,,,,
2026-09-04,2026-09-04,CM,NSE,STK,21691,INE0ECC01022,MAXPOSURE,SM,,,,,MAXPOSURE LIMITED,29.30,30.70,29.30,29.80,29.80,29.00,,29.80,,,189000,5668650.00,26,F1,1000,,,,,
2026-09-04,2026-09-04,CM,NSE,STK,29645,INE10A501018,MAXVOLT,SM,,,,,MAXVOLT ENERGY INDUS L,328.40,334.70,321.25,324.80,328.50,328.40,,324.80,,,23600,7712900.00,55,F1,400,,,,,
2026-09-04,2026-09-04,CM,NSE,STK,28906,INE040D01038,MAYURUNIQ,EQ,,,,,MAYUR UNIQUOTERS LTD,730.00,737.50,727.50,734.85,735.35,728.80,,734.85,,,29504,21638954.85,1657,F1,1,,,,,
2026-09-04,2026-09-04,CM,NSE,STK,509,INE249Z01020,MAZDOCK,EQ,,,,,MAZAGON DOCK SHIPBUIL LTD,2489.00,2546.60,2475.00,2475.00,2475.00,2474.00,,2475.05,,,735425,1848934118.90,32127,F1,1,,,,,
2026-09-04,2026-09-04,CM,NSE,STK,18870,INE885E01042,MAZDA,BE,,,,,MAZDA LIMITED,269.45,274.20,260.00,270.00,267.00,272.85,,270.07,,,28256,7563625.80,270,F1,1,,,,,
2026-09-04,2026-09-04,CM,NSE,STK,18029,INE912H01013,MBLINFRA,EQ,,,,,MBL INFRASTRUCTURE LTD,25.00,25.00,24.00,24.30,24.26,24.44,,24.30,,,25935,630995.71,154,F1,1,,,,,
2026-09-04,2026-09-04,CM,NSE,STK,11943,INE942G01012,MCLEODRUSS,EQ,,,,,MCLEOD RUSSEL INDIA LTD.,46.41,47.99,46.00,46.30,46.25,46.61,,46.31,,,185910,8684197.66,1097,F1,1,,,,,
2026-09-04,2026-09-04,CM,NSE,STK,13687,INE748A01024,MBECL,BE,,,,,MCNALLY BHARAT ENGIN CO L,258.89,258.89,258.89,258.89,258.89,246.57,,258.89,,,2944,762172.16,78,F1,1,,,,,
2026-09-04,2026-09-04,CM,NSE,STK,14574,INE0O4M01019,MCON,SM,,,,,MCON RASAYAN INDIA LTD,44.60,44.60,44.00,44.00,44.00,42.50,,44.00,,,8000,356100.00,8,F1,1000,,,,,
2026-09-04,2026-09-04,CM,NSE,STK,21705,INE456Z01021,MEDIASSIST,EQ,,,,,MEDI ASSIST HEALTH SER L,341.65,348.50,338.50,340.35,339.10,343.95,,340.35,,,433407,148369566.65,12318,F1,1,,,,,
2026-09-04,2026-09-04,CM,NSE,STK,765110,INE442D01010,MEDICAPQ,EQ,,,,,MEDI CAPS LTD.,26.90,26.90,25.16,26.29,26.30,25.08,,26.28,,,1645,43479.31,38,F1,1,,,,,
2026-09-04,2026-09-04,CM,NSE,STK,762802,INE200D01020,MMWL,EQ,,,,,MEDIA MATRIX WORLDWIDE L,14.10,14.59,14.10,14.53,14.23,14.07,,14.46,,,8751,126608.37,170,F1,1,,,,,
2026-09-04,2026-09-04,CM,NSE,STK,6278,INE646B01010,MEDICAMEQ,EQ,,,,,MEDICAMEN BIOTECH LIMITED,262.00,276.80,260.65,270.25,271.75,259.40,,270.27,,,118422,31980469.70,2703,F1,1,,,,,
2026-09-04,2026-09-04,CM,NSE,STK,24239,INE0PE401018,MEDIORG,SM,,,,,MEDICAMEN ORGANICS LTD,26.50,26.70,26.50,26.50,26.50,25.65,,26.50,,,44000,1166400.00,10,F1,2000,,,,,
2026-09-04,2026-09-04,CM,NSE,STK,9667,INE630Y01024,MEDICO,EQ,,,,,MEDICO REMEDIES LIMITED,39.40,40.19,39.00,39.87,39.52,39.50,,39.87,,,52932,2087274.57,756,F1,1,,,,,
2026-09-04,2026-09-04,CM,NSE,STK,758423,INE0UOY01019,MEDISTEP,SM,,,,,MEDISTEP HEALTHCARE LTD,23.50,23.50,22.85,22.90,22.90,22.80,,22.90,,,12000,278250.00,3,F1,3000,,,,,
2026-09-04,2026-09-04,CM,NSE,STK,7254,INE804L01022,MEDPLUS,EQ,,,,,MEDPLUS HEALTH SERV LTD,660.65,691.35,650.20,676.35,663.05,660.65,,676.47,,,310867,208659458.25,12964,F1,1,,,,,
2026-09-04,2026-09-04,CM,NSE,STK,760229,INE0VDM01015,MEESHO,EQ,,,,,MEESHO LIMITED,209.74,216.67,207.87,209.00,209.98,209.74,,208.98,,,22949812,4878476094.93,129113,F1,1,,,,,
2026-09-04,2026-09-04,CM,NSE,STK,10971,INE0G1D01014,MEGAFLEX,SM,,,,,MEGA FLEX PLASTICS LTD,95.00,95.00,91.00,91.00,91.00,95.00,,91.00,,,6000,558000.00,5,F1,1000,,,,,
2026-09-04,2026-09-04,CM,NSE,STK,8153,INE00EM01016,MEGASTAR,EQ,,,,,MEGASTAR FOODS LIMITED,301.05,309.65,301.05,307.60,307.95,304.10,,307.60,,,2947,898508.35,114,F1,1,,,,,
2026-09-04,2026-09-04,CM,NSE,STK,22560,INE531R01010,MEGATHERM,SM,,,,,MEGATHERM INDUCTION LTD,207.00,232.95,207.00,228.75,232.95,205.10,,228.75,,,58000,12563740.00,98,F1,400,,,,,
2026-09-04,2026-09-04,CM,NSE,STK,5394,INE0CT101020,MOL,EQ,,,,,MEGHMANI ORGANICS LIMITED,68.23,68.75,66.28,66.66,66.28,67.52,,66.66,,,1538689,103459938.08,7566,F1,1,,,,,
2026-09-04,2026-09-04,CM,NSE,STK,764778,INE898Q01015,MIIL,EQ,,,,,MEGHNA INFRACON INFRA L,722.00,722.35,711.85,717.05,714.00,718.40,,717.13,,,82890,59301056.50,670,F1,1,,,,,
2026-09-04,2026-09-04,CM,NSE,STK,6971,INE071D01033,MENONBE,BE,,,,,MENON BEARINGS LIMITED,311.00,323.95,311.00,321.40,320.00,308.55,,321.41,,,202288,65288105.75,2953,F1,1,,,,,
2026-09-04,2026-09-04,CM,NSE,STK,762787,INE650G01029,MENNPIS,EQ,,,,,MENON PISTONS LTD.,74.82,79.46,74.78,77.64,77.80,74.82,,77.63,,,261863,20395542.82,4156,F1,1,,,,,
2026-09-04,2026-09-04,CM,NSE,STK,25882,INE776I01010,MEP,BZ,,,,,MEP INFRA. DEVELOPERS LTD,0.71,0.71,0.71,0.71,0.71,0.72,,0.71,,,13408,9519.68,32,F1,1,,,,,
2026-09-04,2026-09-04,CM,NSE,STK,762792,INE689O01013,MERCANTILE,EQ,,,,,MERCANTILE VENTURES LTD.,26.90,26.90,24.49,25.45,25.26,25.55,,25.66,,,550263,14209516.99,1130,F1,1,,,,,
2026-09-04,2026-09-04,CM,NSE,STK,763663,INE763M01028,MERCURYEV,EQ,,,,,MERCURY EV-TECH LIMITED,37.91,37.93,36.12,36.74,36.94,36.67,,36.72,,,41943,1543568.74,676,F1,1,,,,,
2026-09-04,2026-09-04,CM,NSE,STK,764278,INE1II801013,METALIC,ST,,,,,METALIC TECHNOFORGE LTD,135.00,141.50,134.50,134.65,135.00,137.00,,134.65,,,48000,6579920.00,27,F1,1600,,,,,
2026-09-04,2026-09-04,CM,NSE,STK,7242,INE317I01021,METROBRAND,EQ,,,,,METRO BRANDS LIMITED,915.65,935.00,909.00,929.15,927.00,915.65,,929.09,,,39468,36399647.95,4906,F1,1,,,,,
2026-09-04,2026-09-04,CM,NSE,STK,762797,INE085D01033,METROGLOBL,EQ,,,,,METROGLOBAL LTD.,137.00,139.50,133.25,136.14,137.99,137.00,,136.14,,,601,80959.70,44,F1,1,,,,,
2026-09-04,2026-09-04,CM,NSE,STK,9581,INE112L01020,METROPOLIS,EQ,,,,,METROPOLIS HEALTHCARE LTD,593.40,593.40,584.90,588.70,590.50,591.90,,589.49,,,239323,140920630.75,14831,F1,1,,,,,
2026-09-04,2026-09-04,CM,NSE,STK,7165,INE287C01037,MICEL,BE,,,,,MIC ELECTRONICS LTD,36.74,36.74,36.74,36.74,36.74,37.48,,36.58,,,82417,3028000.58,553,F1,1,,,,,
2026-09-04,2026-09-04,CM,NSE,STK,759517,INE0XAD01024,MIDWESTLTD,EQ,,,,,MIDWEST LIMITED,1064.90,1065.00,1053.00,1062.10,1057.20,1054.30,,1062.14,,,7030,7448518.80,725,F1,1,,,,,
2026-09-04,2026-09-04,CM,NSE,STK,765125,INE588G01021,MLKFOOD,EQ,,,,,MILKFOOD LTD.,83.55,85.00,82.50,83.63,84.78,82.62,,83.63,,,1824,152576.45,62,F1,1,,,,,
2026-09-04,2026-09-04,CM,NSE,STK,765272,INE00IT01020,MILKYMIST,EQ,,,,,MILKY MIST DAIRY FOOD L,255.00,260.59,249.50,252.43,252.95,252.89,,252.44,,,14599282,3704027052.08,107595,F1,1,,,,,
2026-09-04,2026-09-04,CM,NSE,STK,159,INE376Y01016,MILTON,SM,,,,,MILTON INDUSTRIES LIMITED,36.50,38.30,34.70,38.10,38.30,36.50,,38.10,,,19800,743270.00,8,F1,2200,,,,,
2026-09-04,2026-09-04,CM,NSE,STK,765118,INE097E01028,MINALIND,BE,,,,,MINAL INDUSTRIES LTD.,5.35,5.35,5.35,5.35,5.35,5.10,,5.35,,,73953,395648.55,113,F1,1,,,,,
2026-09-04,2026-09-04,CM,NSE,STK,25897,INE842C01021,MINDACORP,EQ,,,,,MINDA CORPORATION LTD,709.75,709.80,695.25,702.80,697.10,706.50,,702.26,,,199782,139972697.75,11199,F1,1,,,,,
2026-09-04,2026-09-04,CM,NSE,STK,22308,INE0CCU25019,MINDSPACE,RR,,,,,MINDSPACE BUSINESS P REIT,503.84,505.00,500.39,501.11,500.40,499.92,,501.11,,,139215,69893239.89,8265,F1,1,,,,,
2026-09-04,2026-09-04,CM,NSE,STK,18049,INE110B01017,MINDTECK,EQ,,,,,MINDTECK (INDIA) LIMITED,168.00,170.98,167.15,168.81,169.15,168.22,,168.81,,,17432,2950540.06,646,F1,1,,,,,
2026-09-04,2026-09-04,CM,NSE,STK,19640,INF769K01KU7,ALPHAETF,EQ,,,,,MIRAEAMC - ALPHAETF,26.50,26.71,26.49,26.58,26.62,26.52,,26.58,,,481962,12827348.87,696,F1,1,,,,,
2026-09-04,2026-09-04,CM,NSE,STK,17419,INF769K01KR3,BANKETF,EQ,,,,,MIRAEAMC - BANKETF,588.93,588.93,585.01,586.33,586.27,586.00,,586.33,,,18870,11077831.07,210,F1,1,,,,,
2026-09-04,2026-09-04,CM,NSE,STK,25725,INF769K01LZ4,BANKPSU,EQ,,,,,MIRAEAMC - BANKPSU,86.38,86.74,86.10,86.14,86.10,86.33,,86.14,,,11350,981124.43,76,F1,1,,,,,
2026-09-04,2026-09-04,CM,NSE,STK,28969,INF769K01NS5,CONSUMER,EQ,,,,,MIRAEAMC - CONSUMER,12.45,12.45,12.00,12.03,12.04,12.02,,12.03,,,487786,5871987.23,314,F1,1,,,,,
2026-09-04,2026-09-04,CM,NSE,STK,761046,INF769K01QC2,DEFENCE,EQ,,,,,MIRAEAMC - DEFENCE,81.75,82.57,81.59,81.99,81.81,81.45,,81.99,,,239629,19678953.87,881,F1,1,,,,,
2026-09-04,2026-09-04,CM,NSE,STK,760412,INF769K01PY8,DIVIDEND,EQ,,,,,MIRAEAMC - DIVIDEND,35.72,35.72,35.49,35.62,35.61,35.55,,35.62,,,2476,88047.11,61,F1,1,,,,,
2026-09-04,2026-09-04,CM,NSE,STK,759780,INF769K01PR2,ENERGY,EQ,,,,,MIRAEAMC - ENERGY,38.49,38.81,38.30,38.41,38.30,38.41,,38.40,,,274108,10543204.02,773,F1,1,,,,,
2026-09-04,2026-09-04,CM,NSE,STK,30121,INF769K01OA1,EQUAL200,EQ,,,,,MIRAEAMC - EQUAL200,13.95,13.95,13.81,13.82,13.82,13.83,,13.82,,,10167,140661.36,48,F1,1,,,,,
2026-09-04,2026-09-04,CM,NSE,STK,757142,INF769K01OO2,EQUAL50,EQ,,,,,MIRAEAMC - EQUAL50,329.56,330.22,329.40,330.22,330.22,329.56,,330.22,,,444,146412.62,8,F1,1,,,,,
2026-09-04,2026-09-04,CM,NSE,STK,24461,INF769K01LQ3,EVINDIA,EQ,,,,,MIRAEAMC - EVINDIA,32.80,32.80,32.38,32.44,32.46,32.67,,32.44,,,304394,9890195.36,1987,F1,1,,,,,
2026-09-04,2026-09-04,CM,NSE,STK,760986,INF769K01QA6,HEALTHCARE,EQ,,,,,MIRAEAMC - HEALTHCARE,22.06,22.06,21.48,21.51,21.54,21.63,,21.51,,,20094,433601.73,251,F1,1,,,,,
2026-09-04,2026-09-04,CM,NSE,STK,764333,INF769K01RJ5,HYBRIDETF,EQ,,,,,MIRAEAMC - HYBRIDETF,10.27,10.27,10.03,10.03,10.05,10.07,,10.03,,,41052,412539.52,97,F1,1,,,,,
2026-09-04,2026-09-04,CM,NSE,STK,761030,INF769K01QB4,INFRA,EQ,,,,,MIRAEAMC - INFRA,12.21,12.21,12.01,12.04,12.03,12.03,,12.05,,,14437,174063.96,135,F1,1,,,,,
2026-09-04,2026-09-04,CM,NSE,STK,758595,INF769K01PB6,INTERNET,EQ,,,,,MIRAEAMC - INTERNET,14.65,14.74,14.44,14.61,14.59,14.52,,14.61,,,534263,7811537.57,242,F1,1,,,,,
2026-09-04,2026-09-04,CM,NSE,STK,19633,INF769K01KV5,ITETF,EQ,,,,,MIRAEAMC - ITETF,33.05,33.17,32.50,32.54,32.59,32.69,,32.54,,,127150,4159325.24,481,F1,1,,,,,
2026-09-04,2026-09-04,CM,NSE,STK,765313,INF769K01RK3,LARGEMID50,EQ,,,,,MIRAEAMC - LARGEMID50,36.36,36.42,36.27,36.39,36.39,36.36,,36.38,,,2309,83919.80,14,F1,1,,,,,
2026-09-04,2026-09-04,CM,NSE,STK,17572,INF769K01KS1,LIQUID,EQ,,,,,MIRAEAMC - LIQUID,999.99,1000.00,999.99,999.99,1000.00,999.99,,999.99,,,328991,328989768.63,387,F1,1,,,,,
2026-09-04,2026-09-04,CM,NSE,STK,27075,INF769K01MY5,LIQUIDPLUS,EQ,,,,,MIRAEAMC - LIQUIDPLUS,1101.95,1102.03,1101.95,1102.01,1102.03,1101.63,,1102.01,,,233686,257525607.29,300,F1,1,,,,,
2026-09-04,2026-09-04,CM,NSE,STK,1200,INF769K01GS9,ESG,EQ,,,,,MIRAEAMC - MAESGETF,41.16,41.20,41.00,41.15,41.15,41.07,,41.15,,,2704,111332.66,53,F1,1,,,,,
2026-09-04,2026-09-04,CM,NSE,STK,3507,INF769K01HF4,MAFANG,EQ,,,,,MIRAEAMC - MAFANG,207.56,207.56,207.56,207.56,207.56,207.08,,207.56,,,59968,12446958.08,351,F1,1,,,,,
2026-09-04,2026-09-04,CM,NSE,STK,5220,INF769K01HI8,BFSI,EQ,,,,,MIRAEAMC - MAFSETF,27.61,27.61,27.02,27.17,27.15,27.02,,27.17,,,323149,8773794.06,608,F1,1,,,,,
2026-09-04,2026-09-04,CM,NSE,STK,14286,INF769K01JP9,GOLDETF,EQ,,,,,MIRAEAMC - MAGOLDETF,148.61,150.73,148.61,149.46,149.40,148.23,,149.46,,,1811520,270766313.90,4481,F1,1,,,,,
2026-09-04,2026-09-04,CM,NSE,STK,14938,INF769K01KF8,GSEC10YEAR,EQ,,,,,MIRAEAMC - MAGS813ETF,30.53,30.53,30.22,30.37,30.37,30.50,,30.37,,,616,18678.77,12,F1,1,,,,,
2026-09-04,2026-09-04,CM,NSE,STK,7074,INF769K01HS7,MAHKTECH,EQ,,,,,MIRAEAMC - MAHKTECH,22.10,22.10,22.10,22.10,22.10,22.26,,22.10,,,436637,9649677.70,473,F1,1,,,,,
2026-09-04,2026-09-04,CM,NSE,STK,8413,INF769K01IC9,MIDCAPETF,EQ,,,,,MIRAEAMC - MAM150ETF,24.23,24.23,23.70,23.73,23.74,23.75,,23.73,,,1238138,29437846.60,4406,F1,1,,,,,
2026-09-04,2026-09-04,CM,NSE,STK,7979,INF769K01IB1,MAKEINDIA,EQ,,,,,MIRAEAMC - MAMFGETF,165.42,165.79,165.06,165.23,165.37,165.47,,165.23,,,32053,5299652.90,383,F1,1,,,,,
2026-09-04,2026-09-04,CM,NSE,STK,6353,INF769K01EG9,NIFTYETF,EQ,,,,,MIRAEAMC - MAN50ETF,260.99,261.45,259.58,260.69,260.58,260.05,,260.69,,,110752,28888266.06,718,F1,1,,,,,
2026-09-04,2026-09-04,CM,NSE,STK,14786,INF769K01JU9,LOWVOL,EQ,,,,,MIRAEAMC - MANV30F,204.13,204.13,204.13,204.13,204.13,205.78,,204.13,,,1,204.13,1,F1,1,,,,,
2026-09-04,2026-09-04,CM,NSE,STK,17181,INF769K01FN2,NEXT50,EQ,,,,,MIRAEAMC - MANXT50,758.91,758.91,754.01,755.10,754.33,755.13,,755.09,,,85666,64744883.19,2449,F1,1,,,,,
2026-09-04,2026-09-04,CM,NSE,STK,16777,INF769K01KG6,SILVERAG,EQ,,,,,MIRAEAMC - MASILVER,229.69,229.69,225.34,227.02,227.00,224.43,,227.02,,,122655,27816770.35,2180,F1,1,,,,,
2026-09-04,2026-09-04,CM,NSE,STK,5782,INF769K01HP3,MASPTOP50,EQ,,,,,MIRAEAMC - MASPTOP50,79.86,79.86,79.86,79.86,79.86,79.26,,79.86,,,25819,2061905.34,131,F1,1,,,,,
2026-09-04,2026-09-04,CM,NSE,STK,25744,INF769K01LY7,METAL,EQ,,,,,MIRAEAMC - METAL,13.62,13.62,13.28,13.46,13.47,13.29,,13.46,,,1538895,20641122.15,3462,F1,1,,,,,
2026-09-04,2026-09-04,CM,NSE,STK,23855,INF769K01LJ8,MIDSMALL,EQ,,,,,MIRAEAMC - MIDSMALL,52.07,53.07,51.70,51.82,51.83,52.03,,51.82,,,148865,7724050.50,728,F1,1,,,,,
2026-09-04,2026-09-04,CM,NSE,STK,764198,INF769K01RC0,MOMMIDCAP,EQ,,,,,MIRAEAMC - MOMMIDCAP,13.01,13.07,12.98,12.99,12.99,13.02,,12.99,,,463054,6026349.49,472,F1,1,,,,,
2026-09-04,2026-09-04,CM,NSE,STK,25080,INF769K01LX9,MULTICAP,EQ,,,,,MIRAEAMC - MULTICAP,16.83,16.84,16.76,16.79,16.76,16.75,,16.79,,,75191,1262822.50,361,F1,1,,,,,
2026-09-04,2026-09-04,CM,NSE,STK,30109,INF769K01ON4,SELECTIPO,EQ,,,,,MIRAEAMC - SELECTIPO,48.70,48.96,48.58,48.65,48.72,48.72,,48.65,,,61110,2984005.29,128,F1,1,,,,,
2026-09-04,2026-09-04,CM,NSE,STK,19224,INF769K01KT9,SENSEXETF,EQ,,,,,MIRAEAMC - SENSEXETF,79.50,79.50,79.07,79.20,79.14,79.12,,79.15,,,14854,1176800.02,163,F1,1,,,,,
2026-09-04,2026-09-04,CM,NSE,STK,759814,INF769K01PQ4,SMALL250,EQ,,,,,MIRAEAMC - SMALL250,18.75,18.75,18.51,18.54,18.52,18.51,,18.54,,,194876,3617900.02,593,F1,1,,,,,
2026-09-04,2026-09-04,CM,NSE,STK,22832,INF769K01LC3,SMALLCAP,EQ,,,,,MIRAEAMC - SMALLCAP,49.25,49.40,47.73,48.90,49.22,49.06,,48.97,,,3500382,171723810.58,3340,F1,1,,,,,
2026-09-04,2026-09-04,CM,NSE,STK,760415,INF769K01PZ5,TOP20,EQ,,,,,MIRAEAMC - TOP20,8.90,8.91,8.86,8.88,8.87,8.88,,8.88,,,28580,254093.72,118,F1,1,,,,,
2026-09-04,2026-09-04,CM,NSE,STK,761511,INF769K01QV2,VALUE,EQ,,,,,MIRAEAMC - VALUE,16.12,16.17,16.07,16.15,16.15,16.09,,16.15,,,15902,256288.91,52,F1,1,,,,,
2026-09-04,2026-09-04,CM,NSE,STK,4394,INE771A01026,MIRZAINT,EQ,,,,,MIRZA INTERNATIONAL LIMIT,30.70,31.50,30.70,30.96,30.82,30.99,,30.96,,,65986,2047715.05,685,F1,1,,,,,
2026-09-04,2026-09-04,CM,NSE,STK,2463,INE099Z01011,MIDHANI,EQ,,,,,MISHRA DHATU NIGAM LTD,417.00,428.20,416.30,418.80,420.30,416.90,,418.80,,,562610,236881910.30,14315,F1,1,,,,,
2026-09-04,2026-09-04,CM,NSE,STK,8475,INE828O01033,MITCON,BE,,,,,MITCON CON & ENG SER LTD,78.00,78.25,77.80,77.80,77.80,78.00,,77.80,,,1066,83051.30,22,F1,1,,,,,
2026-09-04,2026-09-04,CM,NSE,STK,18562,INE997Y01027,MITTAL,EQ,,,,,MITTAL LIFE STYLE LIMITED,0.80,0.82,0.78,0.80,0.82,0.78,,0.80,,,713212,569834.67,362,F1,1,,,,,
2026-09-04,2026-09-04,CM,NSE,STK,13844,INE227C01017,MMFL,EQ,,,,,MM FORGINGS LTD,643.80,649.90,620.00,630.10,629.65,641.80,,630.03,,,163248,103245201.55,7658,F1,1,,,,,
2026-09-04,2026-09-04,CM,NSE,STK,16395,INE511Y01018,MMP,EQ,,,,,MMP INDUSTRIES LIMITED,399.90,404.95,383.35,404.15,400.00,395.95,,404.15,,,112103,44513699.20,2401,F1,1,,,,,
2026-09-04,2026-09-04,CM,NSE,STK,17957,INE123F01029,MMTC,EQ,,,,,MMTC LIMITED,62.61,66.20,62.53,64.18,64.19,62.32,,64.18,,,8443462,548945723.35,38101,F1,1,,,,,
2026-09-04,2026-09-04,CM,NSE,STK,760196,INE1YNB01019,MOBILISE,SM,,,,,MOBILISE APP LAB LIMITED,108.15,108.15,108.15,108.15,108.15,113.75,,108.15,,,1600,173040.00,1,F1,1600,,,,,
2026-09-04,2026-09-04,CM,NSE,STK,2241,INE794W01014,MODTHREAD,EQ,,,,,MODERN THREADS INDIA LTD,53.00,55.98,53.00,54.37,55.00,53.39,,54.39,,,12306,666704.23,178,F1,1,,,,,
2026-09-04,2026-09-04,CM,NSE,STK,760277,INE537F01012,MODINATUR,EQ,,,,,MODI NATURALS LIMITED,345.10,345.10,328.00,340.95,338.40,334.30,,340.95,,,3782,1289992.20,147,F1,1,,,,,
2026-09-04,2026-09-04,CM,NSE,STK,2229,INE832A01018,MODIRUBBER,EQ,,,,,MODI RUBBER LTD,135.38,135.38,130.42,131.30,131.00,131.83,,131.30,,,1186,157077.78,72,F1,1,,,,,
2026-09-04,2026-09-04,CM,NSE,STK,759752,INE0L0L01012,MODIS,EQ,,,,,MODIS NAVNIRMAN LTD,377.50,383.80,376.60,380.85,378.00,379.10,,380.86,,,11292,4293558.80,502,F1,1,,,,,
2026-09-04,2026-09-04,CM,NSE,STK,3316,INE737D01021,MODISONLTD,EQ,,,,,MODISON LIMITED,479.20,494.65,469.95,469.95,469.95,494.65,,469.93,,,412447,196800998.20,6839,F1,1,,,,,
2026-09-04,2026-09-04,CM,NSE,STK,29423,INE954E01012,MOHITIND,EQ,,,,,MOHIT INDUSTRIES LTD,24.99,24.99,23.37,23.78,23.73,23.72,,23.78,,,10348,244749.72,86,F1,1,,,,,
2026-09-04,2026-09-04,CM,NSE,STK,765130,INE154B01023,MOHITE,EQ,,,,,MOHITE INDUSTRIES LTD.,2.80,2.84,2.60,2.79,2.80,2.80,,2.79,,,133842,367484.00,151,F1,1,,,,,
2026-09-04,2026-09-04,CM,NSE,STK,20830,INE490G01020,MOIL,EQ,,,,,MOIL LIMITED,252.70,253.70,249.97,252.30,252.55,250.68,,252.29,,,505504,127219892.97,9610,F1,1,,,,,
2026-09-04,2026-09-04,CM,NSE,STK,3586,INE514Y01020,MOKSH,EQ,,,,,MOKSH ORNAMENTS LIMITED,9.99,10.20,9.99,10.07,10.05,9.98,,10.07,,,112542,1135930.61,268,F1,1,,,,,
2026-09-04,2026-09-04,CM,NSE,STK,764548,INE869T01028,MOLBIO,EQ,,,,,MOLBIO DIAGNOSTICS LTD,1139.90,1177.00,1117.20,1160.50,1158.90,1135.20,,1160.57,,,594273,680920445.30,23770,F1,1,,,,,
2026-09-04,2026-09-04,CM,NSE,STK,6713,INE893J01029,MOLDTKPAC,EQ,,,,,MOLD-TEK PACKAGING LTD,702.85,710.05,700.00,706.65,708.00,699.60,,706.64,,,36489,25731025.90,1951,F1,1,,,,,
2026-09-04,2026-09-04,CM,NSE,STK,17629,INE835B01035,MOLDTECH,BE,,,,,MOLD-TEK TECHNOLOGIES LTD,207.00,215.00,200.55,208.96,209.30,207.31,,208.71,,,27919,5819394.72,446,F1,1,,,,,
2026-09-04,2026-09-04,CM,NSE,STK,7679,INE903D01011,MONARCH,EQ,,,,,MONARCH NETWORTH CAP LTD,380.10,382.65,373.00,377.90,377.00,381.30,,377.90,,,77678,29316751.50,1927,F1,1,,,,,
2026-09-04,2026-09-04,CM,NSE,STK,759381,INE296Q01012,MONEYBOXX,EQ,,,,,MONEYBOXX FINANCE LIMITED,56.93,68.66,56.93,58.80,58.79,57.22,,58.81,,,92042,5791805.15,1040,F1,1,,,,,
2026-09-04,2026-09-04,CM,NSE,STK,18392,INE0OIP01012,MONOPHARMA,SM,,,,,MONO PHARMACARE LIMITED,8.65,8.95,8.65,8.95,8.95,8.95,,8.95,,,6000,53100.00,3,F1,2000,,,,,
2026-09-04,2026-09-04,CM,NSE,STK,756958,INE1DV401010,MONOLITH,SM,,,,,MONOLITHISCH INDIA LTD,1295.00,1295.00,1240.00,1265.65,1284.00,1286.10,,1265.65,,,33250,42226700.00,101,F1,250,,,,,
2026-09-04,2026-09-04,CM,NSE,STK,5938,INE950M01013,MONTECARLO,EQ,,,,,MONTE CARLO FASHIONS LTD.,567.40,577.00,562.15,574.50,574.00,564.45,,574.92,,,53976,30752426.25,2042,F1,1,,,,,
2026-09-04,2026-09-04,CM,NSE,STK,2259,INE083A01026,MOREPENLAB,EQ,,,,,MOREPEN LAB. LTD,117.91,118.00,112.55,113.74,113.60,117.45,,113.74,,,17563502,2017342713.96,68746,F1,1,,,,,
2026-09-04,2026-09-04,CM,NSE,STK,15057,INE0N7S01028,MOS,ST,,,,,MOS UTILITY LIMITED,7.55,7.55,7.55,7.55,7.55,7.90,,7.55,,,152000,1147600.00,30,F1,4000,,,,,
2026-09-04,2026-09-04,CM,NSE,STK,29459,INE935B01025,MOSCHIP,EQ,,,,,MOSCHIP TECHNOLOGIES LTD,213.56,215.19,211.11,212.22,212.40,213.57,,212.23,,,1176516,250563929.33,14637,F1,1,,,,,
2026-09-04,2026-09-04,CM,NSE,STK,8596,INE0FS801015,MSUMI,EQ,,,,,MOTHERSON SUMI WRNG IND L,36.81,37.05,36.18,36.52,36.57,37.03,,36.52,,,12064648,440018643.31,36139,F1,1,,,,,
2026-09-04,2026-09-04,CM,NSE,STK,21423,INF247L01023,MOM100,EQ,,,,,MOTILAL OS MIDCAP100 ETF,68.60,68.73,68.00,68.18,68.12,68.18,,68.18,,,153254,10472419.94,2100,F1,1,,,,,
2026-09-04,2026-09-04,CM,NSE,STK,22739,INF247L01AP3,MON100,EQ,,,,,MOTILAL OS NASDAQ100 ETF,324.67,324.67,324.67,324.67,324.67,323.86,,324.67,,,70173,22783067.91,747,F1,1,,,,,
2026-09-04,2026-09-04,CM,NSE,STK,14947,INE338I01027,MOTILALOFS,EQ,,,,,MOTILAL OSWAL FIN LTD,1023.00,1040.80,1022.80,1037.00,1037.00,1012.80,,1036.67,,,807197,833675139.90,27936,F1,1,,,,,
2026-09-04,2026-09-04,CM,NSE,STK,19289,INF247L01536,MOM50,EQ,,,,,MOTILAL OSWAL M50 ETF,250.29,252.00,250.29,251.47,252.00,250.41,,251.47,,,1830,459430.41,81,F1,1,,,,,
2026-09-04,2026-09-04,CM,NSE,STK,1507,INF247L01AK4,MOGSEC,EQ,,,,,MOTILALAMC - G5,65.38,65.70,65.34,65.69,65.62,65.40,,65.70,,,1982,129963.11,26,F1,1,,,,,
2026-09-04,2026-09-04,CM,NSE,STK,757669,INF247L01FR8,MOALPHA50,EQ,,,,,MOTILALAMC - MOALPHA50,56.36,57.50,56.16,56.36,56.45,56.62,,56.36,,,5914,333230.89,80,F1,1,,,,,
2026-09-04,2026-09-04,CM,NSE,STK,761693,INF247L01GV8,MOBANK10,EQ,,,,,MOTILALAMC - MOBANK10,17.00,17.00,16.85,16.95,16.96,16.90,,16.95,,,868,14682.08,42,F1,1,,,,,
2026-09-04,2026-09-04,CM,NSE,STK,30065,INF247L01EV3,MOCAPITAL,EQ,,,,,MOTILALAMC - MOCAPITAL,55.14,55.14,54.02,54.50,54.60,53.80,,54.50,,,682395,37214197.57,2510,F1,1,,,,,
2026-09-04,2026-09-04,CM,NSE,STK,24944,INF247L01DJ0,MODEFENCE,EQ,,,,,MOTILALAMC - MODEFENCE,106.90,107.97,106.50,107.14,107.34,106.05,,107.13,,,3442112,370564298.03,6810,F1,1,,,,,
2026-09-04,2026-09-04,CM,NSE,STK,759374,INF247L01GH7,MOENERGY,EQ,,,,,MOTILALAMC - MOENERGY,38.00,38.99,37.86,38.42,38.42,38.31,,38.42,,,118745,4561870.79,534,F1,1,,,,,
2026-09-04,2026-09-04,CM,NSE,STK,757791,INF247L01FY4,MOGOLD,EQ,,,,,MOTILALAMC - MOGOLD,150.55,153.00,150.55,151.75,151.65,150.65,,151.76,,,39281,5969146.35,609,F1,1,,,,,
2026-09-04,2026-09-04,CM,NSE,STK,10508,INF247L01BB1,MOHEALTH,EQ,,,,,MOTILALAMC - MOHEALTH,52.68,52.68,51.67,51.84,51.92,52.17,,51.84,,,31140,1617347.98,585,F1,1,,,,,
2026-09-04,2026-09-04,CM,NSE,STK,757031,INF247L01FL1,MOINFRA,EQ,,,,,MOTILALAMC - MOINFRA,58.70,58.70,58.45,58.68,58.61,58.66,,58.68,,,1827,107114.18,27,F1,1,,,,,
2026-09-04,2026-09-04,CM,NSE,STK,759891,INF247L01GI5,MOIPO,EQ,,,,,MOTILALAMC - MOIPO,48.69,51.00,48.65,49.15,48.93,48.74,,49.15,,,23258,1142614.04,63,F1,1,,,,,
2026-09-04,2026-09-04,CM,NSE,STK,8654,INF247L01BL0,MOLOWVOL,EQ,,,,,MOTILALAMC - MOLOWVOL,36.09,36.21,35.97,36.12,36.21,36.35,,36.12,,,3927,141649.99,89,F1,1,,,,,
2026-09-04,2026-09-04,CM,NSE,STK,25606,INF247L01DK8,MOMENTUM50,EQ,,,,,MOTILALAMC - MOMENTUM50,54.54,54.55,53.78,54.38,54.50,54.25,,54.38,,,675732,36727559.76,1403,F1,1,,,,,
2026-09-04,2026-09-04,CM,NSE,STK,764402,INF247L01HG7,MOMETAL,EQ,,,,,MOTILALAMC - MOMETAL,13.21,13.41,13.16,13.32,13.41,13.16,,13.32,,,9735,129879.20,25,F1,1,,,,,
2026-09-04,2026-09-04,CM,NSE,STK,757099,INF247L01FK3,MOMGF,EQ,,,,,MOTILALAMC - MOMGF,161.93,170.00,161.93,165.66,163.00,162.74,,165.66,,,315,51168.06,28,F1,1,,,,,
2026-09-04,2026-09-04,CM,NSE,STK,757817,INF247L01FQ0,MOMIDMTM,EQ,,,,,MOTILALAMC - MOMIDMTM,64.70,64.89,64.50,64.55,64.50,64.70,,64.55,,,59852,3869045.06,273,F1,1,,,,,
2026-09-04,2026-09-04,CM,NSE,STK,760054,INF247L01GK1,MOMNC,EQ,,,,,MOTILALAMC - MOMNC,33.00,33.00,32.15,32.19,32.19,32.29,,32.19,,,2895,93115.36,23,F1,1,,,,,
2026-09-04,2026-09-04,CM,NSE,STK,8182,INF247L01BK2,MOMOMENTUM,EQ,,,,,MOTILALAMC - MOMOMENTUM,61.92,62.62,61.56,62.27,62.51,62.18,,62.31,,,43375,2693998.75,340,F1,1,,,,,
2026-09-04,2026-09-04,CM,NSE,STK,756900,INF247L01FC0,MON50EQUAL,EQ,,,,,MOTILALAMC - MON50EQUAL,33.30,33.30,32.98,33.17,33.17,33.16,,33.17,,,6254,206845.56,61,F1,1,,,,,
2026-09-04,2026-09-04,CM,NSE,STK,757167,INF247L01FD8,MONEXT50,EQ,,,,,MOTILALAMC - MONEXT50,73.05,73.33,72.84,73.14,73.26,73.05,,73.14,,,1755,128053.28,54,F1,1,,,,,
2026-09-04,2026-09-04,CM,NSE,STK,759371,INF247L01GG9,MONIFTY100,EQ,,,,,MOTILALAMC - MONIFTY100,25.28,25.35,25.20,25.32,25.32,25.17,,25.32,,,23737,600887.34,46,F1,1,,,,,
2026-09-04,2026-09-04,CM,NSE,STK,19237,INF247L01BU1,MONIFTY500,EQ,,,,,MOTILALAMC - MONIFTY500,23.80,23.93,23.80,23.91,23.93,23.80,,23.91,,,249509,5962043.40,1019,F1,1,,,,,
2026-09-04,2026-09-04,CM,NSE,STK,7422,INF247L01AU3,MONQ50,EQ,,,,,MOTILALAMC - MONQ50,141.93,141.93,141.93,141.93,141.93,141.73,,141.93,,,17832,2530895.76,95,F1,1,,,,,
2026-09-04,2026-09-04,CM,NSE,STK,764405,INF247L01HH5,MOOILGAS,EQ,,,,,MOTILALAMC - MOOILGAS,11.21,11.29,11.19,11.29,11.29,11.21,,11.29,,,6633,74854.49,36,F1,1,,,,,
2026-09-04,2026-09-04,CM,NSE,STK,757431,INF247L01FO5,MOPSE,EQ,,,,,MOTILALAMC - MOPSE,99.46,102.50,99.42,101.57,99.74,99.40,,101.57,,,217,21691.95,20,F1,1,,,,,
2026-09-04,2026-09-04,CM,NSE,STK,10822,INF247L01BH8,MOQUALITY,EQ,,,,,MOTILALAMC - MOQUALITY,199.49,199.53,198.14,198.73,198.73,199.01,,198.73,,,1467,291916.19,27,F1,1,,,,,
2026-09-04,2026-09-04,CM,NSE,STK,23184,INF247L01CI4,MOREALTY,EQ,,,,,MOTILALAMC - MOREALTY,92.00,92.55,90.12,90.84,90.50,91.75,,90.84,,,2200446,200892110.46,2616,F1,1,,,,,
2026-09-04,2026-09-04,CM,NSE,STK,760001,INF247L01GJ3,MOSERVICE,EQ,,,,,MOTILALAMC - MOSERVICE,30.91,30.99,30.90,30.91,30.91,30.64,,30.91,,,4297,132823.85,21,F1,1,,,,,
2026-09-04,2026-09-04,CM,NSE,STK,758457,INF247L01FZ1,MOSILVER,EQ,,,,,MOTILALAMC - MOSILVER,231.14,231.15,228.28,230.02,230.40,227.19,,230.02,,,20361,4683510.15,747,F1,1,,,,,
2026-09-04,2026-09-04,CM,NSE,STK,23181,INF247L01CH6,MOSMALL250,EQ,,,,,MOTILALAMC - MOSMALL250,18.96,18.96,18.45,18.52,18.58,18.55,,18.52,,,1698632,31489971.79,1854,F1,1,,,,,
2026-09-04,2026-09-04,CM,NSE,STK,757443,INF247L01FP2,MOTOUR,EQ,,,,,MOTILALAMC - MOTOUR,78.21,78.21,77.63,77.74,77.63,77.89,,77.74,,,14189,1105062.30,128,F1,1,,,,,
2026-09-04,2026-09-04,CM,NSE,STK,10825,INF247L01BE5,MOVALUE,EQ,,,,,MOTILALAMC - MOVALUE,115.00,115.00,112.80,113.26,112.80,112.80,,113.21,,,33586,3801886.75,499,F1,1,,,,,
2026-09-04,2026-09-04,CM,NSE,STK,20788,INE0FRK01020,MOTISONS,EQ,,,,,MOTISONS JEWELLERS LTD,15.21,17.50,15.21,16.48,16.60,15.37,,16.48,,,123701270,2045895817.23,165631,F1,1,,,,,
2026-09-04,2026-09-04,CM,NSE,STK,8793,INE861B01023,MOTOGENFIN,BE,,,,,MOTOR & GENERAL FINANCE L,27.72,29.00,27.72,28.71,28.75,27.97,,28.71,,,38267,1091292.06,74,F1,1,,,,,
2026-09-04,2026-09-04,CM,NSE,STK,757810,INE0XM301010,MMEL,SM,,,,,MOVING MEDIA ENTER LTD,24.55,25.75,24.00,25.25,25.25,24.50,,25.25,,,54000,1334200.00,20,F1,2000,,,,,
2026-09-04,2026-09-04,CM,NSE,STK,765138,INE493H01014,MPDL,BE,,,,,MPDL LTD.,34.89,34.89,33.00,33.98,33.99,33.23,,33.97,,,957,32901.88,18,F1,1,,,,,
2026-09-04,2026-09-04,CM,NSE,STK,4503,INE356A01018,MPHASIS,EQ,,,,,MPHASIS LIMITED,2482.00,2502.70,2417.30,2422.00,2422.00,2471.00,,2422.00,,,160732,393634995.00,13534,F1,1,,,,,
2026-09-04,2026-09-04,CM,NSE,STK,10578,INE943D01017,MPSLTD,EQ,,,,,MPS LIMITED,2633.60,2700.00,2631.60,2658.90,2650.10,2620.60,,2658.70,,,15166,40413315.80,2535,F1,1,,,,,
2026-09-04,2026-09-04,CM,NSE,STK,2277,INE883A01011,MRF,EQ,,,,,MRF LTD,130950.00,131080.00,129705.00,129945.00,130000.00,130510.00,,129946.55,,,4656,606101075.00,2742,F1,1,,,,,
2026-09-04,2026-09-04,CM,NSE,STK,2283,INE103A01014,MRPL,EQ,,,,,MRPL,176.40,178.90,174.25,174.83,175.40,175.99,,174.83,,,3031271,533725531.34,20658,F1,1,,,,,
2026-09-04,2026-09-04,CM,NSE,STK,1628,INE495P01020,BECTORFOOD,EQ,,,,,MRS BECTORS FOOD SPE LTD,230.01,231.70,225.16,225.96,226.50,229.41,,225.96,,,493507,112658542.46,13225,F1,1,,,,,
2026-09-04,2026-09-04,CM,NSE,STK,11919,INE752G01015,MSPL,EQ,,,,,MSP STEEL & POWER LTD.,35.79,35.80,35.01,35.40,35.48,35.34,,35.39,,,334614,11826438.24,1689,F1,1,,,,,
2026-09-04,2026-09-04,CM,NSE,STK,9356,INE255X01014,MSTCLTD,EQ,,,,,MSTC LIMITED,746.55,749.00,724.00,734.20,736.00,744.25,,734.19,,,159233,117279477.20,6930,F1,1,,,,,
2026-09-04,2026-09-04,CM,NSE,STK,31413,INE472M01018,MTEDUCARE,BE,,,,,MT EDUCARE LTD,1.77,1.77,1.70,1.77,1.77,1.69,,1.77,,,30604,54166.63,61,F1,1,,,,,
2026-09-04,2026-09-04,CM,NSE,STK,2715,INE864I01014,MTARTECH,BE,,,,,MTAR TECHNOLOGIES LIMITED,6930.00,7161.00,6850.00,7161.00,7161.00,6820.00,,7160.98,,,222417,1578958408.00,16894,F1,1,,,,,
2026-09-04,2026-09-04,CM,NSE,STK,19783,INE08KJ01020,MUFIN,EQ,,,,,MUFIN GREEN FINANCE LTD,137.45,138.78,136.42,137.56,136.87,136.92,,137.56,,,1131652,155843904.35,4050,F1,1,,,,,
2026-09-04,2026-09-04,CM,NSE,STK,11325,INE304A01026,MUKANDLTD,EQ,,,,,MUKAND LTD.,133.49,134.90,132.81,134.44,134.20,132.97,,134.44,,,44731,5988101.81,684,F1,1,,,,,
2026-09-04,2026-09-04,CM,NSE,STK,764788,INE596B01017,MUKESHB,EQ,,,,,MUKESH BABU FINANC SER L,134.00,134.00,133.90,133.91,133.99,134.00,,133.96,,,312,41798.05,5,F1,1,,,,,
2026-09-04,2026-09-04,CM,NSE,STK,22980,INE0CG401037,MUKKA,EQ,,,,,MUKKA PROTEINS LIMITED,29.99,32.44,28.96,31.34,31.30,28.72,,31.34,,,6910108,212354826.68,25607,F1,1,,,,,
2026-09-04,2026-09-04,CM,NSE,STK,8691,INE374B01019,MUKTAARTS,BE,,,,,MUKTA ARTS LIMITED,54.98,58.90,54.98,58.90,58.90,56.10,,59.14,,,13799,811374.93,64,F1,1,,,,,
2026-09-04,2026-09-04,CM,NSE,STK,31181,INE745G01043,MCX,EQ,,,,,MULTI COMMODITY EXCHANGE,3187.80,3287.40,3165.60,3275.40,3275.40,3170.20,,3275.39,,,2485731,8037835436.70,89140,F1,1,,,,,
2026-09-04,2026-09-04,CM,NSE,STK,759416,INE1K8Y01018,MUNISH,SM,,,,,MUNISH FORGE LIMITED,82.00,83.95,82.00,83.05,83.05,82.55,,83.05,,,15600,1294980.00,12,F1,1200,,,,,
2026-09-04,2026-09-04,CM,NSE,STK,13511,INE672B01032,MUNJALAU,EQ,,,,,MUNJAL AUTO IND. LTD.,113.45,114.99,111.34,112.28,112.10,112.92,,112.28,,,317397,35752752.87,4135,F1,1,,,,,
2026-09-04,2026-09-04,CM,NSE,STK,2307,INE577A01027,MUNJALSHOW,EQ,,,,,MUNJAL SHOWA LTD,129.27,130.80,128.10,129.21,129.80,129.27,,129.24,,,19122,2485181.68,424,F1,1,,,,,
2026-09-04,2026-09-04,CM,NSE,STK,2313,INE692B01014,MURUDCERA,EQ,,,,,MURUDESHWAR CERAMICS LTD,30.45,30.48,29.45,29.66,29.71,29.97,,29.64,,,15994,476446.08,227,F1,1,,,,,
2026-09-04,2026-09-04,CM,NSE,STK,19877,INE919I01024,RADIOCITY,EQ,,,,,MUSIC BROADCAST LIMITED,6.21,6.38,6.21,6.28,6.30,6.24,,6.28,,,60215,377785.29,128,F1,1,,,,,
2026-09-04,2026-09-04,CM,NSE,STK,10415,INE296G01013,MUTHOOTCAP,EQ,,,,,MUTHOOT CAP SERV LTD,248.00,249.88,238.90,241.72,240.75,243.75,,241.84,,,9133,2220704.05,465,F1,1,,,,,
2026-09-04,2026-09-04,CM,NSE,STK,23650,INE414G01012,MUTHOOTFIN,EQ,,,,,MUTHOOT FINANCE LIMITED,2971.00,2979.90,2913.00,2913.80,2913.80,2926.50,,2913.87,,,583485,1712851706.40,41017,F1,1,,,,,
2026-09-04,2026-09-04,CM,NSE,STK,20831,INE046W01019,MUTHOOTMF,EQ,,,,,MUTHOOT MICROFIN LIMITED,208.99,209.55,204.80,205.29,207.00,206.89,,205.30,,,177382,36661543.02,2299,F1,1,,,,,
2026-09-04,2026-09-04,CM,NSE,STK,764397,INE0OWZ01020,MVELECTRO,EQ,,,,,MV ELECTROSYSTEMS LIMITED,730.65,752.40,710.00,729.70,724.00,730.65,,729.67,,,3173336,2323805264.80,58930,F1,1,,,,,
2026-09-04,2026-09-04,CM,NSE,STK,25208,INE0RVQ01016,MYMUDRA,SM,,,,,MY MUDRA FINCORP LIMITED,66.35,74.00,66.35,72.00,72.00,70.00,,72.00,,,16800,1208580.00,11,F1,1200,,,,,
2026-09-04,2026-09-04,CM,NSE,STK,8220,INE741A01011,MYSORPETRO,BE,,,,,MYSORE PETRO CHEMICALS L,125.51,127.95,122.00,127.12,127.90,124.89,,127.12,,,5905,747918.62,73,F1,1,,,,,
2026-09-04,2026-09-04,CM,NSE,STK,20314,INE740D01017,NRAIL,EQ,,,,,N R AGARWAL INDS LTD,498.95,595.25,496.05,584.00,595.00,496.05,,583.78,,,157426,89869362.85,5383,F1,1,,,,,
2026-09-04,2026-09-04,CM,NSE,STK,757489,INE104101014,NRVANDANA,SM,,,,,N R VANDANA TEX IND LTD,69.90,69.90,69.90,69.90,69.90,68.10,,69.90,,,3000,209700.00,1,F1,3000,,,,,
2026-09-04,2026-09-04,CM,NSE,STK,764798,INE920C01017,NTCIND,EQ,,,,,N T C INDUSTRIES LTD.,139.00,139.00,130.26,133.16,133.15,132.95,,134.92,,,7739,1057015.13,169,F1,1,,,,,
2026-09-04,2026-09-04,CM,NSE,STK,19111,INE365I01020,NBIFIN,EQ,,,,,N.B.I. IND. FIN. CO. LTD,1971.70,1998.60,1960.00,1981.90,1985.00,1983.40,,1981.90,,,5313,10446802.90,51,F1,1,,,,,
2026-09-04,2026-09-04,CM,NSE,STK,20425,INE295D01020,NACLIND,EQ,,,,,NACL INDUSTRIES LIMITED,166.00,168.45,165.21,166.84,167.80,166.45,,166.89,,,220617,36785293.77,3809,F1,1,,,,,
2026-09-04,2026-09-04,CM,NSE,STK,18371,INE756C01015,NDGL,EQ,,,,,NAGA DHUNSERI GROUP LTD,2760.00,2840.00,2735.50,2787.70,2785.00,2757.60,,2787.70,,,392,1092511.60,77,F1,1,,,,,
2026-09-04,2026-09-04,CM,NSE,STK,14942,INE245I01016,NAGREEKCAP,EQ,,,,,NAGREEKA CAP & INFR.LTD,22.87,23.34,22.22,23.25,23.34,22.87,,23.25,,,2918,66232.31,88,F1,1,,,,,
2026-09-04,2026-09-04,CM,NSE,STK,14702,INE123B01028,NAGREEKEXP,EQ,,,,,NAGREEKA EXPORTS LTD.,21.10,25.00,20.81,24.10,22.50,21.30,,24.08,,,411783,9398787.95,516,F1,1,,,,,
2026-09-04,2026-09-04,CM,NSE,STK,15360,INE049I01012,NAHARCAP,EQ,,,,,NAHAR CAP & FIN.,259.50,261.90,258.00,261.75,261.85,259.50,,261.61,,,798,207017.70,29,F1,1,,,,,
2026-09-04,2026-09-04,CM,NSE,STK,13106,INE289A01011,NAHARINDUS,EQ,,,,,NAHAR INDS ENT LTD,137.96,139.23,136.23,137.63,136.60,137.96,,137.63,,,17477,2408226.73,408,F1,1,,,,,
2026-09-04,2026-09-04,CM,NSE,STK,14445,INE308A01027,NAHARPOLY,EQ,,,,,NAHAR POLY FILMS LIMITED,247.86,247.86,239.40,244.54,243.10,248.39,,244.54,,,12772,3112272.04,365,F1,1,,,,,
2026-09-04,2026-09-04,CM,NSE,STK,14440,INE290A01027,NAHARSPING,EQ,,,,,NAHAR SPINNING MILLS LTD.,295.70,296.00,288.10,289.80,290.05,293.00,,289.80,,,36995,10772032.40,966,F1,1,,,,,
2026-09-04,2026-09-04,CM,NSE,STK,5401,INE236Y01012,NGIL,EQ,,,,,NAKODA GROUP OF IND. LTD,41.04,41.04,39.55,40.58,39.75,40.24,,40.58,,,5259,211195.10,40,F1,1,,,,,
2026-09-04,2026-09-04,CM,NSE,STK,11239,INE023A01030,NSIL,EQ,,,,,NALWA SONS INVESTMENT LTD,5683.00,5799.00,5636.00,5721.50,5701.00,5683.00,,5721.52,,,4333,24819823.00,454,F1,1,,,,,
2026-09-04,2026-09-04,CM,NSE,STK,23379,INE0RJM01010,NAMAN,SM,,,,,NAMAN INDUSTRE PRXIMA LTD,40.10,40.10,40.10,40.10,40.10,40.00,,40.10,,,3200,128320.00,4,F1,800,,,,,
2026-09-04,2026-09-04,CM,NSE,STK,25170,INE08NZ01012,NAMOEWASTE,ST,,,,,NAMO EWASTE MANAGEMENT L,264.90,275.30,262.15,274.10,272.00,262.20,,274.10,,,32000,8683240.00,40,F1,800,,,,,
2026-09-04,2026-09-04,CM,NSE,STK,31258,INE875G01048,NDL,EQ,,,,,NANDAN DENIM LIMITED,2.83,2.87,2.80,2.83,2.85,2.83,,2.83,,,1205958,3416871.55,1098,F1,1,,,,,
2026-09-04,2026-09-04,CM,NSE,STK,5516,INE696V01013,JAIPURKURT,EQ,,,,,NANDANI CREATION LIMITED,25.74,26.37,24.65,25.33,25.00,25.82,,25.33,,,51045,1303944.88,176,F1,1,,,,,
2026-09-04,2026-09-04,CM,NSE,STK,11840,INE410P01011,NH,EQ,,,,,NARAYANA HRUDAYALAYA LTD.,1881.00,1898.80,1850.50,1858.50,1862.00,1882.20,,1858.53,,,210266,393212322.30,27450,F1,1,,,,,
2026-09-04,2026-09-04,CM,NSE,STK,11627,INE117Z01029,NARMADA,EQ,,,,,NARMADA AGROBASE LIMITED,13.65,13.79,13.35,13.51,13.48,13.62,,13.51,,,246596,3334588.74,646,F1,1,,,,,
2026-09-04,2026-09-04,CM,NSE,STK,3918,INE987B01026,NATCOPHARM,EQ,,,,,NATCO PHARMA LTD.,839.00,841.80,826.50,828.65,827.70,838.30,,828.66,,,445370,370453631.15,34975,F1,1,,,,,
2026-09-04,2026-09-04,CM,NSE,STK,11065,INE448G01010,NATHBIOGEN,EQ,,,,,NATH BIO-GENES (I) LTD,154.00,154.94,151.66,153.12,153.10,153.07,,153.12,,,7468,1141388.04,183,F1,1,,,,,
2026-09-04,2026-09-04,CM,NSE,STK,6364,INE139A01034,NATIONALUM,EQ,,,,,NATIONAL ALUMINIUM CO LTD,376.00,378.95,372.75,374.10,374.10,374.00,,374.11,,,5517970,2070277862.75,60913,F1,1,,,,,
2026-09-04,2026-09-04,CM,NSE,STK,13925,INE870D01012,NFL,EQ,,,,,NATIONAL FERT. LTD,70.34,70.88,70.34,70.51,70.64,70.33,,70.51,,,400837,28290910.11,2425,F1,1,,,,,
2026-09-04,2026-09-04,CM,NSE,STK,762807,INE166R01015,NATIONSTD,EQ,,,,,NATIONAL STAND (INDIA) L,106.50,108.06,104.00,107.74,106.49,104.75,,107.76,,,16687,1784538.65,651,F1,1,,,,,
2026-09-04,2026-09-04,CM,NSE,STK,29588,INE936B01015,NATCAPSUQ,BE,,,,,NATURAL CAPSULES LIMITED,232.20,234.00,215.64,216.42,220.40,226.98,,216.48,,,13334,2989488.22,201,F1,1,,,,,
2026-09-04,2026-09-04,CM,NSE,STK,4014,INE725A01030,NAVA,EQ,,,,,NAVA LIMITED,558.50,562.95,556.50,560.20,560.35,557.20,,560.18,,,192328,107657977.90,6564,F1,1,,,,,
2026-09-04,2026-09-04,CM,NSE,STK,14672,INE048G01026,NAVINFLUOR,EQ,,,,,NAVIN FLUORINE INT. LTD,8700.00,8700.00,8512.00,8557.50,8553.00,8697.00,,8557.65,,,131131,1125883748.50,24980,F1,1,,,,,
2026-09-04,2026-09-04,CM,NSE,STK,10557,INE278M01019,NAVKARCORP,EQ,,,,,NAVKAR CORPORATION LTD.,97.51,99.41,96.00,96.24,97.00,97.44,,96.25,,,230610,22356555.54,2050,F1,1,,,,,
2026-09-04,2026-09-04,CM,NSE,STK,29149,INE268H01044,NAVKARURB,BE,,,,,NAVKAR URBANSTRUCTURE LTD,0.92,0.92,0.88,0.90,0.91,0.89,,0.90,,,226159,203556.63,282,F1,1,,,,,
2026-09-04,2026-09-04,CM,NSE,STK,2385,INE060A01024,NAVNETEDUL,EQ,,,,,NAVNEET EDUCATION LTD,132.75,132.75,130.88,131.21,131.16,132.08,,131.21,,,77764,10240983.01,874,F1,1,,,,,
2026-09-04,2026-09-04,CM,NSE,STK,2987,INE418L01047,NAZARA,EQ,,,,,NAZARA TECHNOLOGIES LTD,366.80,370.95,363.25,368.65,368.40,365.80,,368.66,,,1088812,400026821.50,13592,F1,1,,,,,
2026-09-04,2026-09-04,CM,NSE,STK,31415,INE095N01031,NBCC,EQ,,,,,NBCC (INDIA) LIMITED,86.50,87.35,86.31,86.60,86.60,86.50,,86.60,,,2548390,221150446.46,16051,F1,1,,,,,
2026-09-04,2026-09-04,CM,NSE,STK,2319,INE868B01028,NCC,EQ,,,,,NCC LIMITED,146.60,150.45,145.87,149.70,150.00,147.24,,149.65,,,2168692,320916227.67,21637,F1,1,,,,,
2026-09-04,2026-09-04,CM,NSE,STK,14490,INE732C01016,NCLIND,EQ,,,,,NCL INDUSTRIES LIMITED,176.01,179.00,175.52,177.81,177.50,177.36,,177.81,,,29351,5200378.58,2878,F1,1,,,,,
2026-09-04,2026-09-04,CM,NSE,STK,14547,INE353A01023,NDLVENTURE,EQ,,,,,NDL VENTURES LIMITED,123.90,125.10,123.18,124.72,125.00,123.01,,124.52,,,18630,2314819.71,178,F1,1,,,,,
2026-09-04,2026-09-04,CM,NSE,STK,22255,INE07OG01012,NDRAUTO,EQ,,,,,NDR AUTO COMPONENTS LTD,727.80,729.00,716.80,723.45,724.50,724.20,,723.45,,,8337,6024804.80,872,F1,1,,,,,
2026-09-04,2026-09-04,CM,NSE,STK,11427,INE155G01029,NDTV,EQ,,,,,NDTV LTD,71.00,75.30,70.75,74.27,74.40,70.66,,74.28,,,236637,17345340.29,1764,F1,1,,,,,
2026-09-04,2026-09-04,CM,NSE,STK,11927,INE023H01027,NECLIFE,EQ,,,,,NECTAR LIFESCIENCES LTD.,12.20,12.49,12.11,12.19,12.20,12.17,,12.19,,,205001,2507347.93,361,F1,1,,,,,
2026-09-04,2026-09-04,CM,NSE,STK,762812,INE605D01012,NEAGI,EQ,,,,,NEELAMALAI AGRO INDS. L,3300.10,3300.10,3300.10,3300.10,3300.10,3370.10,,3300.10,,,1,3300.10,1,F1,1,,,,,
2026-09-04,2026-09-04,CM,NSE,STK,14761,INE189I01024,NELCAST,EQ,,,,,NELCAST LIMITED,118.76,119.48,116.50,116.99,117.00,118.76,,116.99,,,88011,10341702.69,1262,F1,1,,,,,
2026-09-04,2026-09-04,CM,NSE,STK,2388,INE045B01015,NELCO,EQ,,,,,NELCO LTD,939.50,942.75,908.00,911.25,912.00,933.75,,911.26,,,159766,147264082.25,7697,F1,1,,,,,
2026-09-04,2026-09-04,CM,NSE,STK,760928,INE21UM01018,NEOCHEM,SM,,,,,NEOCHEM BIO SOLUTIONS LTD,94.05,98.05,94.00,95.25,95.10,96.10,,95.25,,,15600,1488840.00,10,F1,1200,,,,,
2026-09-04,2026-09-04,CM,NSE,STK,9917,INE136S01016,NEOGEN,EQ,,,,,NEOGEN CHEMICALS LIMITED,2149.00,2172.60,2123.00,2137.90,2146.00,2137.10,,2138.12,,,88400,189807136.40,19344,F1,1,,,,,
2026-09-04,2026-09-04,CM,NSE,STK,24350,INE0SUN01013,NEPHROCARE,SM,,,,,NEPHRO CARE INDIA LIMITED,98.00,98.50,89.95,93.55,93.75,98.00,,93.55,,,26800,2523720.00,58,F1,400,,,,,
2026-09-04,2026-09-04,CM,NSE,STK,760346,INE428V01029,NEPHROPLUS,EQ,,,,,NEPHROCARE HEALTH SERV L,711.85,720.00,692.00,697.05,700.00,706.75,,697.07,,,197509,139836547.60,11171,F1,1,,,,,
2026-09-04,2026-09-04,CM,NSE,STK,757493,INE156901014,NEPTUNE,SM,,,,,NEPTUNE PETROCHEMICALS L,175.00,175.00,175.00,175.00,175.00,174.00,,175.00,,,500,87500.00,1,F1,500,,,,,
2026-09-04,2026-09-04,CM,NSE,STK,15409,INE317F01035,NESCO,EQ,,,,,NESCO LTD.,1039.50,1066.80,1039.50,1047.60,1043.00,1044.80,,1047.66,,,48170,50679111.20,4726,F1,1,,,,,
2026-09-04,2026-09-04,CM,NSE,STK,17963,INE239A01024,NESTLEIND,EQ,,,,,NESTLE INDIA LIMITED,1415.00,1420.00,1402.50,1410.50,1410.50,1416.00,,1410.81,,,974257,1373795994.20,39301,F1,1,,,,,
2026-09-04,2026-09-04,CM,NSE,STK,17433,INE0NT901020,NETWEB,EQ,,,,,NETWEB TECH INDIA LTD,5297.50,5424.00,5164.50,5193.00,5190.00,5270.00,,5193.04,,,1816227,9614867528.50,130017,F1,1,,,,,
2026-09-04,2026-09-04,CM,NSE,STK,756324,INE0FFK01017,NPST,EQ,,,,,NETWORK PEOPLE SRV TECH L,1720.90,1775.00,1705.00,1718.80,1724.60,1718.40,,1718.95,,,56393,98435352.10,5758,F1,1,,,,,
2026-09-04,2026-09-04,CM,NSE,STK,14111,INE870H01013,NETWORK18,EQ,,,,,NETWORK18 MEDIA & INV LTD,27.56,28.53,27.56,28.38,28.31,27.55,,28.38,,,3493333,98244784.81,8433,F1,1,,,,,
2026-09-04,2026-09-04,CM,NSE,STK,30554,INE333I01044,NEUEON,BE,,,,,NEUEON CORPORATION LTD,10.95,11.38,10.88,11.22,11.24,10.94,,11.12,,,51567,568092.33,137,F1,1,,,,,
2026-09-04,2026-09-04,CM,NSE,STK,2406,INE794A01010,NEULANDLAB,EQ,,,,,NEULAND LAB LTD.,23095.00,23095.00,22550.00,22660.00,22640.00,22890.00,,22658.42,,,21110,481285770.00,6268,F1,1,,,,,
2026-09-04,2026-09-04,CM,NSE,STK,1164,INE619B01017,NEWGEN,EQ,,,,,NEWGEN SOFTWARE TECH LTD,522.00,543.95,522.00,524.80,526.50,517.65,,524.81,,,2160906,1150974790.50,48574,F1,1,,,,,
2026-09-04,2026-09-04,CM,NSE,STK,28801,INE0TP801012,NMSTEEL,SM,,,,,NEWMALAYALAM STEEL LTD,23.80,24.00,23.70,23.85,24.00,23.90,,23.85,,,8000,190480.00,5,F1,1600,,,,,
2026-09-04,2026-09-04,CM,NSE,STK,9867,INE747B01016,NEXTMEDIA,EQ,,,,,NEXT MEDIAWORKS LIMITED,3.86,4.12,3.86,3.89,3.87,4.00,,3.89,,,54384,214224.20,149,F1,1,,,,,
2026-09-04,2026-09-04,CM,NSE,STK,15832,INE0NDH25011,NXST,BL,,,,,NEXUS SELECT TRUST,164.00,164.00,164.00,164.00,164.00,150.00,,164.00,,,7495149,1229204436.00,1,F1,999999999,,,,,
2026-09-04,2026-09-04,CM,NSE,STK,15815,INE0NDH25011,NXST,RR,,,,,NEXUS SELECT TRUST,168.00,168.20,163.40,165.89,166.40,167.80,,164.55,,,1115181,185314713.61,5277,F1,1,,,,,
2026-09-04,2026-09-04,CM,NSE,STK,763536,INE0T1501010,NFPSAMPOOR,SM,,,,,NFP SAMPOORNA FOODS LTD,20.60,20.60,20.60,20.60,20.60,20.50,,20.60,,,6000,123600.00,3,F1,2000,,,,,
2026-09-04,2026-09-04,CM,NSE,STK,10277,INE887E01022,NGLFINE,EQ,,,,,NGL FINE CHEM LIMITED,2940.00,2981.90,2890.50,2907.50,2900.00,2940.80,,2907.37,,,7107,20808862.30,1535,F1,1,,,,,
2026-09-04,2026-09-04,CM,NSE,STK,1765,INE557F07181,893NHB29,N6,,,,,NHB 8.93 NCD TR II SR 2 B,5600.00,5600.00,5600.00,5600.00,5600.00,5600.00,,5600.00,,,37,207200.00,5,F1,1,,,,,
2026-09-04,2026-09-04,CM,NSE,STK,17400,INE848E01016,NHPC,EQ,,,,,NHPC LTD,76.39,76.75,75.91,76.25,76.25,76.45,,76.25,,,4059538,310146281.24,21579,F1,1,,,,,
2026-09-04,2026-09-04,CM,NSE,STK,29487,INE149O01018,NIBE,EQ,,,,,NIBE LIMITED,1327.00,1349.00,1325.00,1336.60,1340.00,1322.00,,1336.60,,,28848,38526842.00,2713,F1,1,,,,,
2026-09-04,2026-09-04,CM,NSE,STK,764793,INE653C01022,NICCOPAR,EQ,,,,,NICCO PARKS & RESORTS LTD,77.51,83.99,77.43,79.55,79.55,78.20,,80.00,,,2885,230703.55,71,F1,1,,,,,
2026-09-04,2026-09-04,CM,NSE,STK,6592,INE0J6L01013,NIDAN,SM,,,,,NIDAN LABS AND HEALTH LTD,15.45,15.45,14.10,14.10,14.10,14.85,,14.10,,,6000,89500.00,6,F1,1000,,,,,
2026-09-04,2026-09-04,CM,NSE,STK,17747,INE342G01023,NIITMTS,EQ,,,,,NIIT LEARNING SYSTEMS LTD,229.99,229.99,222.21,225.94,225.00,222.91,,225.96,,,100147,22574341.77,3678,F1,1,,,,,
2026-09-04,2026-09-04,CM,NSE,STK,11522,INE161A01038,NIITLTD,EQ,,,,,NIIT LIMITED,97.50,100.57,97.50,98.96,99.10,97.57,,98.96,,,255516,25343474.04,3016,F1,1,,,,,
2026-09-04,2026-09-04,CM,NSE,STK,758178,INE0FLF01015,NIKITA,SM,,,,,NIKITA GRENTEC RECYCL LTD,72.50,72.50,72.50,72.50,72.50,71.55,,72.50,,,2400,174000.00,2,F1,1200,,,,,
2026-09-04,2026-09-04,CM,NSE,STK,9253,INE937C01029,NILAINFRA,EQ,,,,,NILA INFRASTRUCTURES LTD,6.70,6.75,6.62,6.67,6.68,6.70,,6.67,,,220311,1468805.32,551,F1,1,,,,,
2026-09-04,2026-09-04,CM,NSE,STK,7411,INE00S901012,NILASPACES,EQ,,,,,NILA SPACES LIMITED,12.45,12.54,12.18,12.23,12.30,12.28,,12.23,,,666134,8180127.99,1272,F1,1,,,,,
2026-09-04,2026-09-04,CM,NSE,STK,762817,INE445D01013,NILE,EQ,,,,,NILE LTD.,1456.00,1492.00,1450.30,1465.80,1470.00,1470.50,,1465.80,,,2840,4170838.10,431,F1,1,,,,,
2026-09-04,2026-09-04,CM,NSE,STK,2421,INE310A01015,NILKAMAL,EQ,,,,,NILKAMAL LIMITED,2101.80,2130.00,2081.00,2116.50,2101.20,2111.10,,2116.88,,,19143,40349447.00,2435,F1,1,,,,,
2026-09-04,2026-09-04,CM,NSE,STK,761720,INE875B01015,NIMBSPROJ,EQ,,,,,NIMBUS PROJECTS LIMITED,154.00,154.00,144.34,147.84,150.80,151.93,,147.91,,,4411,647697.00,197,F1,1,,,,,
2026-09-04,2026-09-04,CM,NSE,STK,14194,INE395U01014,NINSYS,EQ,,,,,NINTEC SYSTEMS LIMITED,716.90,716.95,702.60,712.75,713.00,709.25,,712.86,,,2822,2001776.10,410,F1,1,,,,,
2026-09-04,2026-09-04,CM,NSE,STK,11439,INF204KB15I9,BANKBEES,EQ,,,,,NIP IND ETF BANK BEES,599.00,599.00,595.03,596.20,596.00,596.02,,596.20,,,345232,205955021.58,5094,F1,1,,,,,
2026-09-04,2026-09-04,CM,NSE,STK,2435,INF204KA1LD7,CONSUMBEES,EQ,,,,,NIP IND ETF CONSUMPTION,130.80,130.80,129.56,129.78,130.12,130.02,,129.78,,,421784,54872145.55,1348,F1,1,,,,,
2026-09-04,2026-09-04,CM,NSE,STK,2636,INF204KA1MS3,DIVOPPBEES,EQ,,,,,NIP IND ETF DIV OPP,76.68,77.40,76.27,76.77,76.95,76.68,,76.77,,,97372,7475976.39,980,F1,1,,,,,
2026-09-04,2026-09-04,CM,NSE,STK,9847,INF204KB18I3,NV20BEES,EQ,,,,,NIP IND ETF ETF NV20,139.15,140.12,139.00,139.39,139.50,139.13,,139.39,,,5065,707084.55,228,F1,1,,,,,
2026-09-04,2026-09-04,CM,NSE,STK,14428,INF204KB17I5,GOLDBEES,EQ,,,,,NIP IND ETF GOLD BEES,126.85,127.72,126.78,127.17,127.09,126.23,,127.17,,,20415178,2597281031.44,70327,F1,1,,,,,
2026-09-04,2026-09-04,CM,NSE,STK,18284,INF204KB19I1,HNGSNGBEES,EQ,,,,,NIP IND ETF HANGSENG BEES,470.01,475.25,470.00,471.09,471.40,468.46,,471.10,,,61650,29125452.78,3201,F1,1,,,,,
2026-09-04,2026-09-04,CM,NSE,STK,20072,INF732E01268,INFRABEES,EQ,,,,,NIP IND ETF INFRA BEES,954.38,958.63,952.54,956.45,952.85,954.28,,956.37,,,3516,3359266.47,395,F1,1,,,,,
2026-09-04,2026-09-04,CM,NSE,STK,19084,INF204KB15V2,ITBEES,EQ,,,,,NIP IND ETF IT,34.34,34.76,34.00,34.09,34.25,34.29,,34.09,,,8504508,291229306.57,14153,F1,1,,,,,
2026-09-04,2026-09-04,CM,NSE,STK,10939,INF732E01045,JUNIORBEES,EQ,,,,,NIP IND ETF JUNIOR BEES,795.84,795.84,784.00,791.07,791.65,788.74,,791.07,,,283994,224784393.96,7296,F1,1,,,,,
2026-09-04,2026-09-04,CM,NSE,STK,11006,INF732E01037,LIQUIDBEES,EQ,,,,,NIP IND ETF LIQUID BEES,1020.00,1020.00,999.99,1000.00,1000.01,1000.00,,1000.00,,,2607097,2607107998.73,5798,F1,1,,,,,
2026-09-04,2026-09-04,CM,NSE,STK,17700,INF204KB1882,LTGILTBEES,EQ,,,,,NIP IND ETF LONGTERM GILT,29.89,29.89,29.82,29.84,29.86,29.86,,29.84,,,3617915,107952623.12,773,F1,1,,,,,
2026-09-04,2026-09-04,CM,NSE,STK,8506,INF204KB1V68,MID150BEES,EQ,,,,,NIP IND ETF MIDCAP 150,241.04,241.05,238.67,240.15,239.44,240.14,,240.15,,,654280,157281222.97,6417,F1,1,,,,,
2026-09-04,2026-09-04,CM,NSE,STK,29577,INF204K014N5,NIF100BEES,EQ,,,,,NIP IND ETF NIFTY 100,265.32,267.34,265.19,266.58,266.90,265.60,,266.55,,,31122,8300600.00,475,F1,1,,,,,
2026-09-04,2026-09-04,CM,NSE,STK,10576,INF204KB14I2,NIFTYBEES,EQ,,,,,NIP IND ETF NIFTY BEES,278.08,278.08,272.56,273.27,273.23,272.63,,273.27,,,3162846,864501747.89,31548,F1,1,,,,,
2026-09-04,2026-09-04,CM,NSE,STK,15032,INF204KB16I7,PSUBNKBEES,EQ,,,,,NIP IND ETF PSU BANK BEES,95.70,96.20,95.34,95.45,95.67,95.68,,95.45,,,1284747,122937692.42,4088,F1,1,,,,,
2026-09-04,2026-09-04,CM,NSE,STK,17044,INF732E01128,SHARIABEES,EQ,,,,,NIP IND ETF SHARIAH BEES,458.12,458.12,451.93,452.84,452.00,453.44,,452.84,,,25560,11567957.69,507,F1,1,,,,,
2026-09-04,2026-09-04,CM,NSE,STK,357,INE298J01013,NAM-INDIA,EQ,,,,,NIPPON L I A M LTD,1160.00,1184.50,1151.80,1159.90,1159.90,1164.90,,1159.89,,,1522876,1772927432.50,34189,F1,1,,,,,
2026-09-04,2026-09-04,CM,NSE,STK,757725,INF204KC1FU1,LIQGRWBEES,EQ,,,,,NIPPONAMC - LIQGRWBEES,1054.14,1054.49,1054.14,1054.46,1054.45,1054.14,,1054.46,,,101203,106716360.79,196,F1,1,,,,,
2026-09-04,2026-09-04,CM,NSE,STK,758667,INF204KC1GH6,MANUFGBEES,EQ,,,,,NIPPONAMC - MANUFGBEES,163.81,164.10,163.06,163.73,164.10,163.81,,163.73,,,3201,522985.01,113,F1,1,,,,,
2026-09-04,2026-09-04,CM,NSE,STK,7880,INF204KC1337,AUTOBEES,EQ,,,,,NIPPONAMC - NETFAUTO,289.86,289.87,286.90,287.47,288.00,288.19,,287.47,,,194219,55870566.06,2819,F1,1,,,,,
2026-09-04,2026-09-04,CM,NSE,STK,4973,INF204KC1089,PHARMABEES,EQ,,,,,NIPPONAMC - NETFPHARMA,27.37,27.60,27.21,27.32,27.30,27.37,,27.32,,,4482502,122533893.66,10887,F1,1,,,,,
2026-09-04,2026-09-04,CM,NSE,STK,8080,INF204KC1402,SILVERBEES,EQ,,,,,NIPPONAMC - NETFSILVER,222.12,223.74,221.25,222.78,222.75,219.88,,222.78,,,16085668,3580788752.88,52588,F1,1,,,,,
2026-09-04,2026-09-04,CM,NSE,STK,757455,INF204KC1EZ3,SNXT30BEES,EQ,,,,,NIPPONAMC - SNXT30BEES,42.76,42.76,42.42,42.58,42.60,42.43,,42.58,,,8325,353869.13,54,F1,1,,,,,
2026-09-04,2026-09-04,CM,NSE,STK,255,INE368I01016,NIRAJ,EQ,,,,,NIRAJ CEMENT STRUC LTD,29.10,29.40,28.37,28.72,28.50,29.13,,28.72,,,30448,875323.03,230,F1,1,,,,,
2026-09-04,2026-09-04,CM,NSE,STK,18844,INE326T01011,NIRAJISPAT,BE,,,,,NIRAJ ISPAT IND LTD,387.80,387.80,387.80,387.80,387.80,408.20,,387.80,,,601,233067.80,17,F1,1,,,,,
2026-09-04,2026-09-04,CM,NSE,STK,2433,INE910A01012,NIRLON,EQ,,,,,NIRLON LTD,621.60,624.50,610.00,620.00,620.00,621.60,,619.98,,,10246,6356861.70,596,F1,1,,,,,
2026-09-04,2026-09-04,CM,NSE,STK,14722,INE0OK701014,NIRMAN,SM,,,,,NIRMAN AGRI GENTICS LTD,29.00,29.50,28.20,28.30,28.45,28.35,,28.30,,,12300,351540.00,23,F1,300,,,,,
2026-09-04,2026-09-04,CM,NSE,STK,13300,INE858F01012,NITCO,EQ,,,,,NITCO LIMITED,96.70,97.00,94.95,96.10,96.50,96.28,,96.10,,,449640,43143194.89,3222,F1,1,,,,,
2026-09-04,2026-09-04,CM,NSE,STK,13175,INE229H01012,NITINSPIN,EQ,,,,,NITIN SPINNERS LIMITED,640.25,644.40,633.70,639.05,635.00,640.25,,639.06,,,63257,40419328.75,2393,F1,1,,,,,
2026-09-04,2026-09-04,CM,NSE,STK,3247,INE439T01012,NITIRAJ,EQ,,,,,NITIRAJ ENGINEERS LTD,207.95,241.00,200.00,219.19,218.85,205.13,,219.19,,,38842,8681735.30,707,F1,1,,,,,
2026-09-04,2026-09-04,CM,NSE,STK,762824,INE265B01019,NITTAGELA,EQ,,,,,NITTA GELATIN INDIA LTD.,1600.30,1654.00,1600.00,1632.50,1628.00,1639.10,,1633.84,,,5396,8783004.80,650,F1,1,,,,,
2026-09-04,2026-09-04,CM,NSE,STK,27097,INE995S01015,NIVABUPA,EQ,,,,,NIVA BUPA HEALTH INS CO L,80.75,81.07,79.51,80.11,80.28,80.73,,80.11,,,804923,64469835.32,9110,F1,1,,,,,
2026-09-04,2026-09-04,CM,NSE,STK,2439,INE542C01019,NKIND,EQ,,,,,NK INDUSTRIES LTD,58.85,59.90,57.01,57.10,57.10,56.32,,57.14,,,937,55511.18,24,F1,1,,,,,
2026-09-04,2026-09-04,CM,NSE,STK,8585,INE589A01014,NLCINDIA,EQ,,,,,NLC INDIA LIMITED,277.00,277.10,272.05,273.05,273.30,274.90,,273.05,,,714404,195575108.75,14879,F1,1,,,,,
2026-09-04,2026-09-04,CM,NSE,STK,15332,INE584A01023,NMDC,EQ,,,,,NMDC LTD.,84.52,85.18,84.26,84.70,84.70,84.19,,84.70,,,13224234,1119930898.12,36754,F1,1,,,,,
2026-09-04,2026-09-04,CM,NSE,STK,14180,INE0NNS01018,NSLNISP,EQ,,,,,NMDC STEEL LIMITED,45.61,46.50,44.97,46.02,46.19,45.40,,46.02,,,5132127,235298292.99,16995,F1,1,,,,,
2026-09-04,2026-09-04,CM,NSE,STK,2442,INE163A01018,NOCIL,EQ,,,,,NOCIL LIMITED,172.30,174.50,170.00,172.44,172.39,171.80,,172.42,,,403591,69494102.48,4384,F1,1,,,,,
2026-09-04,2026-09-04,CM,NSE,STK,10786,INE781B01015,NOIDATOLL,EQ,,,,,NOIDA TOLL BRIDGE CO LTD,4.27,4.27,4.03,4.14,4.10,4.27,,4.14,,,171080,713398.93,292,F1,1,,,,,
2026-09-04,2026-09-04,CM,NSE,STK,4160,INE369C01017,NORBTEAEXP,EQ,,,,,NORBEN TEA & EXPORTS LTD,71.80,71.80,67.00,70.69,70.69,68.55,,70.69,,,752,52937.80,16,F1,1,,,,,
2026-09-04,2026-09-04,CM,NSE,STK,13533,INE553C01016,NECCLTD,BE,,,,,NORTH EAST CARRY CORP LTD,17.71,18.51,17.65,18.51,18.51,17.63,,18.52,,,337201,6083805.61,221,F1,1,,,,,
2026-09-04,2026-09-04,CM,NSE,STK,25426,INE850M01015,NORTHARC,EQ,,,,,NORTHERN ARC CAPITAL LTD,306.70,307.10,299.15,302.15,302.45,304.60,,301.91,,,1089238,329363673.85,13431,F1,1,,,,,
2026-09-04,2026-09-04,CM,NSE,STK,22478,INE02H701025,NOVAAGRI,BE,,,,,NOVA AGRITECH LIMITED,23.20,24.09,23.08,23.87,23.71,23.55,,23.87,,,57585,1365936.99,212,F1,1,,,,,
2026-09-04,2026-09-04,CM,NSE,STK,9007,INE234A01025,NOVARTIND,EQ,,,,,NOVARTIS INDIA LIMITED,1614.90,1665.00,1614.90,1646.70,1653.00,1614.10,,1645.42,,,22436,37090429.00,1889,F1,1,,,,,
2026-09-04,2026-09-04,CM,NSE,STK,7553,INE349A01021,NRBBEARING,EQ,,,,,NRB BEARING LIMITED,453.90,453.90,443.60,447.00,447.90,451.05,,447.01,,,195054,87328403.30,6815,F1,1,,,,,
2026-09-04,2026-09-04,CM,NSE,STK,29733,INE047O01014,NIBL,EQ,,,,,NRB INDUS. BEARINGS LTD.,30.51,31.64,30.51,30.80,30.90,30.76,,30.80,,,6851,212179.62,83,F1,1,,,,,
2026-09-04,2026-09-04,CM,NSE,STK,27176,INE0ONG01011,NTPCGREEN,EQ,,,,,NTPC GREEN ENERGY LIMITED,88.74,89.50,88.65,89.36,89.20,88.73,,89.36,,,1370420,122199187.80,17094,F1,1,,,,,
2026-09-04,2026-09-04,CM,NSE,STK,11630,INE733E01010,NTPC,EQ,,,,,NTPC LTD,332.75,334.05,329.80,332.50,332.50,330.90,,332.50,,,7032282,2336377442.05,64357,F1,1,,,,,
2026-09-04,2026-09-04,CM,NSE,STK,10791,INE096B01018,NUCLEUS,EQ,,,,,NUCLEUS SOFTWARE EXPORTS,740.00,743.45,726.00,729.15,728.20,740.00,,729.01,,,38501,28382105.45,1562,F1,1,,,,,
2026-09-04,2026-09-04,CM,NSE,STK,13680,INE0JM501013,NRL,BE,,,,,NUPUR RECYCLERS LIMITED,126.92,126.92,126.92,126.92,126.92,124.44,,126.92,,,109113,13848621.96,215,F1,1,,,,,
2026-09-04,2026-09-04,CM,NSE,STK,2353,INE0DSF01015,NURECA,BE,,,,,NURECA LIMITED,331.90,331.90,320.10,322.70,322.00,332.60,,322.72,,,5556,1797607.90,176,F1,1,,,,,
2026-09-04,2026-09-04,CM,NSE,STK,18721,INE531F01023,NUVAMA,EQ,,,,,NUVAMA WEALTH MANAGE LTD,1856.00,1862.80,1796.40,1815.60,1812.00,1839.20,,1815.60,,,263032,481811354.40,33688,F1,1,,,,,
2026-09-04,2026-09-04,CM,NSE,STK,5426,INE118D01016,NUVOCO,EQ,,,,,NUVOCO VISTAS CORP LTD,336.65,354.80,336.45,352.15,352.30,338.10,,352.15,,,1482368,518937072.50,33070,F1,1,,,,,
2026-09-04,2026-09-04,CM,NSE,STK,8797,INE426Z01016,OBCL,EQ,,,,,OBCL LIMITED,55.13,55.70,55.10,55.19,55.70,54.99,,55.19,,,1073,59145.35,18,F1,1,,,,,
2026-09-04,2026-09-04,CM,NSE,STK,20242,INE093I01010,OBEROIRLTY,EQ,,,,,OBEROI REALTY LIMITED,1914.00,1932.80,1874.00,1875.60,1875.60,1902.00,,1875.60,,,585940,1116248950.90,45289,F1,1,,,,,
2026-09-04,2026-09-04,CM,NSE,STK,25923,INE0YHV01011,OBSCP,SM,,,,,OBSC PERFECTION LIMITED,848.05,856.95,833.15,835.75,835.10,841.90,,835.75,,,26400,22207880.00,63,F1,400,,,,,
2026-09-04,2026-09-04,CM,NSE,STK,25920,INE0PK601023,OCCLLTD,BE,,,,,OCCL LIMITED,167.95,168.00,163.05,163.93,164.40,164.32,,163.93,,,55824,9210002.37,324,F1,1,,,,,
2026-09-04,2026-09-04,CM,NSE,STK,27571,INE054301028,ODIGMA,EQ,,,,,ODIGMA CONSULTANCY SOL L,23.99,23.99,23.21,23.45,23.54,23.47,,23.45,,,11579,273154.13,300,F1,1,,,,,
2026-09-04,2026-09-04,CM,NSE,STK,764803,INE839E01023,ODYCORP,EQ,,,,,ODYSSEY CORPORATION LTD.,6.93,8.31,6.81,7.46,7.39,6.93,,7.47,,,311228,2401186.19,678,F1,1,,,,,
2026-09-04,2026-09-04,CM,NSE,STK,2475,INE213A01029,ONGC,EQ,,,,,OIL AND NATURAL GAS CORP.,235.44,235.44,233.60,234.65,234.65,236.00,,234.65,,,5338085,1252209953.16,49732,F1,1,,,,,
2026-09-04,2026-09-04,CM,NSE,STK,8109,INE591A01010,OILCOUNTUB,BE,,,,,OIL COUNTRY TUBULAR LTD.,65.00,65.00,65.00,65.00,65.00,66.32,,65.02,,,15996,1039740.00,31,F1,1,,,,,
2026-09-04,2026-09-04,CM,NSE,STK,17438,INE274J01014,OIL,EQ,,,,,OIL INDIA LTD,492.00,492.55,486.50,488.30,488.30,490.00,,488.30,,,1259478,616213591.55,18062,F1,1,,,,,
2026-09-04,2026-09-04,CM,NSE,STK,24777,INE0LXG01040,OLAELEC,EQ,,,,,OLA ELECTRIC MOBILITY LTD,37.65,38.95,37.56,38.20,38.21,37.47,,38.20,,,42570426,1621617172.16,88750,F1,1,,,,,
2026-09-04,2026-09-04,CM,NSE,STK,10637,INE260D01016,OLECTRA,EQ,,,,,OLECTRA GREENTECH LIMITED,1247.00,1260.70,1223.20,1229.00,1229.10,1244.80,,1228.99,,,251277,311381847.30,16875,F1,1,,,,,
2026-09-04,2026-09-04,CM,NSE,STK,759412,INE1BZC01019,OMFREIGHT,BE,,,,,OM FREIGHT FORWARDERS LTD,89.00,90.50,86.15,89.84,90.50,89.00,,89.83,,,9030,802596.06,99,F1,1,,,,,
2026-09-04,2026-09-04,CM,NSE,STK,24231,INE239D01028,OMINFRAL,EQ,,,,,OM INFRA LIMITED,82.00,86.00,81.89,84.43,84.50,82.68,,84.42,,,68243,5701653.19,1144,F1,1,,,,,
2026-09-04,2026-09-04,CM,NSE,STK,762432,INE25E901019,OMPOWER,EQ,,,,,OM POWER TRANSMISSION LTD,171.23,176.90,170.20,175.68,175.50,171.09,,175.80,,,75803,13222768.76,1189,F1,1,,,,,
2026-09-04,2026-09-04,CM,NSE,STK,10922,INE090B01011,OMAXAUTO,EQ,,,,,OMAX AUTOS LTD,183.59,186.58,181.30,183.07,183.00,183.59,,183.05,,,18555,3414123.77,754,F1,1,,,,,
2026-09-04,2026-09-04,CM,NSE,STK,14853,INE800H01010,OMAXE,EQ,,,,,OMAXE LIMITED,128.42,138.89,127.01,136.38,136.05,127.29,,136.36,,,5607789,750341842.41,33417,F1,1,,,,,
2026-09-04,2026-09-04,CM,NSE,STK,117,INE338Y01016,OMFURN,SM,,,,,OMFURN INDIA LIMITED,55.00,55.00,53.85,53.85,53.85,56.50,,53.85,,,3600,195240.00,3,F1,1200,,,,,
2026-09-04,2026-09-04,CM,NSE,STK,760865,INE0UH301010,OMNI,EQ,,,,,OMNITECH ENGINEERING LTD,523.00,529.85,518.80,526.00,526.00,519.25,,526.00,,,303506,159498382.30,13530,F1,1,,,,,
2026-09-04,2026-09-04,CM,NSE,STK,19692,INE00ER01015,ONDOOR,SM,,,,,ON DOOR CONCEPTS LIMITED,312.55,340.00,281.00,289.60,292.00,291.55,,289.60,,,12300,3693870.00,35,F1,300,,,,,
2026-09-04,2026-09-04,CM,NSE,STK,6705,INE982J01020,PAYTM,EQ,,,,,ONE 97 COMMUNICATIONS LTD,1635.20,1697.70,1626.60,1659.50,1659.50,1637.00,,1659.49,,,5191803,8666964801.00,102813,F1,1,,,,,
2026-09-04,2026-09-04,CM,NSE,STK,765242,INE670O01013,ONEGLOBAL,EQ,,,,,ONE GLOBAL SERVICE PROV L,547.80,552.95,530.35,542.40,544.00,527.15,,542.41,,,16907,9202248.80,1044,F1,1,,,,,
2026-09-04,2026-09-04,CM,NSE,STK,28046,INE0HLU01028,MOBIKWIK,EQ,,,,,ONE MOBIKWIK SYSTEMS LTD,191.15,193.72,189.90,192.12,191.98,190.61,,192.12,,,393306,75634752.79,5598,F1,1,,,,,
2026-09-04,2026-09-04,CM,NSE,STK,9939,INE840Y01029,ONEPOINT,EQ,,,,,ONE POINT ONE SOL LTD,54.60,58.77,54.51,57.01,56.40,54.62,,57.01,,,2688123,154401863.76,12028,F1,1,,,,,
2026-09-04,2026-09-04,CM,NSE,STK,19386,INE0OPS01011,OLIL,SM,,,,,ONECLICK LOGISTICS IND L,404.00,427.05,399.10,427.05,427.05,408.65,,427.05,,,23200,9499900.00,54,F1,400,,,,,
2026-09-04,2026-09-04,CM,NSE,STK,25496,INE912L01015,ONELIFECAP,BE,,,,,ONELIFE CAP ADVISORS LTD,32.44,33.55,31.00,32.18,32.05,31.98,,32.18,,,18280,591689.76,61,F1,1,,,,,
2026-09-04,2026-09-04,CM,NSE,STK,763294,INE12F801023,KISSHT,EQ,,,,,ONEMI TECHNOLOGY SOL LTD,305.45,316.90,305.25,309.30,308.20,305.30,,309.30,,,1041438,323852796.85,28679,F1,1,,,,,
2026-09-04,2026-09-04,CM,NSE,STK,29224,INE013P01021,ONESOURCE,EQ,,,,,ONESOURCE SPECL PHARMA L,1585.00,1596.30,1526.00,1537.80,1534.50,1575.70,,1537.74,,,112994,175398108.30,12742,F1,1,,,,,
2026-09-04,2026-09-04,CM,NSE,STK,2202,INE831A01028,ONIDA,EQ,,,,,ONIDA ELECTRONICS LIMITED,34.30,34.89,33.56,34.64,34.55,34.35,,34.64,,,244072,8369120.44,1221,F1,1,,,,,
2026-09-04,2026-09-04,CM,NSE,STK,764808,INE173M01012,ONIXSOLAR,EQ,,,,,ONIX SOLAR ENERGY LTD.,402.00,403.20,399.95,403.20,403.20,384.00,,403.20,,,265016,106798108.35,830,F1,1,,,,,
2026-09-04,2026-09-04,CM,NSE,STK,15282,INE809I01019,ONMOBILE,BE,,,,,ONMOBILE GLOBAL LTD.,46.59,48.49,46.59,48.49,48.49,47.54,,48.57,,,130107,6191929.46,410,F1,1,,,,,
2026-09-04,2026-09-04,CM,NSE,STK,2481,INE229A01017,ONWARDTEC,EQ,,,,,ONWARD TECHNOLOGIES LTD,283.30,288.00,280.00,284.35,284.50,283.30,,284.31,,,37115,10554954.85,1092,F1,1,,,,,
2026-09-04,2026-09-04,CM,NSE,STK,27143,INE0WVU01018,ONYX,ST,,,,,ONYX BIOTEC LIMITED,37.50,38.75,37.30,37.50,37.50,39.25,,37.50,,,126000,4721600.00,26,F1,2000,,,,,
2026-09-04,2026-09-04,CM,NSE,STK,21469,INE350C01017,OPTIEMUS,EQ,,,,,OPTIEMUS INFRACOM LTD,569.10,579.25,562.10,569.30,575.15,564.85,,569.05,,,61281,34903944.25,4692,F1,1,,,,,
2026-09-04,2026-09-04,CM,NSE,STK,764813,INE031G01022,OPTIFIN,EQ,,,,,OPTIMUS FINANCE LTD.,14.98,15.87,14.25,14.84,14.98,14.98,,14.79,,,167616,2557840.68,491,F1,1,,,,,
2026-09-04,2026-09-04,CM,NSE,STK,764528,INE1JZB01022,OPTIMYSTIX,SM,,,,,OPTIMYSTIX ENT INDIA LTD,145.00,150.00,140.00,141.85,141.90,144.60,,141.85,,,46400,6703080.00,43,F1,800,,,,,
2026-09-04,2026-09-04,CM,NSE,STK,758903,INE15B101011,OPTIVALUE,ST,,,,,OPTIVALUE TEK CONSULT LTD,166.50,174.05,166.50,174.05,174.05,165.80,,174.05,,,52800,9082480.00,18,F1,1600,,,,,
2026-09-04,2026-09-04,CM,NSE,STK,10738,INE881D01027,OFSS,EQ,,,,,ORACLE FIN SERV SOFT LTD.,12199.00,12348.00,12028.00,12058.00,12058.00,12149.00,,12058.00,,,166477,2025477054.00,32216,F1,1,,,,,
2026-09-04,2026-09-04,CM,NSE,STK,31479,INE231G01010,ORBTEXP,BE,,,,,ORBIT EXPORTS LIMITED,238.00,243.98,238.00,239.02,239.03,238.00,,239.02,,,2189,523926.76,31,F1,1,,,,,
2026-09-04,2026-09-04,CM,NSE,STK,29492,INE215B01022,ORCHASP,EQ,,,,,ORCHASP LIMITED,1.43,1.43,1.38,1.39,1.38,1.41,,1.38,,,79157,110692.43,136,F1,1,,,,,
2026-09-04,2026-09-04,CM,NSE,STK,926,INE191A01027,ORCHPHARMA,EQ,,,,,ORCHID PHARMA LIMITED,937.00,965.45,934.70,954.65,958.00,934.65,,954.65,,,41657,39620833.85,3178,F1,1,,,,,
2026-09-04,2026-09-04,CM,NSE,STK,17882,INE0OUT01019,ORIANA,SM,,,,,ORIANA POWER LIMITED,1251.00,1251.00,1181.00,1205.70,1212.00,1239.70,,1205.70,,,73425,88427857.50,825,F1,75,,,,,
2026-09-04,2026-09-04,CM,NSE,STK,10159,INE730A01022,ORICONENT,EQ,,,,,ORICON ENTERPRISES LTD,53.20,54.70,52.66,54.15,53.60,52.99,,54.15,,,22589,1218938.67,601,F1,1,,,,,
2026-09-04,2026-09-04,CM,NSE,STK,14278,INE607D01018,ORIENTBELL,EQ,,,,,ORIENT BELL LIMITED,417.00,423.95,410.00,420.10,420.70,412.65,,420.00,,,69026,28832914.80,1949,F1,1,,,,,
2026-09-04,2026-09-04,CM,NSE,STK,30089,INE876N01018,ORIENTCEM,EQ,,,,,ORIENT CEMENT LTD.,128.00,130.21,128.00,129.68,129.75,128.48,,129.68,,,118199,15304845.19,1215,F1,1,,,,,
2026-09-04,2026-09-04,CM,NSE,STK,13111,INE569C01020,ORIENTCER,EQ,,,,,ORIENT CERATECH LIMITED,44.30,45.80,43.72,43.91,44.04,43.94,,43.92,,,73584,3251822.33,1770,F1,1,,,,,
2026-09-04,2026-09-04,CM,NSE,STK,2972,INE142Z01019,ORIENTELEC,EQ,,,,,ORIENT ELECTRIC LIMITED,179.00,181.28,176.57,179.19,178.58,178.15,,179.18,,,74074,13208607.27,1795,F1,1,,,,,
2026-09-04,2026-09-04,CM,NSE,STK,20110,INE999K01014,GREENPOWER,EQ,,,,,ORIENT GREEN POWER CO LTD,9.19,9.34,9.19,9.28,9.24,9.19,,9.28,,,1505445,13952293.29,3566,F1,1,,,,,
2026-09-04,2026-09-04,CM,NSE,STK,2493,INE750A01020,ORIENTHOT,EQ,,,,,ORIENT HOTELS LTD,142.48,142.48,139.06,139.93,139.14,141.96,,139.93,,,301159,42335423.48,1630,F1,1,,,,,
2026-09-04,2026-09-04,CM,NSE,STK,2496,INE592A01026,ORIENTPPR,EQ,,,,,ORIENT PAPER AND INDS LTD,17.14,17.35,17.00,17.08,17.04,17.13,,17.08,,,100814,1729618.60,510,F1,1,,,,,
2026-09-04,2026-09-04,CM,NSE,STK,18211,INE609C01024,ORIENTLTD,BE,,,,,ORIENT PRESS LIMITED,82.99,82.99,80.35,80.65,80.40,83.77,,80.70,,,1884,151658.33,21,F1,1,,,,,
2026-09-04,2026-09-04,CM,NSE,STK,24961,INE0PPK01015,ORIENTTECH,EQ,,,,,ORIENT TECHNOLOGIES LTD,239.88,242.00,236.44,238.39,239.00,238.75,,238.41,,,63818,15245778.83,1959,F1,1,,,,,
2026-09-04,2026-09-04,CM,NSE,STK,10768,INE959C01023,OAL,EQ,,,,,ORIENTAL AROMATICS LTD,507.00,532.50,503.70,519.90,516.50,502.30,,519.91,,,181436,94379961.45,8166,F1,1,,,,,
2026-09-04,2026-09-04,CM,NSE,STK,764818,INE457G01029,ORIRAIL,EQ,,,,,ORIENTAL RAIL INFRA L,125.30,134.94,125.30,130.76,131.00,125.72,,130.69,,,263412,34464112.87,1978,F1,1,,,,,
2026-09-04,2026-09-04,CM,NSE,STK,14346,INE998H01012,ORIENTALTL,EQ,,,,,ORIENTAL TRIMEX LTD,5.07,5.64,4.93,5.31,5.34,5.02,,5.31,,,322042,1689287.32,661,F1,1,,,,,
2026-09-04,2026-09-04,CM,NSE,STK,19931,INE725E01024,ORISSAMINE,EQ,,,,,ORISSA MIN DEV CO LTD,4302.00,4350.00,4270.10,4311.70,4295.00,4290.30,,4311.79,,,4863,20936066.70,1181,F1,1,,,,,
2026-09-04,2026-09-04,CM,NSE,STK,759569,INE16NZ01023,ORKLAINDIA,EQ,,,,,ORKLA INDIA LIMITED,585.10,598.70,585.10,594.15,594.00,588.50,,594.15,,,84660,50306192.90,6301,F1,1,,,,,
2026-09-04,2026-09-04,CM,NSE,STK,2979,INE749B01020,ORTINGLOBE,EQ,,,,,ORTIN GLOBAL LIMITED,15.70,15.77,15.20,15.67,15.23,15.02,,15.67,,,9743,153252.74,66,F1,1,,,,,
2026-09-04,2026-09-04,CM,NSE,STK,25386,INE0RMF01018,OSELDEVICE,SM,,,,,OSEL DEVICES LIMITED,398.40,398.40,381.10,385.15,388.90,383.90,,385.15,,,9400,3629480.00,46,F1,200,,,,,
2026-09-04,2026-09-04,CM,NSE,STK,12643,INE06IR01021,OSIAHYPER,BE,,,,,OSIA HYPER RETAIL LIMITED,2.48,2.49,2.41,2.47,2.49,2.48,,2.47,,,338637,829253.47,349,F1,1,,,,,
2026-09-04,2026-09-04,CM,NSE,STK,2514,INE142A01012,OSWALAGRO,EQ,,,,,OSWAL AGRO MILLS LTD,36.88,37.29,36.50,36.66,36.66,36.88,,36.64,,,21089,773801.06,180,F1,1,,,,,
2026-09-04,2026-09-04,CM,NSE,STK,471,INE143A01010,OSWALGREEN,EQ,,,,,OSWAL GREENTECH LIMITED,20.00,20.63,20.00,20.39,20.25,19.86,,20.39,,,158014,3215205.41,1301,F1,1,,,,,
2026-09-04,2026-09-04,CM,NSE,STK,756802,INE0BYP01024,OSWALPUMPS,EQ,,,,,OSWAL PUMPS LIMITED,282.85,291.50,278.00,279.20,280.00,279.55,,279.20,,,858028,241820863.70,14523,F1,1,,,,,
2026-09-04,2026-09-04,CM,NSE,STK,22914,INE0R8M01017,OWAIS,ST,,,,,OWAIS METAL & MINERAL,80.10,81.90,79.20,80.45,81.90,80.80,,80.45,,,10300,819430.00,55,F1,100,,,,,
2026-09-04,2026-09-04,CM,NSE,STK,765145,INE501F01018,PBMPOLY,EQ,,,,,P B M POLYTEX LTD.,59.30,64.00,57.14,61.00,61.00,58.67,,60.18,,,528,31599.23,9,F1,1,,,,,
2026-09-04,2026-09-04,CM,NSE,STK,25312,INE953R01016,PNGJL,EQ,,,,,P N GADGIL JEWELLERS LTD,589.00,614.40,586.70,609.05,609.80,591.25,,608.46,,,436673,265105299.10,17468,F1,1,,,,,
2026-09-04,2026-09-04,CM,NSE,STK,764845,INE035S01028,POEL,EQ,,,,,P O C L ENTERPRISES LTD.,143.05,147.94,141.00,142.78,142.90,144.20,,142.69,,,51934,7422842.32,928,F1,1,,,,,
2026-09-04,2026-09-04,CM,NSE,STK,29665,INE0XUS01020,PSRAJ,ST,,,,,P S RAJ STEELS LIMITED,77.20,84.00,77.20,83.95,84.00,80.00,,83.95,,,50000,4133125.00,15,F1,2500,,,,,
2026-09-04,2026-09-04,CM,NSE,STK,2535,INE179A01014,PGHH,EQ,,,,,P&G HYGIENE & HEALTH CARE,7725.00,7754.50,7659.00,7667.50,7659.00,7725.00,,7668.48,,,21072,162066881.50,6081,F1,1,,,,,
2026-09-04,2026-09-04,CM,NSE,STK,8735,INE0KN801013,PROPEQUITY,SM,,,,,P. E. ANALYTICS LIMITED,229.95,230.00,225.00,225.00,225.00,210.00,,225.00,,,3600,824370.00,6,F1,600,,,,,
2026-09-04,2026-09-04,CM,NSE,STK,759342,INE0S3G01027,PACEDIGITK,EQ,,,,,PACE DIGITEK LIMITED,167.50,168.39,166.12,167.59,167.21,166.23,,167.60,,,512494,85815387.14,6052,F1,1,,,,,
2026-09-04,2026-09-04,CM,NSE,STK,764823,INE883C01025,PACIFICI,EQ,,,,,PACIFIC INDUSTRIES LTD.,140.05,149.00,137.15,143.82,141.00,145.00,,143.23,,,288,40931.79,31,F1,1,,,,,
2026-09-04,2026-09-04,CM,NSE,STK,14413,INE761H01022,PAGEIND,EQ,,,,,PAGE INDUSTRIES LTD,35865.00,36370.00,35680.00,36300.00,36300.00,35865.00,,36299.92,,,14523,524991635.00,6597,F1,1,,,,,
2026-09-04,2026-09-04,CM,NSE,STK,25468,INE420C01059,PAISALO,EQ,,,,,PAISALO DIGITAL LIMITED,71.65,74.20,70.05,74.10,74.02,70.28,,74.09,,,31201929,2279945788.20,54941,F1,1,,,,,
2026-09-04,2026-09-04,CM,NSE,STK,17197,INE551D01018,PAKKA,EQ,,,,,PAKKA LIMITED,73.95,74.98,72.05,73.71,74.00,73.64,,73.71,,,119489,8785950.84,3006,F1,1,,,,,
2026-09-04,2026-09-04,CM,NSE,STK,21383,INE471W01019,PALASHSECU,EQ,,,,,PALASH SECURITIES LTD,91.70,91.70,89.00,90.17,90.60,88.43,,90.17,,,427,38851.72,10,F1,1,,,,,
2026-09-04,2026-09-04,CM,NSE,STK,17059,INE218G01033,PALREDTEC,BE,,,,,PALRED TECHNOLOGIES LTD,53.20,55.86,53.20,55.83,55.70,53.20,,55.83,,,7128,394456.47,22,F1,1,,,,,
2026-09-04,2026-09-04,CM,NSE,STK,4055,INE922B01023,PANACEABIO,EQ,,,,,PANACEA BIOTEC LTD,389.00,396.40,380.00,381.25,380.10,389.05,,381.25,,,56486,21703758.90,2070,F1,1,,,,,
2026-09-04,2026-09-04,CM,NSE,STK,16355,INE895W01019,PANACHE,BE,,,,,PANACHE DIGILIFE LIMITED,515.00,525.00,514.50,525.00,525.00,525.00,,525.00,,,3723,1938043.50,51,F1,1,,,,,
2026-09-04,2026-09-04,CM,NSE,STK,25392,INE305C01029,PANAMAPET,EQ,,,,,PANAMA PETROCHEM LTD,489.00,497.85,479.00,495.45,497.00,484.55,,495.45,,,242825,118972200.10,6523,F1,1,,,,,
2026-09-04,2026-09-04,CM,NSE,STK,765140,INE258R01028,PANORAMA,EQ,,,,,PANORAMA STUDIOS INTL. L,46.00,48.00,44.60,47.41,46.87,45.83,,47.48,,,473879,22283573.07,1614,F1,1,,,,,
2026-09-04,2026-09-04,CM,NSE,STK,6141,INE697V01011,PANSARI,EQ,,,,,PANSARI DEVELOPERS LTD,301.00,310.40,292.00,300.05,299.95,300.00,,300.05,,,589,177174.00,31,F1,1,,,,,
2026-09-04,2026-09-04,CM,NSE,STK,5637,INE04LG01015,PAR,BE,,,,,PAR DRUGS AND CHEM LTD,168.00,168.00,156.71,156.71,156.71,164.95,,156.71,,,10607,1675010.54,238,F1,1,,,,,
2026-09-04,2026-09-04,CM,NSE,STK,9741,INE088F01024,PARADEEP,EQ,,,,,PARADEEP PHOSPHATES LTD,154.00,157.68,152.50,157.00,157.21,153.53,,157.00,,,3778120,587418878.95,39668,F1,1,,,,,
2026-09-04,2026-09-04,CM,NSE,STK,17130,INE883N01014,PARAGMILK,EQ,,,,,PARAG MILK FOODS LTD.,255.00,255.70,247.05,249.60,250.80,254.20,,249.60,,,613677,153227135.10,7759,F1,1,,,,,
2026-09-04,2026-09-04,CM,NSE,STK,19779,INE0N4G01012,PARAGON,SM,,,,,PARAGON FINE S.C. LTD.,49.00,50.00,47.50,47.50,47.50,48.00,,47.50,,,8400,411060.00,6,F1,1200,,,,,
2026-09-04,2026-09-04,CM,NSE,STK,13951,INE074B01023,PARACABLES,EQ,,,,,PARAMOUNT COMM LTD,64.10,69.00,64.00,65.51,65.40,64.30,,65.51,,,4472304,300610733.88,19294,F1,1,,,,,
2026-09-04,2026-09-04,CM,NSE,STK,25716,INE0TG801013,PARAMOUNT,SM,,,,,PARAMOUNT DYE TEC LIMITED,36.85,36.85,36.85,36.85,36.85,35.10,,36.85,,,2400,88440.00,2,F1,1200,,,,,
2026-09-04,2026-09-04,CM,NSE,STK,25431,INE0Q6001012,PSFL,SM,,,,,PARAMOUNT SPECIALI FORG L,33.10,34.00,33.05,34.00,34.00,33.00,,34.00,,,42000,1401600.00,12,F1,2000,,,,,
2026-09-04,2026-09-04,CM,NSE,STK,5911,INE045601023,PARAS,EQ,,,,,PARAS DEF AND SPCE TECH L,1415.80,1439.90,1410.00,1414.90,1414.50,1411.50,,1414.86,,,552173,785278692.70,26678,F1,1,,,,,
2026-09-04,2026-09-04,CM,NSE,STK,3972,INE162C01024,PARASPETRO,EQ,,,,,PARAS PETROFILS LTD.,2.23,2.23,2.11,2.14,2.13,2.13,,2.14,,,112807,241498.83,216,F1,1,,,,,
2026-09-04,2026-09-04,CM,NSE,STK,5460,INE00U801010,PARIN,SM,,,,,PARIN ENTERPRISES LIMITED,735.00,735.00,699.00,716.30,716.55,713.85,,716.30,,,8500,6116300.00,30,F1,250,,,,,
2026-09-04,2026-09-04,CM,NSE,STK,760351,INE119201023,PARKHOSPS,EQ,,,,,PARK MEDI WORLD LIMITED,289.00,289.35,283.75,286.25,286.50,286.70,,286.22,,,504932,144649293.65,5915,F1,1,,,,,
2026-09-04,2026-09-04,CM,NSE,STK,22649,INE988S01028,PARKHOTELS,EQ,,,,,PARKHOTELS,112.95,113.70,111.82,112.18,111.91,113.14,,112.21,,,155104,17400151.70,1559,F1,1,,,,,
2026-09-04,2026-09-04,CM,NSE,STK,764833,INE383L01019,PARNAXLAB,EQ,,,,,PARNAX LAB LTD.,135.54,135.54,130.00,134.80,134.80,135.54,,130.85,,,736,98274.97,40,F1,1,,,,,
2026-09-04,2026-09-04,CM,NSE,STK,13795,INE561H01026,PARSVNATH,BE,,,,,PARSVNATH DEVELOPER LTD,1.57,1.57,1.57,1.57,1.57,1.54,,1.57,,,127768,200595.76,69,F1,1,,,,,
2026-09-04,2026-09-04,CM,NSE,STK,758217,INE1H7V01011,PARTH,SM,,,,,PARTH ELEC & ENG LTD,537.50,545.00,523.00,525.70,525.00,537.00,,525.70,,,13600,7226020.00,32,F1,400,,,,,
2026-09-04,2026-09-04,CM,NSE,STK,757955,INE124Y01028,PASHUPATI,EQ,,,,,PASHUPATI COTSPIN LIMITED,83.50,83.50,81.30,81.94,82.80,83.10,,81.97,,,25243,2077643.14,932,F1,1,,,,,
2026-09-04,2026-09-04,CM,NSE,STK,6048,INE818B01023,PASUPTAC,BE,,,,,PASUPATI ACRYLON LIMITED,67.50,69.82,66.95,67.64,67.65,66.79,,67.64,,,108786,7377833.06,719,F1,1,,,,,
2026-09-04,2026-09-04,CM,NSE,STK,17029,INE619A01035,PATANJALI,EQ,,,,,PATANJALI FOODS LIMITED,345.00,345.75,341.20,342.50,342.50,342.90,,342.51,,,1749871,600421012.45,8505,F1,1,,,,,
2026-09-04,2026-09-04,CM,NSE,STK,758732,INE244B07243,1025PATE28,N0,,,,,PATE 10.25% 2028,99500.00,99500.00,99500.00,99500.00,99500.00,101363.78,,99500.00,,,1,99500.00,1,F1,1,,,,,
2026-09-04,2026-09-04,CM,NSE,STK,11699,INE244B01030,PATELENG,EQ,,,,,PATEL ENGINEERING LTD.,27.12,27.50,27.00,27.28,27.30,27.11,,27.28,,,2330616,63590996.26,8796,F1,1,,,,,
2026-09-04,2026-09-04,CM,NSE,STK,15223,INE529D01014,PATINTLOG,BE,,,,,PATEL INT. LOG. LTD,13.40,13.68,13.27,13.32,13.27,13.41,,13.32,,,22681,305132.53,125,F1,1,,,,,
2026-09-04,2026-09-04,CM,NSE,STK,759439,INE0R8B01010,PATELRMART,EQ,,,,,PATEL RETAIL LIMITED,221.90,221.90,217.30,218.32,218.90,220.58,,218.37,,,23300,5100649.76,880,F1,1,,,,,
2026-09-04,2026-09-04,CM,NSE,STK,756963,INE17GV01016,PATILAUTOM,SM,,,,,PATIL AUTOMATION LIMITED,265.05,284.90,265.00,279.35,278.75,264.45,,279.35,,,271800,74184060.00,351,F1,600,,,,,
2026-09-04,2026-09-04,CM,NSE,STK,762834,INE291E01019,PML,EQ,,,,,PAUL MERCHANTS LTD.,493.95,500.00,486.00,488.80,500.00,493.95,,488.80,,,57,28141.50,11,F1,1,,,,,
2026-09-04,2026-09-04,CM,NSE,STK,759969,INE111F01024,PAUSHAKLTD,EQ,,,,,PAUSHAK LIMITED,808.00,816.45,781.00,785.50,790.00,806.15,,785.48,,,31723,25198556.45,2491,F1,1,,,,,
2026-09-04,2026-09-04,CM,NSE,STK,16192,INE07S101038,PAVNAIND,EQ,,,,,PAVNA INDUSTRIES LIMITED,16.72,18.30,16.72,17.22,17.20,16.87,,17.22,,,48040,831863.60,462,F1,1,,,,,
2026-09-04,2026-09-04,CM,NSE,STK,6656,INE417T01026,POLICYBZR,EQ,,,,,PB FINTECH LIMITED,1848.20,1866.60,1828.70,1836.00,1836.00,1870.00,,1836.12,,,445054,820287272.10,25654,F1,1,,,,,
2026-09-04,2026-09-04,CM,NSE,STK,29124,INE785M01021,PCJEWELLER,EQ,,,,,PC JEWELLER LTD,10.60,12.17,10.51,11.86,11.99,10.52,,11.86,,,1088942848,12427450209.39,285367,F1,1,,,,,
2026-09-04,2026-09-04,CM,NSE,STK,2649,INE602A01031,PCBL,EQ,,,,,PCBL CHEMICAL LIMITED,315.70,318.40,315.15,317.00,318.10,314.25,,317.01,,,621744,196675808.25,9849,F1,1,,,,,
2026-09-04,2026-09-04,CM,NSE,STK,5264,INE111Q01021,PDSL,EQ,,,,,PDS LIMITED,356.00,361.25,352.50,358.50,360.00,353.90,,358.52,,,97344,34790247.55,4396,F1,1,,,,,
2026-09-04,2026-09-04,CM,NSE,STK,14260,INE940H01022,PGIL,EQ,,,,,PEARL GLOBAL IND LIMITED,2316.70,2329.10,2268.30,2278.30,2277.00,2329.00,,2278.23,,,82043,187776070.00,13315,F1,1,,,,,
2026-09-04,2026-09-04,CM,NSE,STK,2610,INE844A01013,PEARLPOLY,EQ,,,,,PEARL POLYMERS LTD,15.05,15.90,15.00,15.08,15.05,15.29,,15.12,,,14296,220500.86,168,F1,1,,,,,
2026-09-04,2026-09-04,CM,NSE,STK,25408,INE0VG601013,PELATRO,SM,,,,,PELATRO LIMITED,364.00,395.00,356.00,391.75,395.00,364.00,,391.75,,,44400,16891605.00,107,F1,300,,,,,
2026-09-04,2026-09-04,CM,NSE,STK,5358,INE138A01028,PENINLAND,BE,,,,,PENINSULA LAND LIMITED,15.75,16.80,15.75,16.55,16.56,16.06,,16.55,,,90635,1486289.23,232,F1,1,,,,,
2026-09-04,2026-09-04,CM,NSE,STK,20621,INE932A01024,PENIND,EQ,,,,,PENNAR INDUSTRIES LTD,168.70,171.00,167.02,169.56,168.82,166.88,,169.56,,,477553,80693088.29,5875,F1,1,,,,,
2026-09-04,2026-09-04,CM,NSE,STK,17132,INE0ORS01017,PENTAGON,SM,,,,,PENTAGON RUBBER LIMITED,82.30,82.30,82.20,82.30,82.30,74.85,,82.30,,,33000,2715650.00,27,F1,1000,,,,,
2026-09-04,2026-09-04,CM,NSE,STK,764838,INE418E01018,PERMAGN,EQ,,,,,PERMANENT MAGNETS LTD.,889.95,906.10,868.05,888.20,898.00,876.60,,888.10,,,2962,2630444.25,360,F1,1,,,,,
2026-09-04,2026-09-04,CM,NSE,STK,18365,INE262H01021,PERSISTENT,EQ,,,,,PERSISTENT SYSTEMS LTD,5680.00,5724.50,5634.00,5643.00,5643.00,5657.00,,5643.17,,,302507,1716668563.50,22664,F1,1,,,,,
2026-09-04,2026-09-04,CM,NSE,STK,24290,INE998U01015,PCCL,SM,,,,,PETRO CARBON AND CHEMI L,444.95,444.95,423.05,425.15,425.10,440.55,,425.15,,,14400,6240180.00,22,F1,400,,,,,
2026-09-04,2026-09-04,CM,NSE,STK,11351,INE347G01014,PETRONET,EQ,,,,,PETRONET LNG LIMITED,290.25,292.15,287.80,288.10,288.10,289.50,,288.10,,,1412952,409960104.10,29476,F1,1,,,,,
2026-09-04,2026-09-04,CM,NSE,STK,760824,INE134E07DJ3,PFCL41A,NE,,,,,PFCL 0% 2041 SR V,1000.00,1000.01,1000.00,1000.00,1000.00,1000.00,,1000.00,,,85,85000.25,5,F1,1,,,,,
2026-09-04,2026-09-04,CM,NSE,STK,2643,INE182A01018,PFIZER,EQ,,,,,PFIZER LTD,4628.20,4667.90,4575.00,4609.70,4600.00,4643.70,,4610.35,,,32739,151183048.90,3276,F1,1,,,,,
2026-09-04,2026-09-04,CM,NSE,STK,25358,INE457L01029,PGEL,EQ,,,,,PG ELECTROPLAST LTD,554.90,564.00,552.05,562.30,562.30,553.90,,562.20,,,990864,554311658.00,20888,F1,1,,,,,
2026-09-04,2026-09-04,CM,NSE,STK,11612,INE0MLZ01019,PHANTOMFX,SM,,,,,PHANTOM DIGITAL EFF LTD,112.25,119.80,112.25,116.85,115.50,112.95,,116.85,,,31200,3638655.00,51,F1,300,,,,,
2026-09-04,2026-09-04,CM,NSE,STK,2658,INE245B01011,PHOENXINTL,EQ,,,,,PHOENIX INTERNATIONAL LTD,32.50,32.50,28.52,29.01,28.90,29.48,,29.01,,,5152,152635.81,84,F1,1,,,,,
2026-09-04,2026-09-04,CM,NSE,STK,759723,INE0LP301011,PWL,EQ,,,,,PHYSICSWALLAH LIMITED,123.37,130.70,123.03,126.42,126.74,120.60,,126.42,,,62160413,7880949747.05,264548,F1,1,,,,,
2026-09-04,2026-09-04,CM,NSE,STK,24184,INE603J01030,PIIND,EQ,,,,,PI INDUSTRIES LTD,2415.00,2509.00,2410.00,2465.00,2465.00,2419.90,,2465.07,,,415878,1029374226.80,27586,F1,1,,,,,
2026-09-04,2026-09-04,CM,NSE,STK,757754,INE546C01010,PICCADIL,EQ,,,,,PICCADILY AGRO INDUSTRI L,623.60,629.80,612.00,615.75,617.00,620.50,,615.75,,,167134,103408799.35,9013,F1,1,,,,,
2026-09-04,2026-09-04,CM,NSE,STK,24785,INE0YAL01017,PPSL,SM,,,,,PICTUREPOST STUDIOS LTD,2.80,2.90,2.80,2.85,2.85,2.85,,2.85,,,45000,127050.00,11,F1,3000,,,,,
2026-09-04,2026-09-04,CM,NSE,STK,2664,INE318A01026,PIDILITIND,EQ,,,,,PIDILITE INDUSTRIES LTD,1635.20,1638.30,1625.00,1629.50,1629.50,1638.30,,1629.50,,,605836,988119870.70,20726,F1,1,,,,,
2026-09-04,2026-09-04,CM,NSE,STK,30835,INE600A01035,PILITA,EQ,,,,,PIL ITALICA LIFESTYLE LTD,8.27,8.27,7.75,8.02,8.00,7.95,,8.02,,,40149,321050.26,139,F1,1,,,,,
2026-09-04,2026-09-04,CM,NSE,STK,11445,INE417C01014,PILANIINVS,EQ,,,,,PILANI INV & IND COR LTD,4360.00,4375.40,4322.00,4323.80,4322.00,4354.50,,4324.28,,,699,3034304.90,219,F1,1,,,,,
2026-09-04,2026-09-04,CM,NSE,STK,759820,INE15B701018,PINELABS,EQ,,,,,PINE LABS LIMITED,157.40,168.20,155.38,166.37,166.52,156.50,,166.36,,,46587163,7653141490.06,205278,F1,1,,,,,
2026-09-04,2026-09-04,CM,NSE,STK,13463,INE156C01018,PIONEEREMB,EQ,,,,,PIONEER EMBROIDERIES LTD,21.65,21.70,20.86,21.36,21.60,21.65,,21.36,,,62157,1323864.69,139,F1,1,,,,,
2026-09-04,2026-09-04,CM,NSE,STK,762832,INE746D01014,PIONRINV,BE,,,,,PIONEER INVESTCORP LTD.,80.00,83.89,76.05,83.89,83.89,80.00,,79.80,,,1072,85523.10,22,F1,1,,,,,
2026-09-04,2026-09-04,CM,NSE,STK,759551,INE202B01038,PIRAMALFIN,EQ,,,,,PIRAMAL FINANCE LIMITED,2221.00,2258.30,2201.60,2225.00,2230.00,2232.90,,2225.00,,,98603,220718571.40,14090,F1,1,,,,,
2026-09-04,2026-09-04,CM,NSE,STK,11571,INE0DK501011,PPLPHARMA,EQ,,,,,PIRAMAL PHARMA LIMITED,214.99,217.00,210.52,214.22,213.96,214.49,,214.22,,,2618467,558289239.93,27466,F1,1,,,,,
2026-09-04,2026-09-04,CM,NSE,STK,14134,INE450D01021,PITTIENG,EQ,,,,,PITTI ENGINEERING LIMITED,1112.00,1112.00,1073.00,1084.90,1090.00,1105.10,,1084.77,,,48625,53096321.70,3924,F1,1,,,,,
2026-09-04,2026-09-04,CM,NSE,STK,9087,INE751B01018,PIXTRANS,EQ,,,,,PIX TRANSMISSIONS LIMITED,1799.60,1810.00,1777.00,1791.70,1800.00,1799.40,,1791.74,,,12505,22410747.50,1710,F1,1,,,,,
2026-09-04,2026-09-04,CM,NSE,STK,19492,INE0PXD01014,PLADAINFO,SM,,,,,PLADA INFOTECH SERVICES L,10.80,10.85,10.80,10.85,10.85,10.35,,10.85,,,15000,162300.00,5,F1,3000,,,,,
2026-09-04,2026-09-04,CM,NSE,STK,13920,INE083C01022,PLASTIBLEN,EQ,,,,,PLASTIBLENDS INDIA LTD,189.47,189.58,186.00,187.91,187.60,188.33,,187.80,,,13407,2514432.49,468,F1,1,,,,,
2026-09-04,2026-09-04,CM,NSE,STK,22930,INE0PT501018,PLATIND,EQ,,,,,PLATINUM INDUSTRIES LTD,237.01,237.01,230.00,231.54,232.65,234.45,,231.55,,,92532,21495436.44,1706,F1,1,,,,,
2026-09-04,2026-09-04,CM,NSE,STK,19458,INE0INJ01017,PLAZACABLE,EQ,,,,,PLAZA WIRES LIMITED,62.75,63.00,60.00,61.32,61.46,62.62,,61.33,,,128546,7967473.84,1424,F1,1,,,,,
2026-09-04,2026-09-04,CM,NSE,STK,8736,INE859A01011,PNBGILTS,EQ,,,,,PNB GILTS LIMITED,78.99,85.50,78.99,83.08,83.30,78.63,,83.08,,,2416618,201073765.80,16087,F1,1,,,,,
2026-09-04,2026-09-04,CM,NSE,STK,18908,INE572E01012,PNBHOUSING,EQ,,,,,PNB HOUSING FIN LTD.,1141.10,1195.00,1141.10,1166.00,1166.00,1145.50,,1166.00,,,923575,1085395412.90,34433,F1,1,,,,,
2026-09-04,2026-09-04,CM,NSE,STK,9385,INE195J01029,PNCINFRA,EQ,,,,,PNC INFRATECH LTD.,182.95,187.50,180.01,183.11,183.00,182.97,,183.10,,,499774,91435527.05,9078,F1,1,,,,,
2026-09-04,2026-09-04,CM,NSE,STK,760242,INE1RDG01013,PNGSREVA,EQ,,,,,PNGS REVA DIAMOND JEWEL L,520.80,523.00,502.05,516.35,518.90,516.30,,516.34,,,103324,53120423.35,3156,F1,1,,,,,
2026-09-04,2026-09-04,CM,NSE,STK,19036,INE371C01013,PODDARMENT,EQ,,,,,PODDAR PIGMENTS LIMITED,259.70,260.00,253.10,257.10,257.75,255.60,,257.10,,,2908,746316.35,87,F1,1,,,,,
2026-09-04,2026-09-04,CM,NSE,STK,17651,INE637C01025,POKARNA,EQ,,,,,POKARNA LIMITED,832.20,836.00,811.00,817.15,816.60,831.40,,817.15,,,49926,41163028.50,2768,F1,1,,,,,
2026-09-04,2026-09-04,CM,NSE,STK,25718,INE205C01021,POLYMED,EQ,,,,,POLY MEDICURE LIMITED,1760.00,1774.90,1690.10,1702.50,1699.90,1768.70,,1702.48,,,171700,296233247.70,20605,F1,1,,,,,
2026-09-04,2026-09-04,CM,NSE,STK,9590,INE455K01017,POLYCAB,EQ,,,,,POLYCAB INDIA LIMITED,8500.00,8500.00,8250.00,8300.00,8300.00,8807.50,,8300.00,,,1559741,13025481530.00,162753,F1,1,,,,,
2026-09-04,2026-09-04,CM,NSE,STK,2687,INE633B01018,POLYPLEX,EQ,,,,,POLYPLEX CORPORATION LTD,1207.90,1207.90,1178.10,1191.00,1188.00,1202.70,,1190.92,,,72824,86625522.00,2725,F1,1,,,,,
2026-09-04,2026-09-04,CM,NSE,STK,22711,INE517M01028,POLYSIL,SM,,,,,POLYSIL IRRIGATION SYST L,70.40,70.40,70.40,70.40,70.40,67.05,,70.40,,,7000,492800.00,4,F1,500,,,,,
2026-09-04,2026-09-04,CM,NSE,STK,765150,INE914G01029,POLYSPIN,EQ,,,,,POLYSPIN EXPORTS LTD.,28.00,29.87,28.00,29.64,29.64,28.35,,28.59,,,1968,55976.43,21,F1,1,,,,,
2026-09-04,2026-09-04,CM,NSE,STK,14385,INE063E01061,POCL,EQ,,,,,PONDY OXIDES & CHEM LTD,479.70,490.00,475.25,477.80,479.00,476.10,,477.82,,,292548,141396537.65,14068,F1,1,,,,,
2026-09-04,2026-09-04,CM,NSE,STK,10661,INE838E01017,PONNIERODE,EQ,,,,,PONNIE SUGARS (ERODE) LTD,402.90,402.90,379.60,382.45,383.40,398.65,,382.45,,,31436,12169613.70,1966,F1,1,,,,,
2026-09-04,2026-09-04,CM,NSE,STK,11403,INE511C01022,POONAWALLA,EQ,,,,,POONAWALLA FINCORP LTD,466.55,476.35,464.00,468.45,468.05,465.10,,468.43,,,713159,335439808.45,25459,F1,1,,,,,
2026-09-04,2026-09-04,CM,NSE,STK,23142,INE772T01024,PVSL,EQ,,,,,POPULAR VEHICLES N SER L,104.95,104.95,101.40,102.63,102.00,103.54,,102.63,,,28205,2886053.44,581,F1,1,,,,,
2026-09-04,2026-09-04,CM,NSE,STK,24864,INE0S3H01017,POSITRON,SM,,,,,POSITRON ENERGY LIMITED,171.50,181.00,171.00,180.00,181.00,171.00,,180.00,,,23400,4127910.00,71,F1,300,,,,,
2026-09-04,2026-09-04,CM,NSE,STK,14299,INE134E01011,PFC,EQ,,,,,POWER FIN CORP LTD.,344.90,357.70,344.00,355.60,355.60,345.50,,355.61,,,19206290,6784877905.90,93027,F1,1,,,,,
2026-09-04,2026-09-04,CM,NSE,STK,14977,INE752E01010,POWERGRID,EQ,,,,,POWER GRID CORP. LTD.,266.90,267.50,265.05,266.00,266.00,265.60,,266.00,,,7967122,2120572391.70,60237,F1,1,,,,,
2026-09-04,2026-09-04,CM,NSE,STK,15716,INE557Z01018,PIGL,EQ,,,,,POWER INSTRUMENT (G) LTD,101.80,101.80,98.20,98.78,98.99,99.83,,98.78,,,28460,2832921.73,516,F1,1,,,,,
2026-09-04,2026-09-04,CM,NSE,STK,10473,INE211R01019,POWERMECH,EQ,,,,,POWER MECH PROJECTS LTD.,2399.90,2416.00,2270.10,2306.10,2336.00,2399.80,,2305.63,,,135843,315522739.70,18425,F1,1,,,,,
2026-09-04,2026-09-04,CM,NSE,STK,3494,INE0GGX23010,PGINVIT,IV,,,,,POWERGRID INFRA. INVITS,100.57,101.30,100.01,101.17,101.13,100.50,,101.17,,,962443,97000873.60,5825,F1,1,,,,,
2026-09-04,2026-09-04,CM,NSE,STK,761680,INE921L01032,POWERICA,EQ,,,,,POWERICA LIMITED,519.80,534.00,516.10,525.05,525.00,512.95,,525.04,,,291923,153900643.85,8896,F1,1,,,,,
2026-09-04,2026-09-04,CM,NSE,STK,15213,INE095I01015,PPAP,BE,,,,,PPAP AUTOMOTIVE LIMITED,256.70,263.00,255.80,260.90,261.90,256.70,,260.85,,,10692,2782884.30,187,F1,1,,,,,
2026-09-04,2026-09-04,CM,NSE,STK,30134,INE0I0M01023,PRABHA,EQ,,,,,PRABHA ENERGY LIMITED,221.99,258.40,218.81,230.60,234.99,220.97,,230.60,,,11908766,2898374986.87,138252,F1,1,,,,,
2026-09-04,2026-09-04,CM,NSE,STK,762842,INE770A01010,PRADPME,BE,,,,,PRADEEP METALS LTD.,497.45,500.00,486.00,491.60,490.00,497.45,,492.14,,,11144,5474019.90,97,F1,1,,,,,
2026-09-04,2026-09-04,CM,NSE,STK,2705,INE074A01025,PRAJIND,EQ,,,,,PRAJ INDUSTRIES LTD,339.95,343.35,333.65,335.55,335.00,341.60,,335.56,,,425298,143229059.95,10510,F1,1,,,,,
2026-09-04,2026-09-04,CM,NSE,STK,13941,INE505C01016,PRAENG,EQ,,,,,PRAJAY ENG. SYN. LTD.,25.49,26.10,24.36,24.69,24.63,25.75,,24.61,,,154995,3901465.00,492,F1,1,,,,,
2026-09-04,2026-09-04,CM,NSE,STK,2708,INE603A01013,PRAKASH,EQ,,,,,PRAKASH INDUSTRIES LTD,124.16,126.79,123.11,125.63,126.00,123.66,,125.63,,,297033,37243388.33,3287,F1,1,,,,,
2026-09-04,2026-09-04,CM,NSE,STK,10299,INE050001010,PPL,BE,,,,,PRAKASH PIPES LIMITED,256.50,263.90,255.10,262.00,262.15,257.40,,262.05,,,23505,6119450.15,310,F1,1,,,,,
2026-09-04,2026-09-04,CM,NSE,STK,19599,INE696K01024,PRAKASHSTL,EQ,,,,,PRAKASH STEELAGE LTD,3.65,3.90,3.65,3.82,3.83,3.65,,3.82,,,213981,809051.87,354,F1,1,,,,,
2026-09-04,2026-09-04,CM,NSE,STK,18514,INE0O7A01017,PRAMARA,SM,,,,,PRAMARA PROMOTIONS LTD,102.45,104.85,101.25,102.25,102.95,103.25,,102.25,,,6500,666625.00,11,F1,500,,,,,
2026-09-04,2026-09-04,CM,NSE,STK,765287,INE2JG601017,PRAMODINI,SM,,,,,PRAMODINI MEDICARE LTD,115.00,116.95,114.05,114.80,114.50,115.25,,114.80,,,46800,5412660.00,35,F1,1200,,,,,
2026-09-04,2026-09-04,CM,NSE,STK,25818,INE0VJG01014,PRANIK,SM,,,,,PRANIK LOGISTICS LIMITED,41.45,47.85,41.45,47.85,47.85,39.90,,47.85,,,43200,2040880.00,22,F1,1600,,,,,
2026-09-04,2026-09-04,CM,NSE,STK,21840,INE393P01035,DIAMONDYD,EQ,,,,,PRATAAP SNACKS LIMITED,1162.30,1162.30,1147.60,1158.30,1161.00,1159.80,,1158.30,,,5787,6672296.50,713,F1,1,,,,,
2026-09-04,2026-09-04,CM,NSE,STK,23113,INE0QA601016,PRATHAM,SM,,,,,PRATHAM EPC PROJECTS LTD,119.00,119.00,119.00,119.00,119.00,120.00,,119.00,,,1200,142800.00,1,F1,400,,,,,
2026-09-04,2026-09-04,CM,NSE,STK,762844,INE722B01019,PRAVEG,EQ,,,,,PRAVEG LTD.,263.00,273.40,261.00,266.15,265.00,260.40,,266.16,,,28429,7582929.95,1605,F1,1,,,,,
2026-09-04,2026-09-04,CM,NSE,STK,1204,INE546Y01022,PRAXIS,EQ,,,,,PRAXIS HOME RETAIL LTD,4.46,4.65,4.45,4.65,4.65,4.43,,4.68,,,292373,1346001.15,210,F1,1,,,,,
2026-09-04,2026-09-04,CM,NSE,STK,12603,INE484I01029,PRECAM,EQ,,,,,PRECISION CAMSHAFTS LTD.,122.65,126.00,122.47,124.02,124.40,122.10,,124.03,,,118929,14710960.91,2612,F1,1,,,,,
2026-09-04,2026-09-04,CM,NSE,STK,7963,INE0HKW01018,PRECISION,ST,,,,,PRECISION METALIKS LTD,6.50,6.50,6.50,6.50,6.50,6.45,,6.50,,,2000,13000.00,1,F1,2000,,,,,
2026-09-04,2026-09-04,CM,NSE,STK,2717,INE372C01037,PRECWIRE,EQ,,,,,PRECISION WIRES INDIA LTD,491.75,501.85,469.55,472.80,472.00,487.85,,472.70,,,830119,402085823.05,28644,F1,1,,,,,
2026-09-04,2026-09-04,CM,NSE,STK,2711,INE283A01014,PRECOT,EQ,,,,,PRECOT LIMITED,700.90,709.95,677.15,698.05,692.00,699.90,,698.05,,,2308,1612694.70,147,F1,1,,,,,
2026-09-04,2026-09-04,CM,NSE,STK,762849,INE001E01012,PREMCO,EQ,,,,,PREMCO GLOBAL LTD.,388.00,392.00,385.45,390.95,390.95,385.55,,389.12,,,2051,792274.20,39,F1,1,,,,,
2026-09-04,2026-09-04,CM,NSE,STK,25049,INE0BS701011,PREMIERENE,EQ,,,,,PREMIER ENERGIES LIMITED,1002.50,1008.80,996.00,1002.00,1002.00,1008.00,,1001.99,,,1046394,1046345313.50,23550,F1,1,,,,,
2026-09-04,2026-09-04,CM,NSE,STK,17397,INE863B01029,PREMEXPLN,EQ,,,,,PREMIER EXPLOSIVES LTD,665.00,672.00,663.00,664.00,664.00,666.35,,663.99,,,305895,203733077.50,2677,F1,1,,,,,
2026-09-04,2026-09-04,CM,NSE,STK,6248,INE342A01018,PREMIER,BE,,,,,PREMIER LIMITED,2.70,2.77,2.57,2.75,2.75,2.64,,2.74,,,8850,23932.73,34,F1,1,,,,,
2026-09-04,2026-09-04,CM,NSE,STK,3908,INE309M01020,PREMIERPOL,EQ,,,,,PREMIER POLYFILM LTD,93.50,98.80,87.21,95.36,96.00,92.35,,95.35,,,1113475,105573162.20,12281,F1,1,,,,,
2026-09-04,2026-09-04,CM,NSE,STK,23764,INE0CFG01012,PRLIND,SM,,,,,PREMIER ROADLINES LIMITED,38.65,39.00,37.60,38.05,38.20,38.85,,38.05,,,102000,3894550.00,83,F1,1000,,,,,
2026-09-04,2026-09-04,CM,NSE,STK,25898,INE0M1F01011,PREMIUM,SM,,,,,PREMIUM PLAST LIMITED,41.25,42.20,38.00,38.00,38.00,41.20,,38.00,,,21000,866850.00,7,F1,3000,,,,,
2026-09-04,2026-09-04,CM,NSE,STK,20498,INE0R1601012,PRESSTONIC,SM,,,,,PRESSTONIC ENGINEERING L,35.00,35.00,32.40,33.05,32.95,34.30,,33.05,,,55200,1832760.00,46,F1,800,,,,,
2026-09-04,2026-09-04,CM,NSE,STK,20302,INE811K01011,PRESTIGE,EQ,,,,,PRESTIGE ESTATE LTD,1620.10,1646.60,1565.20,1587.00,1587.00,1615.20,,1589.32,,,588022,941515111.20,23708,F1,1,,,,,
2026-09-04,2026-09-04,CM,NSE,STK,19631,INE726V01018,PRICOLLTD,EQ,,,,,PRICOL LIMITED,768.20,772.60,753.20,764.95,763.00,768.40,,764.95,,,246508,188014405.05,15204,F1,1,,,,,
2026-09-04,2026-09-04,CM,NSE,STK,759075,INE0CQA01020,PRIMECAB,ST,,,,,PRIME CABLE INDUSTRIES L,198.00,209.35,194.00,197.50,197.50,200.00,,197.50,,,25600,5068880.00,16,F1,1600,,,,,
2026-09-04,2026-09-04,CM,NSE,STK,13496,INE367G01038,PFOCUS,EQ,,,,,PRIME FOCUS LIMITED,298.95,309.95,289.85,307.00,307.05,291.65,,306.84,,,1960283,588946594.50,31885,F1,1,,,,,
2026-09-04,2026-09-04,CM,NSE,STK,11864,INE032B01021,PRIMESECU,EQ,,,,,PRIME SECURITIES LIMITED,288.85,291.05,281.25,284.50,281.65,290.20,,284.49,,,24727,7032932.10,423,F1,1,,,,,
2026-09-04,2026-09-04,CM,NSE,STK,756925,INE607A01022,PRIMO,EQ,,,,,PRIMO CHEMICALS LIMITED,20.94,21.89,20.40,21.27,21.19,20.68,,21.27,,,157678,3328617.54,1031,F1,1,,,,,
2026-09-04,2026-09-04,CM,NSE,STK,16045,INE689W01016,PRINCEPIPE,EQ,,,,,PRINCE PIPES FITTINGS LTD,284.50,291.50,281.50,283.00,284.00,289.50,,282.99,,,140756,39969794.40,3824,F1,1,,,,,
2026-09-04,2026-09-04,CM,NSE,STK,765559,INE15EH01014,PRIORITY,BE,,,,,PRIORITY JEWELS LIMITED,230.00,241.50,230.00,241.50,241.50,200.00,,241.38,,,1959092,457566030.15,16280,F1,1,,,,,
2026-09-04,2026-09-04,CM,NSE,STK,2739,INE010A01011,PRSMJOHNSN,EQ,,,,,PRISM JOHNSON LIMITED,111.16,112.22,111.00,111.12,111.00,111.31,,111.12,,,167167,18623299.06,2108,F1,1,,,,,
2026-09-04,2026-09-04,CM,NSE,STK,765155,INE286N01028,PRISMX,EQ,,,,,PRISMX GLOBAL VENTURES L,0.52,0.56,0.52,0.55,0.56,0.52,,0.54,,,111170,59981.96,126,F1,1,,,,,
2026-09-04,2026-09-04,CM,NSE,STK,8310,INE974Z01015,PRITI,BE,,,,,PRITI INTERNATIONAL LTD,34.05,34.05,32.51,33.89,33.95,33.35,,33.89,,,4101,136867.24,59,F1,1,,,,,
2026-09-04,2026-09-04,CM,NSE,STK,5296,INE583R01029,PRITIKAUTO,BE,,,,,PRITIKA AUTO INDUS LTD,15.96,16.40,15.75,16.27,16.26,16.28,,16.25,,,189451,3041221.40,387,F1,1,,,,,
2026-09-04,2026-09-04,CM,NSE,STK,9342,INE392B01011,PNC,EQ,,,,,PRITISH NANDY COMMUNICATI,16.45,16.90,16.26,16.72,16.75,16.62,,16.72,,,4397,72597.76,101,F1,1,,,,,
2026-09-04,2026-09-04,CM,NSE,STK,8825,INE959A01019,PRIVISCL,EQ,,,,,PRIVI SPECIALITY CHE LTD,3410.00,3410.60,3350.00,3367.30,3400.70,3373.50,,3367.33,,,42021,142088549.20,6916,F1,1,,,,,
2026-09-04,2026-09-04,CM,NSE,STK,24511,INE0V9N01017,PRIZOR,ST,,,,,PRIZOR VIZTECH LIMITED,1161.00,1200.40,1161.00,1200.40,1200.40,1176.90,,1200.40,,,6400,7594400.00,16,F1,400,,,,,
2026-09-04,2026-09-04,CM,NSE,STK,757806,INE0VJT01017,PROFX,SM,,,,,PRO FX TECH LIMITED,77.00,77.00,77.00,77.00,77.00,76.10,,77.00,,,1600,123200.00,1,F1,1600,,,,,
2026-09-04,2026-09-04,CM,NSE,STK,940,INE199A01012,PGHL,EQ,,,,,PROCTER & GAMBLE HEALTH L,5757.50,5780.00,5650.00,5660.00,5651.00,5757.50,,5659.92,,,7255,41204672.50,2559,F1,1,,,,,
2026-09-04,2026-09-04,CM,NSE,STK,19352,INE994V01012,PROLIFE,SM,,,,,PROLIFE INDUSTRIES LTD,78.00,79.00,78.00,79.00,79.00,79.00,,79.00,,,1000,78500.00,2,F1,500,,,,,
2026-09-04,2026-09-04,CM,NSE,STK,764345,INE1FFX01018,PROPSHOP,SM,,,,,PROPSHOP EVENTS AND EXH L,69.00,72.00,66.05,70.10,70.10,69.60,,70.10,,,174000,12086000.00,44,F1,2000,,,,,
2026-09-04,2026-09-04,CM,NSE,STK,758173,INE0BX301013,PROSTARM,EQ,,,,,PROSTARM INFO SYSTEMS LTD,131.15,138.00,129.38,134.73,137.00,129.73,,134.73,,,275346,36584770.99,2776,F1,1,,,,,
2026-09-04,2026-09-04,CM,NSE,STK,29472,INE004A01022,PROTEAN,EQ,,,,,PROTEAN EGOV TECHNO LTD,497.00,503.00,489.35,496.30,501.00,494.80,,496.34,,,385965,191248327.85,10626,F1,1,,,,,
2026-09-04,2026-09-04,CM,NSE,STK,16483,INE0ONE01016,PROV,SM,,,,,PROVENTUS AGROCOM LIMITED,1875.00,1925.00,1875.00,1910.00,1910.00,1875.00,,1910.00,,,240,456800.00,3,F1,80,,,,,
2026-09-04,2026-09-04,CM,NSE,STK,28859,INE195N01013,PROZONER,EQ,,,,,PROZONE REALTY LIMITED,46.02,50.70,45.75,49.76,49.90,46.42,,49.75,,,722413,35255816.95,3869,F1,1,,,,,
2026-09-04,2026-09-04,CM,NSE,STK,9553,INE00F201020,PRUDENT,EQ,,,,,PRUDENT CORP ADV SER LTD,3328.40,3358.50,3200.00,3347.60,3350.00,3328.50,,3347.94,,,53800,177108004.30,11099,F1,1,,,,,
2026-09-04,2026-09-04,CM,NSE,STK,20528,INE024D01016,PRUDMOULI,BE,,,,,PRUDENTIAL SUGAR CORPORAT,16.50,16.50,15.85,16.25,16.25,16.49,,16.00,,,4362,70303.47,40,F1,1,,,,,
2026-09-04,2026-09-04,CM,NSE,STK,20877,INE488V01015,PSPPROJECT,EQ,,,,,PSP PROJECTS LIMITED,868.00,887.90,862.00,875.50,884.00,861.95,,875.56,,,51382,44915249.10,3446,F1,1,,,,,
2026-09-04,2026-09-04,CM,NSE,STK,22602,INE560K01014,PFS,EQ,,,,,PTC INDIA FIN SERV LTD,27.40,27.73,26.75,26.94,26.99,27.11,,26.94,,,481425,13081786.28,2116,F1,1,,,,,
2026-09-04,2026-09-04,CM,NSE,STK,11355,INE877F01012,PTC,EQ,,,,,PTC INDIA LIMITED,155.34,156.80,155.25,156.29,156.50,155.25,,156.29,,,849440,132486414.18,9419,F1,1,,,,,
2026-09-04,2026-09-04,CM,NSE,STK,16682,INE596F01018,PTCIL,EQ,,,,,PTC INDUSTRIES LIMITED,23705.00,24125.00,23410.00,23830.00,23680.00,23820.00,,23829.96,,,65344,1557565105.00,24412,F1,1,,,,,
2026-09-04,2026-09-04,CM,NSE,STK,14101,INE034D01049,PTL,EQ,,,,,PTL ENTERPRISES LTD,38.64,39.25,38.25,38.74,38.55,38.22,,38.72,,,62624,2430682.57,985,F1,1,,,,,
2026-09-04,2026-09-04,CM,NSE,STK,15377,INE865T01018,PDMJEPAPER,EQ,,,,,PUDUMJEE PAPER PRO. LTD,96.00,96.06,92.70,93.22,94.00,94.57,,93.21,,,86197,8107159.55,1518,F1,1,,,,,
2026-09-04,2026-09-04,CM,NSE,STK,507,INE335X01014,PULZ,SM,,,,,PULZ ELECTRONICS LIMITED,22.40,22.40,22.05,22.10,22.05,22.95,,22.10,,,16000,355300.00,7,F1,2000,,,,,
2026-09-04,2026-09-04,CM,NSE,STK,21001,INE608A01012,PSB,EQ,,,,,PUNJAB & SIND BANK,23.19,23.45,22.99,23.23,23.31,23.05,,23.23,,,1431638,33265008.82,4731,F1,1,,,,,
2026-09-04,2026-09-04,CM,NSE,STK,4344,INE277B01014,PUNJABCHEM,EQ,,,,,PUNJAB CHEM & CROP PROT L,1099.70,1110.10,1087.10,1100.30,1106.00,1097.00,,1100.30,,,2842,3133519.30,295,F1,1,,,,,
2026-09-04,2026-09-04,CM,NSE,STK,10666,INE160A01022,PNB,EQ,,,,,PUNJAB NATIONAL BANK,116.90,118.05,116.45,117.00,117.00,116.32,,116.99,,,11160741,1311836105.82,35033,F1,1,,,,,
2026-09-04,2026-09-04,CM,NSE,STK,14922,INE323I01011,PURVA,EQ,,,,,PURAVANKARA LIMITED,215.00,236.00,215.00,230.72,227.50,211.09,,230.72,,,17390475,4000964936.51,139958,F1,1,,,,,
2026-09-04,2026-09-04,CM,NSE,STK,28044,INE0P5R01014,PURPLEUTED,ST,,,,,PURPLE UNITED SALES LTD,400.00,416.45,400.00,416.20,416.45,396.65,,416.20,,,40750,16713800.00,115,F1,250,,,,,
2026-09-04,2026-09-04,CM,NSE,STK,22938,INE0R6C01012,PURVFLEXI,SM,,,,,PURV FLEXIPACK LIMITED,45.80,47.00,45.80,45.80,45.80,48.20,,45.80,,,11200,514920.00,10,F1,800,,,,,
2026-09-04,2026-09-04,CM,NSE,STK,757683,INE154801018,PUSHPA,SM,,,,,PUSHPA JEWELLERS LIMITED,106.55,108.95,106.25,108.95,108.95,110.00,,108.95,,,8000,859500.00,8,F1,1000,,,,,
2026-09-04,2026-09-04,CM,NSE,STK,4010,INE362A01016,PVP,EQ,,,,,PVP VENTURES LIMITED,64.89,68.14,62.11,67.94,68.14,64.90,,67.94,,,5145513,339808573.21,15960,F1,1,,,,,
2026-09-04,2026-09-04,CM,NSE,STK,13147,INE191H01014,PVRINOX,EQ,,,,,PVR INOX LIMITED,1216.00,1232.80,1215.00,1227.20,1230.00,1247.50,,1227.19,,,213587,261244339.80,19534,F1,1,,,,,
2026-09-04,2026-09-04,CM,NSE,STK,18250,INE0MIS01010,PYRAMID,EQ,,,,,PYRAMID TECHNOPLAST LTD,156.50,156.50,151.88,153.83,152.56,154.87,,153.73,,,60009,9206887.37,990,F1,1,,,,,
2026-09-04,2026-09-04,CM,NSE,STK,763594,INE1G2W01011,QLINE,SM,,,,,Q-LINE BIOTECH LIMITED,637.60,655.00,635.00,639.60,640.00,637.60,,639.60,,,64400,41382200.00,150,F1,400,,,,,
2026-09-04,2026-09-04,CM,NSE,STK,751653,INE0FMW01018,QMSMEDI,BE,,,,,QMS MEDICAL ALLIED S LTD,163.70,163.70,152.00,158.97,158.95,159.07,,158.97,,,14456,2264200.24,140,F1,1,,,,,
2026-09-04,2026-09-04,CM,NSE,STK,5870,INE0GOJ01027,QUADPRO,SM,,,,,QUADPRO ITES LIMITED,2.50,2.50,2.50,2.50,2.50,2.45,,2.50,,,24000,60000.00,1,F1,12000,,,,,
2026-09-04,2026-09-04,CM,NSE,STK,29087,INE0LRY01011,QUADFUTURE,EQ,,,,,QUADRANT FUTURE TEK LTD,427.00,439.00,415.10,417.90,420.95,425.60,,417.94,,,294130,124379673.25,7422,F1,1,,,,,
2026-09-04,2026-09-04,CM,NSE,STK,29711,INE0SII01026,QPOWER,EQ,,,,,QUALITY POWER ELEC EQUP L,1435.00,1495.30,1431.20,1495.30,1495.30,1424.10,,1495.29,,,228191,338343853.20,13078,F1,1,,,,,
2026-09-04,2026-09-04,CM,NSE,STK,15330,INF082J01408,QGOLDHALF,EQ,,,,,QUANTUM GOLD ETF,127.39,128.96,127.10,127.62,127.60,126.98,,127.62,,,315196,40245518.01,1196,F1,1,,,,,
2026-09-04,2026-09-04,CM,NSE,STK,16819,INF082J01499,QNIFTY,EQ,,,,,QUANTUM NIFTY 50 ETF,270.24,270.24,262.80,264.15,264.40,263.65,,264.15,,,2823,745391.50,154,F1,1,,,,,
2026-09-04,2026-09-04,CM,NSE,STK,765392,INF966L01EI5,SILVER001,EQ,,,,,QUANT_AMC - SILVER001,23.72,23.83,23.26,23.54,23.56,23.25,,23.54,,,14165,333441.82,62,F1,1,,,,,
2026-09-04,2026-09-04,CM,NSE,STK,17704,INE615P01015,QUESS,EQ,,,,,QUESS CORP LIMITED,367.00,367.00,343.70,354.75,355.50,366.55,,354.73,,,974018,341996289.60,29950,F1,1,,,,,
2026-09-04,2026-09-04,CM,NSE,STK,23793,INE0TNW01017,QUESTLAB,SM,,,,,QUEST LABORATORIES LTD,85.05,85.50,84.90,85.50,85.50,84.80,,85.50,,,6000,510420.00,4,F1,1200,,,,,
2026-09-04,2026-09-04,CM,NSE,STK,13131,INE306L01010,QUICKHEAL,BE,,,,,QUICK HEAL TECH LTD,137.14,141.00,136.00,140.94,141.00,137.14,,140.94,,,56701,7915603.58,594,F1,1,,,,,
2026-09-04,2026-09-04,CM,NSE,STK,15285,INE0K4D01020,QUICKTOUCH,SM,,,,,QUICKTOUCH TECHNOLOGIES L,14.70,16.00,14.70,16.00,16.00,15.25,,16.00,,,5000,77725.00,9,F1,500,,,,,
2026-09-04,2026-09-04,CM,NSE,STK,762854,INE641R01017,QUINT,EQ,,,,,QUINT DIGITAL LTD.,41.00,41.35,39.03,40.68,41.35,39.91,,40.70,,,9343,373966.08,86,F1,1,,,,,
2026-09-04,2026-09-04,CM,NSE,STK,23043,INE0NQ801033,RKSWAMY,EQ,,,,,R K SWAMY LIMITED,92.50,94.69,91.70,94.25,94.00,92.00,,94.25,,,16462,1544250.87,439,F1,1,,,,,
2026-09-04,2026-09-04,CM,NSE,STK,757836,INE219Y01026,RMDRIP,BE,,,,,R M DRIP & SPRINK SYS LTD,21.40,21.80,21.00,21.13,21.10,21.00,,21.13,,,262979,5560772.36,528,F1,1,,,,,
2026-09-04,2026-09-04,CM,NSE,STK,762864,INE951M01037,RRIL,EQ,,,,,R R I L LTD.,16.99,17.00,16.50,16.66,16.80,16.71,,16.65,,,18631,311329.94,113,F1,1,,,,,
2026-09-04,2026-09-04,CM,NSE,STK,18566,INE777K01022,RRKABEL,EQ,,,,,R R KABEL LIMITED,2550.00,2609.00,2374.40,2454.10,2458.00,2617.70,,2453.95,,,2596720,6401107136.30,180021,F1,1,,,,,
2026-09-04,2026-09-04,CM,NSE,STK,762872,INE616F01022,RSDFIN,BE,,,,,R S D FINANCE LTD.,105.10,105.10,95.22,96.75,100.64,100.11,,96.75,,,2026,199570.24,40,F1,1,,,,,
2026-09-04,2026-09-04,CM,NSE,STK,13414,INE411H01032,RSYSTEMS,EQ,,,,,R SYS INTERNATIONAL LTD,252.50,257.50,251.00,256.12,256.89,252.64,,256.10,,,203978,52005307.20,3980,F1,1,,,,,
2026-09-04,2026-09-04,CM,NSE,STK,764855,INE005C01017,RTSPOWR,EQ,,,,,R T S POWER CORPN. LTD.,92.21,99.00,87.10,88.08,90.00,90.40,,88.96,,,2343,211519.23,62,F1,1,,,,,
2026-09-04,2026-09-04,CM,NSE,STK,758981,INE012Q01039,RNBDENIMS,EQ,,,,,R&B DENIMS LIMITED,10.81,10.81,10.27,10.27,10.27,10.81,,10.27,,,424488,4383747.18,764,F1,1,,,,,
2026-09-04,2026-09-04,CM,NSE,STK,6429,INE165B01029,RSSOFTWARE,EQ,,,,,R. S. SOFTWARE (INDIA) LI,30.10,31.40,29.50,30.61,30.90,29.91,,30.61,,,50380,1546830.98,354,F1,1,,,,,
2026-09-04,2026-09-04,CM,NSE,STK,20760,INE324L01013,RPPINFRA,EQ,,,,,R.P.P INFRA PROJECTS LTD,55.65,55.68,53.77,54.14,54.00,55.04,,54.13,,,32609,1783201.00,614,F1,1,,,,,
2026-09-04,2026-09-04,CM,NSE,STK,762244,INE2PB023011,RIIT,IV,,,,,RAAJMARG INFRA INVEST T,122.40,122.40,121.41,121.57,121.57,121.40,,121.57,,,56392,6856247.76,1261,F1,1,,,,,
2026-09-04,2026-09-04,CM,NSE,STK,15391,INE084Q01012,RACE,EQ,,,,,RACE ECO CHAIN LIMITED,98.31,102.29,98.31,99.30,99.05,100.94,,99.30,,,72608,7299943.38,195,F1,1,,,,,
2026-09-04,2026-09-04,CM,NSE,STK,9854,INE02OY01016,RILINFRA,SM,,,,,RACHANA INFRA LTD,36.00,36.00,35.05,35.15,35.20,35.10,,35.15,,,4900,173305.00,25,F1,100,,,,,
2026-09-04,2026-09-04,CM,NSE,STK,27171,INE704B01017,RACLGEAR,EQ,,,,,RACL GEARTECH LIMITED,1575.00,1617.90,1544.70,1576.10,1585.00,1558.80,,1576.04,,,47944,76130650.20,5411,F1,1,,,,,
2026-09-04,2026-09-04,CM,NSE,STK,10932,INE874F01027,RADAAN,EQ,,,,,RADAAN MEDIAWORKS (I) LTD,3.05,3.11,2.82,2.97,2.97,2.89,,2.97,,,44053,129642.18,113,F1,1,,,,,
2026-09-04,2026-09-04,CM,NSE,STK,10343,INE583V01021,RADHIKAJWE,EQ,,,,,RADHIKA JEWELTECH LIMITED,71.55,85.00,71.55,83.16,84.20,71.32,,83.16,,,14544177,1179993917.43,82624,F1,1,,,,,
2026-09-04,2026-09-04,CM,NSE,STK,13580,INE855R01021,RADIANTCMS,EQ,,,,,RADIANT CASH MGMT SER LTD,40.22,45.25,40.22,41.78,42.19,39.87,,41.73,,,1713450,73368366.51,7743,F1,1,,,,,
2026-09-04,2026-09-04,CM,NSE,STK,10990,INE944F01028,RADICO,EQ,,,,,RADICO KHAITAN LTD,4536.40,4559.80,4444.00,4494.00,4494.00,4559.00,,4494.07,,,205308,919697746.20,29577,F1,1,,,,,
2026-09-04,2026-09-04,CM,NSE,STK,23445,INE430U01019,RADIOWALLA,ST,,,,,RADIOWALLA NETWORK LTD,28.70,28.70,28.70,28.70,28.70,30.20,,28.70,,,8000,229600.00,4,F1,1600,,,,,
2026-09-04,2026-09-04,CM,NSE,STK,24735,INE912T01018,RPEL,EQ,,,,,RAGHAV PRODUCTIVITY ENH L,1889.80,1943.70,1778.40,1807.20,1800.00,1885.20,,1807.26,,,209791,389159355.20,27169,F1,1,,,,,
2026-09-04,2026-09-04,CM,NSE,STK,9552,INE415G01027,RVNL,EQ,,,,,RAIL VIKAS NIGAM LIMITED,211.00,214.18,209.62,212.49,212.49,209.30,,212.42,,,6287421,1333587361.14,44145,F1,1,,,,,
2026-09-04,2026-09-04,CM,NSE,STK,2431,INE0DD101019,RAILTEL,EQ,,,,,RAILTEL CORP OF IND LTD,270.80,273.90,270.00,271.05,272.00,270.90,,271.06,,,401507,109092505.85,9571,F1,1,,,,,
2026-09-04,2026-09-04,CM,NSE,STK,15337,INE855B01025,RAIN,EQ,,,,,RAIN INDUSTRIES LIMITED,212.60,217.30,210.10,215.72,214.98,211.71,,215.71,,,4009182,859118962.85,27891,F1,1,,,,,
2026-09-04,2026-09-04,CM,NSE,STK,9408,INE961O01016,RAINBOW,EQ,,,,,RAINBOW CHILDRENS MED LTD,1460.00,1460.00,1432.30,1447.20,1445.00,1440.80,,1447.08,,,49513,71466658.20,8665,F1,1,,,,,
2026-09-04,2026-09-04,CM,NSE,STK,359,INE294G01026,ROML,EQ,,,,,RAJ OIL MILLS LIMITED,42.20,42.80,41.31,42.00,42.42,42.35,,42.00,,,11538,484795.95,77,F1,1,,,,,
2026-09-04,2026-09-04,CM,NSE,STK,8428,INE533D01032,RAJRILTD,BE,,,,,RAJ RAYON INDUSTRIES LTD,21.88,22.44,21.88,22.09,22.09,22.32,,22.01,,,3031,66838.62,51,F1,1,,,,,
2026-09-04,2026-09-04,CM,NSE,STK,14403,INE952H01027,RAJTV,EQ,,,,,RAJ TV NETWORK LTD,8.21,8.50,8.07,8.07,8.07,8.49,,8.07,,,220386,1781351.41,305,F1,1,,,,,
2026-09-04,2026-09-04,CM,NSE,STK,762859,INE296E01026,RAJPALAYAM,EQ,,,,,RAJAPALAYAM MILLS LTD.,800.00,809.80,795.00,795.30,795.90,799.70,,795.28,,,1199,954846.40,51,F1,1,,,,,
2026-09-04,2026-09-04,CM,NSE,STK,181,INE610C01014,ARENTERP,EQ,,,,,RAJDARSHAN INDUSTRIES LTD,36.00,36.00,34.60,34.65,34.60,35.06,,34.65,,,597,20991.39,22,F1,1,,,,,
2026-09-04,2026-09-04,CM,NSE,STK,760461,INE343B01030,RAJESHEXPO,BZ,,,,,RAJESH EXPORTS LTD,86.40,86.60,82.20,83.02,82.90,83.46,,83.02,,,234404,19926985.37,2518,F1,1,,,,,
2026-09-04,2026-09-04,CM,NSE,STK,765445,INE0BZQ20011,RCDL-RE,ST,,,,,RAJGOR CAST DERIVATI LTD,2.50,2.50,2.30,2.45,2.35,2.10,,2.45,,,342000,849600.00,70,F1,3000,,,,,
2026-09-04,2026-09-04,CM,NSE,STK,19681,INE0BZQ01011,RCDL,SM,,,,,RAJGOR CASTOR DERIVATI L,15.05,15.50,14.10,14.15,14.10,15.65,,14.15,,,123000,1782900.00,35,F1,3000,,,,,
2026-09-04,2026-09-04,CM,NSE,STK,2168,INE00KV01022,RAJMET,EQ,,,,,RAJNANDINI METAL LIMITED,3.16,3.18,3.10,3.15,3.18,3.11,,3.15,,,289526,909862.15,650,F1,1,,,,,
2026-09-04,2026-09-04,CM,NSE,STK,757052,INE535F01024,RAJOOENG,BE,,,,,RAJOO ENGINEERS LIMITED,49.62,51.59,49.00,51.59,51.59,49.14,,51.59,,,412844,21057395.35,1244,F1,1,,,,,
2026-09-04,2026-09-04,CM,NSE,STK,27269,INE0VHU01019,RAJPUTANA,SM,,,,,RAJPUTANA BIODIESEL LTD,220.00,221.00,217.00,219.95,219.95,216.55,,219.95,,,6000,1315000.00,9,F1,500,,,,,
2026-09-04,2026-09-04,CM,NSE,STK,24707,INE0PCU01012,RAJINDLTD,SM,,,,,RAJPUTANA INDUSTRIES LTD,62.05,63.00,62.05,63.00,63.00,63.55,,63.00,,,3000,187575.00,2,F1,1500,,,,,
2026-09-04,2026-09-04,CM,NSE,STK,761439,INE313L01016,RSL,EQ,,,,,RAJPUTANA STAINLESS LTD,182.93,184.89,181.10,181.50,182.00,181.56,,181.50,,,337269,61710391.53,3608,F1,1,,,,,
2026-09-04,2026-09-04,CM,NSE,STK,18962,INE451D01029,RAJRATAN,EQ,,,,,RAJRATAN GLOBAL WIRE LTD,495.15,504.90,488.00,498.35,503.00,495.10,,498.32,,,99899,49316575.60,3471,F1,1,,,,,
2026-09-04,2026-09-04,CM,NSE,STK,6915,INE760W01023,RPPL,BE,,,,,RAJSHREE POLYPACK LTD,22.45,23.50,22.10,23.29,23.30,22.57,,23.29,,,15868,362755.34,62,F1,1,,,,,
2026-09-04,2026-09-04,CM,NSE,STK,2809,INE562B01019,RAJSREESUG,EQ,,,,,RAJSHREE SUGAR & CHEMICAL,37.14,37.14,35.35,35.47,35.55,36.43,,35.47,,,29765,1063398.44,461,F1,1,,,,,
2026-09-04,2026-09-04,CM,NSE,STK,2816,INE613A01020,RALLIS,EQ,,,,,RALLIS INDIA LTD,210.00,212.51,208.36,208.82,209.10,209.83,,208.82,,,361939,75916120.92,9082,F1,1,,,,,
2026-09-04,2026-09-04,CM,NSE,STK,10485,INE207E01023,RAMRAT,EQ,,,,,RAM RATNA WIRES LIMITED,563.60,574.30,555.20,560.65,561.25,560.80,,560.64,,,342804,193274305.60,19311,F1,1,,,,,
2026-09-04,2026-09-04,CM,NSE,STK,10568,INE809A01032,RAMAPHO,EQ,,,,,RAMA PHOSPHATES LIMITED,125.50,125.65,123.01,123.48,123.50,124.01,,123.49,,,11962,1482439.57,312,F1,1,,,,,
2026-09-04,2026-09-04,CM,NSE,STK,10304,INE230R01035,RAMASTEEL,BE,,,,,RAMA STEEL TUBES LIMITED,4.06,4.06,4.02,4.02,4.02,4.09,,4.01,,,1376297,5558881.44,2146,F1,1,,,,,
2026-09-04,2026-09-04,CM,NSE,STK,4587,INE614A01028,RAMCOIND,EQ,,,,,RAMCO INDUSTRIES LIMITED,326.00,329.70,320.30,323.25,323.95,324.00,,323.24,,,105342,34182636.35,2055,F1,1,,,,,
2026-09-04,2026-09-04,CM,NSE,STK,7851,INE246B01019,RAMCOSYS,EQ,,,,,RAMCO SYSTEMS LTD.,598.40,615.85,596.50,611.20,610.00,586.55,,611.21,,,217405,132188751.05,6491,F1,1,,,,,
2026-09-04,2026-09-04,CM,NSE,STK,23565,INE0RJH01010,RBS,SM,,,,,RAMDEVBABA SOLVENT LTD,88.50,90.75,88.00,88.10,88.00,88.50,,88.10,,,5600,496200.00,6,F1,800,,,,,
2026-09-04,2026-09-04,CM,NSE,STK,11411,INE399G01023,RKFORGE,EQ,,,,,RAMKRISHNA FORGINGS LTD,732.50,732.50,689.45,700.85,701.95,726.85,,700.85,,,1116062,785298809.30,32766,F1,1,,,,,
2026-09-04,2026-09-04,CM,NSE,STK,20134,INE874I01013,RAMKY,EQ,,,,,RAMKY INFRA LTD,354.00,354.00,343.60,347.40,348.20,351.35,,347.36,,,33996,11802541.85,1149,F1,1,,,,,
2026-09-04,2026-09-04,CM,NSE,STK,2837,INE625B01014,RANASUG,EQ,,,,,RANA SUGARS LTD.,15.15,15.21,14.72,14.80,14.76,15.15,,14.80,,,346950,5160451.08,740,F1,1,,,,,
2026-09-04,2026-09-04,CM,NSE,STK,11975,INE050H01012,RML,EQ,,,,,RANE (MADRAS) LIMITED,1127.50,1333.00,1125.10,1295.90,1295.40,1127.40,,1295.91,,,2195205,2841884791.20,80830,F1,1,,,,,
2026-09-04,2026-09-04,CM,NSE,STK,2844,INE384A01010,RANEHOLDIN,EQ,,,,,RANE HOLDINGS LIMITED,1635.30,1740.00,1623.50,1651.10,1645.00,1635.30,,1651.07,,,102623,173124399.70,10412,F1,1,,,,,
2026-09-04,2026-09-04,CM,NSE,STK,30460,INE0QX901013,RAPIDFLEET,SM,,,,,RAPID FLEET MGT SERVICE L,233.15,234.10,233.00,233.00,233.00,232.00,,233.00,,,23400,5460060.00,34,F1,600,,,,,
2026-09-04,2026-09-04,CM,NSE,STK,22670,INE0J1F01024,RPTECH,EQ,,,,,RASHI PERIPHERALS LIMITED,814.00,833.00,811.50,823.65,824.80,815.65,,823.65,,,158904,130687743.10,9903,F1,1,,,,,
2026-09-04,2026-09-04,CM,NSE,STK,2866,INE027A01015,RCF,EQ,,,,,RASHTRIYA CHEMICALS & FER,115.20,116.24,114.20,114.92,115.02,114.52,,114.92,,,1043164,120316978.37,9443,F1,1,,,,,
2026-09-04,2026-09-04,CM,NSE,STK,7177,INE0CLI01024,RATEGAIN,EQ,,,,,RATEGAIN TRAVEL TECHN LTD,870.00,888.45,845.00,851.15,852.00,869.75,,851.16,,,551109,473111819.20,24016,F1,1,,,,,
2026-09-04,2026-09-04,CM,NSE,STK,13451,INE703B01027,RATNAMANI,EQ,,,,,RATNAMANI MET & TUB LTD.,2661.00,2748.00,2656.20,2727.00,2730.00,2669.70,,2727.34,,,72730,197169483.80,13147,F1,1,,,,,
2026-09-04,2026-09-04,CM,NSE,STK,18423,INE05CZ01011,RATNAVEER,EQ,,,,,RATNAVEER PRECISION ENG L,289.00,308.25,288.95,304.75,308.00,286.10,,304.77,,,4493978,1352427213.05,29102,F1,1,,,,,
2026-09-04,2026-09-04,CM,NSE,STK,27297,INE834M01019,RTNINDIA,EQ,,,,,RATTANINDIA ENT LIMITED,27.63,28.13,27.63,27.82,27.80,27.43,,27.82,,,1727353,48086625.10,5278,F1,1,,,,,
2026-09-04,2026-09-04,CM,NSE,STK,17520,INE399K01017,RTNPOWER,EQ,,,,,RATTANINDIA POWER LIMITED,7.24,7.39,7.23,7.36,7.37,7.24,,7.36,,,13604316,99367168.62,12534,F1,1,,,,,
2026-09-04,2026-09-04,CM,NSE,STK,20950,INE722J01012,RKDL,EQ,,,,,RAVI KUMAR DIST. LTD.,18.14,18.74,18.14,18.39,18.36,18.32,,18.39,,,7502,139550.80,97,F1,1,,,,,
2026-09-04,2026-09-04,CM,NSE,STK,1565,INE09E501017,RVHL,EQ,,,,,RAVINDER HEIGHTS LIMITED,39.87,40.00,38.25,39.84,40.00,39.09,,39.75,,,8503,335592.41,93,F1,1,,,,,
2026-09-04,2026-09-04,CM,NSE,STK,24596,INE206N01018,RELTD,EQ,,,,,RAVINDRA ENERGY LIMITED,160.00,162.00,157.97,161.37,159.80,159.15,,161.37,,,124230,19819609.88,1896,F1,1,,,,,
2026-09-04,2026-09-04,CM,NSE,STK,25073,INE02ID01020,RAYMONDLSL,EQ,,,,,RAYMOND LIFESTYLE LIMITED,647.95,683.95,647.00,663.65,664.90,647.85,,663.64,,,335816,223938630.95,21448,F1,1,,,,,
2026-09-04,2026-09-04,CM,NSE,STK,2859,INE301A01014,RAYMOND,EQ,,,,,RAYMOND LTD,752.30,756.80,733.05,740.85,741.55,757.90,,740.88,,,1867268,1396758010.25,48935,F1,1,,,,,
2026-09-04,2026-09-04,CM,NSE,STK,758551,INE1SY401010,RAYMONDREL,EQ,,,,,RAYMOND REALTY LIMITED,542.50,559.00,524.00,529.15,532.90,536.75,,529.16,,,936640,508150364.80,20735,F1,1,,,,,
2026-09-04,2026-09-04,CM,NSE,STK,18391,INE976G01028,RBLBANK,EQ,,,,,RBL BANK LIMITED,409.00,417.05,406.70,414.35,414.35,408.10,,414.35,,,7858699,3252233480.05,86651,F1,1,,,,,
2026-09-04,2026-09-04,CM,NSE,STK,13570,INE0NA301016,RBMINFRA,SM,,,,,RBM INFRACON LIMITED,244.40,245.60,233.00,236.90,236.00,244.40,,236.90,,,10000,2397720.00,41,F1,200,,,,,
2026-09-04,2026-09-04,CM,NSE,STK,20874,INE0PEQ01016,RBZJEWEL,EQ,,,,,RBZ JEWELLERS LIMITED,197.00,204.70,194.00,200.69,201.40,191.68,,200.69,,,6929954,1384659836.42,72876,F1,1,,,,,
2026-09-04,2026-09-04,CM,NSE,STK,764850,INE0AK901016,RRECL,EQ,,,,,RDB REAL ESTATE CONS L,138.00,138.00,129.99,136.83,136.83,138.37,,136.83,,,309,40537.45,12,F1,1,,,,,
2026-09-04,2026-09-04,CM,NSE,STK,29561,INE10QL01011,READYMIX,SM,,,,,READYMIX CONSTRU MACHI L,78.85,78.85,74.65,76.00,74.65,78.20,,76.00,,,21000,1611200.00,21,F1,1000,,,,,
2026-09-04,2026-09-04,CM,NSE,STK,15355,INE020B01018,RECLTD,EQ,,,,,REC LIMITED,313.60,320.20,313.20,318.70,318.70,313.60,,318.76,,,5894088,1865281157.50,34787,F1,1,,,,,
2026-09-04,2026-09-04,CM,NSE,STK,14255,INE891D01026,REDINGTON,EQ,,,,,REDINGTON LIMITED,374.40,378.80,367.20,371.30,371.30,372.45,,371.30,,,3554885,1318349069.20,44267,F1,1,,,,,
2026-09-04,2026-09-04,CM,NSE,STK,17859,INE0LXT01019,REDTAPE,EQ,,,,,REDTAPE LIMITED,118.90,121.90,117.60,120.43,121.00,117.48,,120.43,,,423314,50977603.28,4359,F1,1,,,,,
2026-09-04,2026-09-04,CM,NSE,STK,17764,INE056I01025,REFEX,EQ,,,,,REFEX INDUSTRIES LIMITED,279.05,288.20,279.05,282.55,282.45,279.25,,282.55,,,249214,70742128.50,4885,F1,1,,,,,
2026-09-04,2026-09-04,CM,NSE,STK,23718,INE0TNX01015,REFRACTORY,SM,,,,,REFRACTORY SHAPES LIMITED,24.65,25.35,24.25,25.25,25.25,25.50,,25.25,,,45000,1097000.00,14,F1,1000,,,,,
2026-09-04,2026-09-04,CM,NSE,STK,758680,INE0MHO01029,REGAAL,EQ,,,,,REGAAL RESOURCES LIMITED,89.76,92.69,87.50,88.51,88.29,89.17,,88.51,,,576781,51873586.61,2770,F1,1,,,,,
2026-09-04,2026-09-04,CM,NSE,STK,4130,INE277C01012,REGENCERAM,EQ,,,,,REGENCY CERAMICS LTD.,38.20,38.20,34.41,34.86,34.68,36.47,,34.79,,,1624,58167.65,58,F1,1,,,,,
2026-09-04,2026-09-04,CM,NSE,STK,24225,INE131B01039,RELAXO,EQ,,,,,RELAXO FOOT LTD.,345.95,346.90,342.75,344.75,345.70,343.95,,344.81,,,48646,16776779.50,2871,F1,1,,,,,
2026-09-04,2026-09-04,CM,NSE,STK,3172,INF204KC1030,GILT5YBEES,EQ,,,,,RELCAPAMC - NETFGILT5Y,66.54,66.55,66.21,66.33,66.33,66.23,,66.33,,,183586,12173192.30,383,F1,1,,,,,
2026-09-04,2026-09-04,CM,NSE,STK,24378,INE375Y01018,RELIABLE,EQ,,,,,RELIABLE DATA SERVICE LTD,141.20,141.54,139.21,140.88,141.20,141.26,,141.02,,,15018,2113780.32,654,F1,1,,,,,
2026-09-04,2026-09-04,CM,NSE,STK,9652,INE750D01016,RELCHEMQ,EQ,,,,,RELIANCE CHEMOTEX IND LTD,113.85,118.00,113.85,116.73,117.85,116.77,,116.73,,,1295,150289.04,67,F1,1,,,,,
2026-09-04,2026-09-04,CM,NSE,STK,13188,INE330H01018,RCOM,BE,,,,,RELIANCE COMMUNICATIONS L,0.80,0.82,0.79,0.81,0.81,0.79,,0.81,,,3829914,3076369.31,1799,F1,1,,,,,
2026-09-04,2026-09-04,CM,NSE,STK,759204,INE217K01011,RHFL,BZ,,,,,RELIANCE HOME FINANCE LTD,1.76,1.83,1.76,1.82,1.83,1.79,,1.84,,,474713,857106.35,900,F1,1,,,,,
2026-09-04,2026-09-04,CM,NSE,STK,2912,INE046A01015,RIIL,EQ,,,,,RELIANCE INDUSTRIAL INFRA,757.00,762.75,748.10,750.95,748.15,752.95,,750.96,,,42420,31997500.85,1815,F1,1,,,,,
2026-09-04,2026-09-04,CM,NSE,STK,2885,INE002A01018,RELIANCE,EQ,,,,,RELIANCE INDUSTRIES LTD,1304.10,1333.00,1304.10,1322.00,1322.00,1302.50,,1322.00,,,13031534,17283587823.90,181295,F1,1,,,,,
2026-09-04,2026-09-04,CM,NSE,STK,4791,INE036A01016,RELINFRA,BE,,,,,RELIANCE INFRASTRUCTU LTD,55.90,57.02,54.80,57.02,57.02,55.91,,57.08,,,198794,11157485.48,1111,F1,1,,,,,
2026-09-04,2026-09-04,CM,NSE,STK,15259,INE614G01033,RPOWER,EQ,,,,,RELIANCE POWER LTD.,22.11,22.32,22.04,22.08,22.17,22.03,,22.08,,,13517969,299362374.84,23383,F1,1,,,,,
2026-09-04,2026-09-04,CM,NSE,STK,765330,INF205KA1CB9,IVZBANKNF,EQ,,,,,RELIGARAMC - IVZBANKNF,57.39,57.56,57.35,57.56,57.56,57.42,,57.56,,,1513,86856.25,11,F1,1,,,,,
2026-09-04,2026-09-04,CM,NSE,STK,765327,INF205KA1CA1,IVZSENSEX,EQ,,,,,RELIGARAMC - IVZSENSEX,77.70,77.70,76.54,76.56,76.56,76.63,,76.56,,,972,74506.45,17,F1,1,,,,,
2026-09-04,2026-09-04,CM,NSE,STK,15068,INE621H01010,RELIGARE,EQ,,,,,RELIGARE ENTER. LTD.,251.00,258.40,248.11,257.08,256.80,251.89,,257.08,,,1795582,453549885.53,16103,F1,1,,,,,
2026-09-04,2026-09-04,CM,NSE,STK,3965,INE474C01023,REMSONSIND,EQ,,,,,REMSONS INDUSTRIES LTD,93.69,99.90,93.69,99.35,99.20,95.05,,99.32,,,158912,15606485.47,3980,F1,1,,,,,
2026-09-04,2026-09-04,CM,NSE,STK,16154,INE0O5T01011,REMUS,SM,,,,,REMUS PHARMACEUTICALS L,886.05,906.00,886.05,890.05,888.00,894.10,,890.05,,,3000,2685400.00,25,F1,100,,,,,
2026-09-04,2026-09-04,CM,NSE,STK,15129,INE722H01024,RGL,EQ,,,,,RENAISSANCE GLOBAL LTD,137.94,150.38,137.89,149.26,149.35,137.12,,149.26,,,3035236,447380963.07,26139,F1,1,,,,,
2026-09-04,2026-09-04,CM,NSE,STK,758157,INE0VZX01015,RNPL,SM,,,,,RENOL POLYCHEM LIMITED,82.00,83.00,79.00,79.00,79.00,81.50,,79.00,,,7200,589800.00,6,F1,1200,,,,,
2026-09-04,2026-09-04,CM,NSE,STK,29598,INE612J01015,REPCOHOME,EQ,,,,,REPCO HOME FINANCE LTD,358.10,361.95,356.15,358.75,359.95,355.75,,358.76,,,41434,14865171.15,1032,F1,1,,,,,
2026-09-04,2026-09-04,CM,NSE,STK,13126,INE461B01014,REPRO,EQ,,,,,REPRO INDIA LIMITED,326.70,326.70,317.00,319.45,322.00,323.15,,319.47,,,4692,1501152.20,290,F1,1,,,,,
2026-09-04,2026-09-04,CM,NSE,STK,20323,INE688D01026,RESPONIND,EQ,,,,,RESPONSIVE INDUSTRIES LTD,151.25,176.14,150.37,154.90,151.99,151.87,,154.91,,,40184929,6773146067.60,227735,F1,1,,,,,
2026-09-04,2026-09-04,CM,NSE,STK,1494,INE07T201019,RBA,EQ,,,,,RESTAURANT BRAND ASIA LTD,98.47,101.16,96.50,97.15,96.85,97.89,,97.15,,,2606009,257215040.53,14332,F1,1,,,,,
2026-09-04,2026-09-04,CM,NSE,STK,25157,INE0DAB01012,RVTH,EQ,,,,,REVATHI EQUIPMENT INDIA L,729.00,743.90,729.00,734.45,740.00,729.05,,735.00,,,277,202435.95,18,F1,1,,,,,
2026-09-04,2026-09-04,CM,NSE,STK,759062,INE0KKN01029,RHETAN,EQ,,,,,RHETAN TMT LIMITED,25.42,25.42,25.41,25.42,25.42,23.11,,25.45,,,5456321,138674607.58,2223,F1,1,,,,,
2026-09-04,2026-09-04,CM,NSE,STK,31163,INE743M01012,RHIM,EQ,,,,,RHI MAGNESITA INDIA LTD,372.60,373.80,369.00,371.35,371.70,369.75,,371.35,,,97629,36250194.80,3202,F1,1,,,,,
2026-09-04,2026-09-04,CM,NSE,STK,8212,INE0J1P01015,RICHA,ST,,,,,RICHA INFO SYSTEMS LTD,78.00,78.00,78.00,78.00,78.00,81.00,,78.00,,,1000,78000.00,1,F1,1000,,,,,
2026-09-04,2026-09-04,CM,NSE,STK,2909,INE209B01025,RICOAUTO,EQ,,,,,RICO AUTO INDUSTRIES LTD,126.95,131.75,126.60,130.46,131.30,126.49,,130.46,,,1119592,144760826.98,9451,F1,1,,,,,
2026-09-04,2026-09-04,CM,NSE,STK,764121,INE302D01024,RIR,EQ,,,,,RIR POWER ELECTRONICS L,158.00,175.45,158.00,169.86,174.49,157.58,,163.78,,,335333,56131301.82,3982,F1,1,,,,,
2026-09-04,2026-09-04,CM,NSE,STK,18417,INE0N2P01017,RISHABH,EQ,,,,,RISHABH INSTRUMENTS LTD,738.00,750.00,714.60,738.45,743.50,734.95,,738.50,,,208178,152030536.65,8827,F1,1,,,,,
2026-09-04,2026-09-04,CM,NSE,STK,8944,INE01EG01016,RITCO,EQ,,,,,RITCO LOGISTICS LIMITED,302.60,304.60,298.55,301.80,302.00,301.00,,301.78,,,112935,34222086.25,1065,F1,1,,,,,
2026-09-04,2026-09-04,CM,NSE,STK,11910,INE0MRA01019,RITEZONE,SM,,,,,RITE ZONE CHEMCON IND LTD,20.50,20.50,20.50,20.50,20.50,19.65,,20.50,,,3200,65600.00,2,F1,1600,,,,,
2026-09-04,2026-09-04,CM,NSE,STK,3761,INE320J01015,RITES,EQ,,,,,RITES LIMITED,214.00,217.20,214.00,215.80,216.00,213.78,,215.78,,,278299,59999250.47,7183,F1,1,,,,,
2026-09-04,2026-09-04,CM,NSE,STK,1547,INE786W01010,RKEC,EQ,,,,,RKEC PROJECTS LIMITED,21.67,22.59,19.90,21.73,21.50,21.64,,21.73,,,65608,1397043.94,431,F1,1,,,,,
2026-09-04,2026-09-04,CM,NSE,STK,762346,INE655V01019,RMC,EQ,,,,,RMC SWITCHGEARS LIMITED,225.30,236.00,224.41,233.54,233.50,225.97,,233.57,,,40561,9353969.52,1963,F1,1,,,,,
2026-09-04,2026-09-04,CM,NSE,STK,24589,INE0SA001017,RNFI,SM,,,,,RNFI SERVICES LIMITED,303.00,309.30,297.10,299.15,299.00,299.75,,299.15,,,100200,30242070.00,93,F1,600,,,,,
2026-09-04,2026-09-04,CM,NSE,STK,15157,INE508K01013,RHL,EQ,,,,,ROBUST HOTELS LIMITED,167.15,174.79,166.20,167.89,166.60,167.60,,167.90,,,1284,215982.07,45,F1,1,,,,,
2026-09-04,2026-09-04,CM,NSE,STK,760033,IN90PTR01010,ROCKPP,E1,,,,,ROCKINGDCE RS.5 PPD UP,64.00,64.00,64.00,64.00,64.00,70.00,,64.00,,,2000,128000.00,2,F1,1000,,,,,
2026-09-04,2026-09-04,CM,NSE,STK,20289,INE0PTR01012,ROCKINGDCE,SM,,,,,ROCKINGDEALS CIRCU ECO L,220.00,239.80,216.90,234.25,235.00,227.15,,234.25,,,9000,2079762.50,35,F1,250,,,,,
2026-09-04,2026-09-04,CM,NSE,STK,5279,INE645S01024,ROLEXRINGS,EQ,,,,,ROLEX RINGS LIMITED,176.00,176.36,171.00,171.72,172.60,174.83,,171.71,,,743997,128892337.58,9140,F1,1,,,,,
2026-09-04,2026-09-04,CM,NSE,STK,19108,INE927A01040,ROLLT,BE,,,,,ROLLATAINERS LIMITED,4.35,4.37,4.17,4.37,4.37,4.17,,4.37,,,470102,2050212.88,234,F1,1,,,,,
2026-09-04,2026-09-04,CM,NSE,STK,19410,INE02A801020,ROSSARI,EQ,,,,,ROSSARI BIOTECH LIMITED,461.00,468.25,456.10,460.25,461.00,457.00,,460.31,,,83247,38335079.35,3103,F1,1,,,,,
2026-09-04,2026-09-04,CM,NSE,STK,28913,INE847C01020,ROSSELLIND,EQ,,,,,ROSSELL INDIA LIMITED,57.80,58.05,55.99,56.96,57.00,57.67,,56.96,,,77117,4392859.63,764,F1,1,,,,,
2026-09-04,2026-09-04,CM,NSE,STK,27353,INE0OJW01016,ROSSTECH,EQ,,,,,ROSSELL TECHSYS LIMITED,1116.30,1168.00,1116.30,1150.50,1152.80,1116.30,,1150.57,,,234989,269560031.20,13499,F1,1,,,,,
2026-09-04,2026-09-04,CM,NSE,STK,9049,INE535D01037,ROTO,EQ,,,,,ROTO PUMPS LIMITED,64.45,65.90,63.60,65.03,64.89,63.76,,64.94,,,233711,15066120.36,3407,F1,1,,,,,
2026-09-04,2026-09-04,CM,NSE,STK,128,INE450U01017,ROUTE,EQ,,,,,ROUTE MOBILE LIMITED,503.65,508.00,500.50,501.55,501.80,503.65,,501.54,,,76123,38336473.95,3141,F1,1,,,,,
2026-09-04,2026-09-04,CM,NSE,STK,20167,INE0PDJ01013,ROXHITECH,SM,,,,,ROX HI TECH LIMITED,46.05,47.60,46.05,46.30,46.25,47.50,,46.30,,,24000,1126960.00,15,F1,1600,,,,,
2026-09-04,2026-09-04,CM,NSE,STK,13182,INE283H01019,ROHLTD,EQ,,,,,ROYAL ORCHID HOTELS LTD,298.00,305.20,297.00,298.55,297.00,298.50,,298.56,,,7153,2141074.00,361,F1,1,,,,,
2026-09-04,2026-09-04,CM,NSE,STK,16725,INE105J01010,RPGLIFE,EQ,,,,,RPG LIFE SCIENCES LTD,2652.40,2739.00,2638.90,2721.60,2720.20,2652.40,,2721.10,,,20463,55050361.60,2723,F1,1,,,,,
2026-09-04,2026-09-04,CM,NSE,STK,8119,INE425Y01011,RPSGVENT,EQ,,,,,RPSG VENTURES LIMITED,836.55,872.85,829.00,831.40,829.00,833.30,,831.41,,,23012,19496528.55,1386,F1,1,,,,,
2026-09-04,2026-09-04,CM,NSE,STK,7292,INE611A01016,RSWM,BE,,,,,RSWM LIMITED,218.00,226.50,217.99,220.63,220.10,217.28,,220.63,,,67600,14980642.10,999,F1,1,,,,,
2026-09-04,2026-09-04,CM,NSE,STK,24730,INE642C01025,RUBFILA,EQ,,,,,RUBFILA INTERNATIONAL LTD,66.42,72.00,66.05,70.69,70.75,66.42,,70.69,,,76949,5385090.43,666,F1,1,,,,,
2026-09-04,2026-09-04,CM,NSE,STK,759316,INE506V01022,RUBICON,EQ,,,,,RUBICON RESEARCH LIMITED,1788.80,1792.00,1752.20,1768.30,1763.00,1775.70,,1768.52,,,113571,201116688.20,10409,F1,1,,,,,
2026-09-04,2026-09-04,CM,NSE,STK,4566,INE413B01023,RUCHINFRA,EQ,,,,,RUCHI INFRASTRUCTURE LTD,6.00,6.11,5.51,5.82,5.75,6.04,,5.81,,,367135,2136841.12,1086,F1,1,,,,,
2026-09-04,2026-09-04,CM,NSE,STK,13821,INE803H01014,RUCHIRA,EQ,,,,,RUCHIRA PAPERS LIMITED,105.50,108.00,105.00,107.50,107.72,105.12,,107.50,,,61272,6519469.76,1077,F1,1,,,,,
2026-09-04,2026-09-04,CM,NSE,STK,760392,INE027T01023,RUDRA,EQ,,,,,RUDRA GLOBAL INFRA PROD L,20.30,20.80,20.30,20.33,20.35,20.38,,20.38,,,25195,515258.10,157,F1,1,,,,,
2026-09-04,2026-09-04,CM,NSE,STK,1486,INE364Z01019,REPL,BE,,,,,RUDRABHISHEK ENTERP LTD,62.75,68.00,62.75,63.19,64.39,65.96,,63.19,,,8034,508545.74,84,F1,1,,,,,
2026-09-04,2026-09-04,CM,NSE,STK,23830,INE0R7301013,RULKA,SM,,,,,RULKA ELECTRICALS LIMITED,105.40,110.90,105.40,106.25,106.25,109.60,,106.25,,,3300,360300.00,6,F1,300,,,,,
2026-09-04,2026-09-04,CM,NSE,STK,25724,INE895B01021,RUPA,EQ,,,,,RUPA & COMPANY LTD,144.43,145.40,143.05,144.49,144.81,144.43,,144.51,,,81141,11680264.47,2556,F1,1,,,,,
2026-09-04,2026-09-04,CM,NSE,STK,24595,INE573K01025,RUSHIL,EQ,,,,,RUSHIL DECOR LIMITED,16.20,16.46,15.66,16.01,15.98,16.18,,16.01,,,247963,3994613.74,822,F1,1,,,,,
2026-09-04,2026-09-04,CM,NSE,STK,764860,INE137M01017,SAB,EQ,,,,,S A B INDUSTRIES LTD.,183.00,183.75,183.00,183.50,183.50,175.00,,184.50,,,365,66821.00,6,F1,1,,,,,
2026-09-04,2026-09-04,CM,NSE,STK,24674,INE0BSN01013,SATECH,SM,,,,,S A TECH SOFTWARE INDIA L,38.80,40.65,38.80,39.60,40.00,38.40,,39.60,,,20000,798700.00,18,F1,1000,,,,,
2026-09-04,2026-09-04,CM,NSE,STK,20698,INE807K01035,SCHAND,EQ,,,,,S CHAND AND COMPANY LTD,136.00,137.99,135.35,136.41,136.20,136.73,,136.41,,,10647,1451067.69,418,F1,1,,,,,
2026-09-04,2026-09-04,CM,NSE,STK,11212,INE500L01026,SHK,EQ,,,,,S H KELKAR AND CO. LTD.,150.40,153.58,149.11,150.87,150.17,150.14,,150.89,,,432026,65543470.10,6066,F1,1,,,,,
2026-09-04,2026-09-04,CM,NSE,STK,20542,INE0F3301020,SJLOGISTIC,SM,,,,,S J LOGISTICS (INDIA) LTD,315.00,317.95,312.10,315.70,315.50,315.20,,315.70,,,32000,10085487.50,82,F1,250,,,,,
2026-09-04,2026-09-04,CM,NSE,STK,764940,INE159L01013,SVGLOBAL,EQ,,,,,S V GLOBAL MILL LTD.,162.00,172.81,157.15,163.62,160.21,144.01,,163.62,,,286302,48043278.63,4232,F1,1,,,,,
2026-09-04,2026-09-04,CM,NSE,STK,2951,INE902B01017,S&SPOWER,EQ,,,,,S&S POWER SWITCHGEARS LTD,317.90,327.80,310.05,323.95,327.80,319.85,,323.95,,,1826,579981.90,201,F1,1,,,,,
2026-09-04,2026-09-04,CM,NSE,STK,18252,INE212I01016,SPAL,EQ,,,,,S. P. APPARELS LIMITED,1062.80,1077.00,1025.00,1071.10,1061.00,1062.80,,1071.11,,,64434,67674687.80,6330,F1,1,,,,,
2026-09-04,2026-09-04,CM,NSE,STK,11634,INE658G01014,SALSTEEL,EQ,,,,,S.A.L. STEEL LTD.,82.20,84.63,80.01,81.37,81.49,82.04,,81.40,,,233867,19199256.30,1594,F1,1,,,,,
2026-09-04,2026-09-04,CM,NSE,STK,19112,INE0PSK01027,SAAKSHI,ST,,,,,SAAKSHI MEDTEC N PANELS L,300.00,321.00,300.00,317.30,321.00,312.00,,317.30,,,15000,4644780.00,20,F1,600,,,,,
2026-09-04,2026-09-04,CM,NSE,STK,759057,INE13B501022,SAATVIKGL,EQ,,,,,SAATVIK GREEN ENERGY LTD,422.50,428.40,417.10,424.40,421.00,421.65,,424.34,,,40616,17160870.05,1453,F1,1,,,,,
2026-09-04,2026-09-04,CM,NSE,STK,10985,INE0DZ101013,SABAR,ST,,,,,SABAR FLEX INDIA LIMITED,9.50,9.50,9.50,9.50,9.50,9.05,,9.50,,,55000,522500.00,8,F1,5000,,,,,
2026-09-04,2026-09-04,CM,NSE,STK,757409,INE1ARD01016,SACHEEROME,SM,,,,,SACHEEROME LIMITED,456.00,490.10,455.00,485.25,483.00,455.45,,485.25,,,47400,22541805.00,100,F1,300,,,,,
2026-09-04,2026-09-04,CM,NSE,STK,13236,INE226H01026,SADBHAV,EQ,,,,,SADBHAV ENGINEERING LTD,8.03,8.35,8.01,8.15,8.23,8.03,,8.15,,,131919,1071903.25,298,F1,1,,,,,
2026-09-04,2026-09-04,CM,NSE,STK,10622,INE764L01010,SADBHIN,BE,,,,,SADBHAV INFRA PROJ LTD.,2.51,2.57,2.51,2.55,2.56,2.53,,2.55,,,60912,155384.35,120,F1,1,,,,,
2026-09-04,2026-09-04,CM,NSE,STK,15349,INE888C01040,SADHNANIQ,BE,,,,,SADHANA NITROCHEM LIMITED,2.70,2.72,2.70,2.72,2.72,2.67,,2.70,,,462137,1255003.80,138,F1,1,,,,,
2026-09-04,2026-09-04,CM,NSE,STK,22897,INE0K5H01010,SADHAV,SM,,,,,SADHAV SHIPPING LIMITED,111.00,112.50,109.55,110.65,109.55,111.95,,110.65,,,9000,996750.00,15,F1,600,,,,,
2026-09-04,2026-09-04,CM,NSE,STK,13035,INE429E01023,SAFARI,EQ,,,,,SAFARI IND (INDIA) LTD,1509.50,1550.10,1508.30,1540.40,1543.90,1509.50,,1540.42,,,23964,36873917.10,2670,F1,1,,,,,
2026-09-04,2026-09-04,CM,NSE,STK,757583,INE17D601016,SAFEENTP,SM,,,,,SAFE ENTER RETAIL FIX LTD,274.00,279.75,271.00,273.00,271.00,277.20,,273.00,,,31000,8521975.00,58,F1,500,,,,,
2026-09-04,2026-09-04,CM,NSE,STK,14068,INE229C01021,SAGCEM,EQ,,,,,SAGAR CEMENTS LIMITED,156.01,157.04,152.25,152.86,152.50,154.38,,152.86,,,244455,37418653.13,1466,F1,1,,,,,
2026-09-04,2026-09-04,CM,NSE,STK,8175,INE976T01013,SAGARDEEP,EQ,,,,,SAGARDEEP ALLOYS LIMITED,23.76,24.00,23.53,23.62,23.60,23.76,,23.62,,,5256,124820.33,70,F1,1,,,,,
2026-09-04,2026-09-04,CM,NSE,STK,27052,INE0W2G01015,SAGILITY,EQ,,,,,SAGILITY LIMITED,47.00,47.27,46.50,46.82,46.82,46.80,,46.82,,,11136928,521834619.00,26621,F1,1,,,,,
2026-09-04,2026-09-04,CM,NSE,STK,24478,INE0P4701011,SAHAJSOLAR,SM,,,,,SAHAJ SOLAR LIMITED,99.20,100.70,95.00,99.95,99.95,99.40,,99.95,,,16000,1564300.00,39,F1,400,,,,,
2026-09-04,2026-09-04,CM,NSE,STK,16711,INE0LEX01011,SAHANA,SM,,,,,SAHANA SYSTEM LIMITED,926.00,930.95,917.00,920.30,921.00,927.90,,920.30,,,20100,18508485.00,98,F1,150,,,,,
2026-09-04,2026-09-04,CM,NSE,STK,25671,INE0RBQ01018,SAHASRA,ST,,,,,SAHASRA ELECTRONIC SOLU L,308.95,310.00,301.00,307.85,310.00,306.25,,307.85,,,24400,7476740.00,52,F1,400,,,,,
2026-09-04,2026-09-04,CM,NSE,STK,14900,INE280H01015,SAHYADRI,EQ,,,,,SAHYADRI INDUSTRIES LTD,360.00,402.70,360.00,392.15,388.00,359.40,,392.04,,,111187,43409306.60,5879,F1,1,,,,,
2026-09-04,2026-09-04,CM,NSE,STK,764865,INE531X01018,SAICAPI,EQ,,,,,SAI CAPITAL LTD.,160.20,163.80,155.10,157.56,158.45,157.05,,157.61,,,1101,177483.93,41,F1,1,,,,,
2026-09-04,2026-09-04,CM,NSE,STK,27839,INE570L01029,SAILIFE,EQ,,,,,SAI LIFE SCIENCES LIMITED,1570.00,1622.00,1561.90,1584.30,1584.90,1574.80,,1584.32,,,561938,896431517.50,30349,F1,1,,,,,
2026-09-04,2026-09-04,CM,NSE,STK,761675,INE0H9F01037,SAIPARENT,EQ,,,,,SAI PARENTERALS LIMITED,523.80,523.80,516.00,519.55,518.05,518.15,,519.45,,,45947,23873620.05,1706,F1,1,,,,,
2026-09-04,2026-09-04,CM,NSE,STK,18755,INE438K01021,KALAMANDIR,EQ,,,,,SAI SILKS (KALAMANDIR) L,85.99,86.76,85.81,86.49,86.75,85.87,,86.49,,,150963,13029962.87,1955,F1,1,,,,,
2026-09-04,2026-09-04,CM,NSE,STK,764880,INE068B01017,SEKURITIND,EQ,,,,,SAINT GOBAIN SEKUR IND L,113.95,116.00,113.95,114.56,114.25,114.67,,114.50,,,31358,3608169.35,368,F1,1,,,,,
2026-09-04,2026-09-04,CM,NSE,STK,9539,INE732S01012,SAKAR,EQ,,,,,SAKAR HEALTHCARE LIMITED,1012.00,1019.00,987.95,1013.90,1012.00,1006.95,,1013.90,,,87982,88397021.40,5941,F1,1,,,,,
2026-09-04,2026-09-04,CM,NSE,STK,11794,INE667G01023,SAKSOFT,EQ,,,,,SAKSOFT LIMITED,153.69,156.40,153.01,154.58,156.40,153.69,,154.56,,,179015,27623243.88,2898,F1,1,,,,,
2026-09-04,2026-09-04,CM,NSE,STK,2969,INE623A01011,SAKHTISUG,EQ,,,,,SAKTHI SUGARS LTD,20.35,20.40,19.61,19.78,19.87,20.35,,19.78,,,175324,3479670.72,907,F1,1,,,,,
2026-09-04,2026-09-04,CM,NSE,STK,13251,INE190H01024,SAKUMA,EQ,,,,,SAKUMA EXPORTS LIMITED,1.60,1.65,1.55,1.62,1.65,1.58,,1.62,,,721220,1155562.78,898,F1,1,,,,,
2026-09-04,2026-09-04,CM,NSE,STK,21362,INE170V01027,SALASAR,EQ,,,,,SALASAR TECHNO ENGG. LTD.,5.12,5.88,5.12,5.20,5.21,5.08,,5.20,,,26712678,144034125.42,20032,F1,1,,,,,
2026-09-04,2026-09-04,CM,NSE,STK,17351,INE498E01010,SALONA,EQ,,,,,SALONA COTSPIN LTD.,259.50,274.75,259.00,269.95,269.95,262.90,,268.62,,,74,19418.20,19,F1,1,,,,,
2026-09-04,2026-09-04,CM,NSE,STK,11399,INE457F01013,SALZERELEC,EQ,,,,,SALZER ELECTRONICS LTD,540.00,555.00,537.05,549.70,548.70,537.30,,549.76,,,54544,29911351.75,2936,F1,1,,,,,
2026-09-04,2026-09-04,CM,NSE,STK,756851,INE124101010,SAMAY,ST,,,,,SAMAY PROJECT SERVICES L,44.50,44.50,44.50,44.50,44.50,46.00,,44.50,,,4000,178000.00,1,F1,4000,,,,,
2026-09-04,2026-09-04,CM,NSE,STK,764870,INE304D01012,SAMBANDAM,EQ,,,,,SAMBANDAM SPINNING MILL L,120.00,125.00,120.00,123.23,120.00,120.00,,123.23,,,206,25556.00,12,F1,1,,,,,
2026-09-04,2026-09-04,CM,NSE,STK,4127,INE699B01027,SAMBHAAV,EQ,,,,,SAMBHAAV MEDIA LTD,5.94,6.17,5.70,5.94,6.01,6.00,,5.91,,,46902,277033.86,87,F1,1,,,,,
2026-09-04,2026-09-04,CM,NSE,STK,757767,INE12NJ01018,SAMBHV,EQ,,,,,SAMBHV STEEL TUBES LTD,130.70,131.80,127.00,128.69,129.05,129.64,,128.69,,,1221798,158356728.68,11539,F1,1,,,,,
2026-09-04,2026-09-04,CM,NSE,STK,21096,INE0PZA01015,SAIFL,SM,,,,,SAMEERA AGRO AND INFRA L,5.05,5.05,4.80,4.80,4.80,4.95,,4.80,,,296000,1441000.00,49,F1,4000,,,,,
2026-09-04,2026-09-04,CM,NSE,STK,18614,INE08U801020,SAMHI,EQ,,,,,SAMHI HOTELS LIMITED,152.59,155.60,152.55,153.99,155.50,152.59,,153.98,,,397845,61151563.19,10909,F1,1,,,,,
2026-09-04,2026-09-04,CM,NSE,STK,30125,INE148I01020,SAMMAANCAP,EQ,,,,,SAMMAAN CAPITAL LIMITED,155.00,161.00,153.51,158.39,157.90,153.70,,158.39,,,13853349,2195677474.92,61464,F1,1,,,,,
2026-09-04,2026-09-04,CM,NSE,STK,27303,INE735M01018,SAMPANN,EQ,,,,,SAMPANN UTPADAN INDIA LTD,24.31,25.58,24.31,25.19,25.19,24.61,,25.04,,,10476,262300.50,134,F1,1,,,,,
2026-09-04,2026-09-04,CM,NSE,STK,4204,INE775A01035,MOTHERSON,EQ,,,,,SAMVRDHNA MTHRSN INTL LTD,162.01,162.90,160.26,160.70,160.70,162.00,,160.69,,,7139764,1150561538.38,38412,F1,1,,,,,
2026-09-04,2026-09-04,CM,NSE,STK,28805,INE0JPD01013,SANATHAN,EQ,,,,,SANATHAN TEXTILES LIMITED,441.05,474.95,441.05,456.20,455.10,433.05,,456.22,,,330832,152999251.85,8764,F1,1,,,,,
2026-09-04,2026-09-04,CM,NSE,STK,2988,INE583B01015,SANDESH,EQ,,,,,SANDESH LTD,1069.00,1069.00,1035.00,1051.30,1050.00,1050.90,,1050.32,,,750,786852.70,135,F1,1,,,,,
2026-09-04,2026-09-04,CM,NSE,STK,2397,INE278H01035,SANDHAR,EQ,,,,,SANDHAR TECHNOLOGIES LTD,631.00,635.00,617.15,624.00,626.00,627.85,,624.02,,,143060,89051055.45,5495,F1,1,,,,,
2026-09-04,2026-09-04,CM,NSE,STK,18359,INE149K01016,SANDUMA,EQ,,,,,SANDUR MANG & IRON ORES L,198.00,199.50,196.50,197.83,197.56,197.89,,197.83,,,375487,74289613.37,7447,F1,1,,,,,
2026-09-04,2026-09-04,CM,NSE,STK,4184,INE495C01010,SANGAMIND,EQ,,,,,SANGAM (INDIA) LTD,573.25,582.80,572.10,578.80,575.00,571.85,,578.96,,,7685,4441546.10,733,F1,1,,,,,
2026-09-04,2026-09-04,CM,NSE,STK,18035,INE0OVI01010,SANGANI,SM,,,,,SANGANI HOSPITALS LIMITED,54.60,54.60,54.60,54.60,54.60,52.00,,54.60,,,12000,655200.00,4,F1,1500,,,,,
2026-09-04,2026-09-04,CM,NSE,STK,14058,INE989A01032,SANGHVIMOV,EQ,,,,,SANGHVI MOVERS LTD,456.40,472.00,436.65,439.20,439.50,453.00,,439.18,,,455750,205817384.20,20233,F1,1,,,,,
2026-09-04,2026-09-04,CM,NSE,STK,11033,INE753W01010,SANGINITA,BE,,,,,SANGINITA CHEMICALS LTD,59.50,59.50,59.50,59.50,59.50,58.34,,59.50,,,64797,3855421.50,85,F1,1,,,,,
2026-09-04,2026-09-04,CM,NSE,STK,25222,INE0UOS01011,SANOFICONR,EQ,,,,,SANOFI CONS HEALTHC IND L,4205.30,4234.90,4108.00,4201.70,4185.00,4205.40,,4201.94,,,6432,26811768.00,1451,F1,1,,,,,
2026-09-04,2026-09-04,CM,NSE,STK,1442,INE058A01010,SANOFI,EQ,,,,,SANOFI INDIA LIMITED,3206.00,3207.80,3151.00,3158.20,3154.00,3190.80,,3156.73,,,9898,31426796.70,2236,F1,1,,,,,
2026-09-04,2026-09-04,CM,NSE,STK,5751,INE953O01021,SANSERA,EQ,,,,,SANSERA ENGINEERING LTD,3808.80,3833.80,3733.70,3782.60,3772.00,3789.60,,3782.42,,,101677,384415391.40,15246,F1,1,,,,,
2026-09-04,2026-09-04,CM,NSE,STK,24582,INE08NE01025,SANSTAR,EQ,,,,,SANSTAR LIMITED,108.00,114.90,108.00,111.31,110.56,108.00,,111.31,,,633145,70871093.03,4216,F1,1,,,,,
2026-09-04,2026-09-04,CM,NSE,STK,46,INE890C01046,SANWARIA,BZ,,,,,SANWARIA CONSUMER LIMITED,0.19,0.20,0.18,0.18,0.19,0.19,,0.18,,,871449,167978.34,172,F1,1,,,,,
2026-09-04,2026-09-04,CM,NSE,STK,6718,INE806T01020,SAPPHIRE,EQ,,,,,SAPPHIRE FOODS INDIA LTD,228.50,233.99,225.56,228.43,228.50,228.76,,228.41,,,713459,163995016.31,20970,F1,1,,,,,
2026-09-04,2026-09-04,CM,NSE,STK,19863,INE0PUC01020,SARTELE,SM,,,,,SAR TELEVENTURE LIMITED,91.50,93.50,89.00,89.40,89.00,91.35,,89.40,,,39500,3584000.00,58,F1,500,,,,,
2026-09-04,2026-09-04,CM,NSE,STK,762985,INE967G01019,ZSARACOM,EQ,,,,,SARASWATI COMM (INDIA) L,10096.00,11600.00,9808.00,11302.00,11448.00,10227.00,,11309.17,,,221,2367989.00,127,F1,1,,,,,
2026-09-04,2026-09-04,CM,NSE,STK,24856,INE0PQ101010,SSDL,EQ,,,,,SARASWATI SAREE DEPOT LTD,55.92,57.78,55.51,56.69,56.20,55.92,,56.70,,,14090,800129.53,691,F1,1,,,,,
2026-09-04,2026-09-04,CM,NSE,STK,17758,INE385C01021,SARDAEN,EQ,,,,,SARDA ENERGY & MIN LTD,510.05,517.05,504.20,508.55,508.00,506.55,,508.56,,,526969,268780675.65,18591,F1,1,,,,,
2026-09-04,2026-09-04,CM,NSE,STK,4892,INE979A01025,SAREGAMA,EQ,,,,,SAREGAMA INDIA LIMITED,498.40,500.00,488.10,492.75,491.40,493.65,,492.76,,,353123,175066514.35,20683,F1,1,,,,,
2026-09-04,2026-09-04,CM,NSE,STK,14043,INE453D01025,SARLAPOLY,EQ,,,,,SARLA PERF. FIBERS LTD,102.75,102.98,97.75,100.20,99.90,102.15,,100.21,,,97835,9805592.12,1452,F1,1,,,,,
2026-09-04,2026-09-04,CM,NSE,STK,6843,INE017W01010,SMLT,EQ,,,,,SARTHAK METALS LIMITED,65.80,70.00,63.12,65.59,64.65,64.59,,65.58,,,7074,458475.26,193,F1,1,,,,,
2026-09-04,2026-09-04,CM,NSE,STK,12913,INE324X01026,SARVESHWAR,EQ,,,,,SARVESHWAR FOODS LIMITED,3.38,3.43,3.33,3.36,3.38,3.35,,3.36,,,1228078,4153755.00,1558,F1,1,,,,,
2026-09-04,2026-09-04,CM,NSE,STK,11983,INE231F01020,SASKEN,EQ,,,,,SASKEN TECHNOLOGIES LTD,1925.40,1925.40,1870.50,1881.30,1886.00,1902.40,,1881.26,,,12365,23416269.10,1492,F1,1,,,,,
2026-09-04,2026-09-04,CM,NSE,STK,29151,INE0NB801022,SATKARTAR,SM,,,,,SAT KARTAR LIFE LIMITED,118.40,118.40,115.95,116.70,116.25,118.20,,116.70,,,28800,3371400.00,27,F1,800,,,,,
2026-09-04,2026-09-04,CM,NSE,STK,24697,INE0RFP01011,SSEGL,SM,,,,,SATHLOKHAR SYN E&C GLOB L,400.00,405.95,393.10,400.60,393.10,402.25,,400.60,,,24400,9778290.00,75,F1,200,,,,,
2026-09-04,2026-09-04,CM,NSE,STK,24507,INE0RPM01017,SATIPOLY,ST,,,,,SATI POLY PLAST LIMITED,38.00,38.90,38.00,38.90,38.90,37.05,,38.90,,,2000,76750.00,4,F1,500,,,,,
2026-09-04,2026-09-04,CM,NSE,STK,11045,INE170E01023,SATIA,EQ,,,,,SATIA INDUSTRIES LIMITED,60.74,63.85,60.01,63.36,63.80,60.37,,63.36,,,251939,15846293.08,2801,F1,1,,,,,
2026-09-04,2026-09-04,CM,NSE,STK,10453,INE836B01017,SATIN,EQ,,,,,SATIN CREDIT NET LTD,220.39,223.48,217.58,220.75,219.78,219.37,,220.75,,,205973,45317702.96,4012,F1,1,,,,,
2026-09-04,2026-09-04,CM,NSE,STK,758960,INE14DW01018,SATTVAENGG,SM,,,,,SATTVA ENGINEERING CSTN L,63.00,63.00,61.10,61.50,61.50,62.00,,61.50,,,11200,695520.00,7,F1,1600,,,,,
2026-09-04,2026-09-04,CM,NSE,STK,3018,INE626A01014,SAURASHCEM,EQ,,,,,SAURASHTRA CEMENT LIMITED,56.81,58.60,56.00,57.61,57.85,56.81,,57.61,,,90990,5258779.65,1185,F1,1,,,,,
2026-09-04,2026-09-04,CM,NSE,STK,3021,INE035D01020,SOTL,EQ,,,,,SAVITA OIL TECHNOLO. LTD,743.00,744.95,731.15,740.75,744.25,737.35,,740.84,,,273612,201712543.10,12976,F1,1,,,,,
2026-09-04,2026-09-04,CM,NSE,STK,757704,INE0UCN01017,SAVY,SM,,,,,SAVY INFRA AND LOGI LTD,135.10,141.20,135.10,136.15,140.00,135.10,,136.15,,,139200,19156380.00,48,F1,1200,,,,,
2026-09-04,2026-09-04,CM,NSE,STK,758444,INE10VS01016,SAWALIYA,SM,,,,,SAWALIYA FOOD PRODUCTS L,152.00,159.95,152.00,159.95,159.95,150.15,,159.95,,,8400,1323090.00,14,F1,600,,,,,
2026-09-04,2026-09-04,CM,NSE,STK,762879,INE318C01014,SAYAJIHOTL,EQ,,,,,SAYAJI HOTELS LTD.,325.00,325.00,315.00,319.35,319.60,303.80,,321.34,,,12,3820.40,8,F1,1,,,,,
2026-09-04,2026-09-04,CM,NSE,STK,764875,INE327G01032,SAYAJIIND,EQ,,,,,SAYAJI INDUSTRIES LTD.,119.89,119.89,116.01,116.11,116.21,119.89,,115.74,,,103,12340.11,4,F1,1,,,,,
2026-09-04,2026-09-04,CM,NSE,STK,6792,INE04AK01028,SBC,EQ,,,,,SBC EXPORTS LIMITED,43.48,46.89,43.45,45.76,45.95,43.25,,45.77,,,13241116,597265711.23,14431,F1,1,,,,,
2026-09-04,2026-09-04,CM,NSE,STK,18026,INE423Y01016,SBFC,EQ,,,,,SBFC FINANCE LIMITED,99.90,100.67,98.37,100.08,100.00,99.90,,100.08,,,817043,81360850.16,8451,F1,1,,,,,
2026-09-04,2026-09-04,CM,NSE,STK,17971,INE018E01016,SBICARD,EQ,,,,,SBI CARDS & PAY SER LTD,661.00,668.70,656.30,658.25,658.25,661.00,,658.25,,,1752698,1160644231.25,25566,F1,1,,,,,
2026-09-04,2026-09-04,CM,NSE,STK,764173,INE640G01020,SBIFUNDS,EQ,,,,,SBI FUNDS MANAGEMENT LTD,563.90,565.50,558.90,562.10,561.60,564.00,,562.09,,,1143214,642526388.00,26282,F1,1,,,,,
2026-09-04,2026-09-04,CM,NSE,STK,21808,INE123W01016,SBILIFE,EQ,,,,,SBI LIFE INSURANCE CO LTD,1715.00,1775.00,1707.40,1775.00,1775.00,1715.00,,1774.99,,,1720166,3022210304.30,54483,F1,1,,,,,
2026-09-04,2026-09-04,CM,NSE,STK,17272,INF200KA16D8,SETFGOLD,EQ,,,,,SBI-ETF GOLD,133.47,133.47,130.75,131.22,131.22,130.22,,131.22,,,4422415,580258915.89,10708,F1,1,,,,,
2026-09-04,2026-09-04,CM,NSE,STK,10176,INF200KA1FS1,SETFNIF50,EQ,,,,,SBI-ETF NIFTY 50,259.90,259.90,257.33,258.08,258.50,257.33,,258.10,,,561856,145024741.70,3274,F1,1,,,,,
2026-09-04,2026-09-04,CM,NSE,STK,7361,INF200KA1580,SETFNIFBK,EQ,,,,,SBI-ETF NIFTY BANK,593.87,593.87,589.83,590.86,590.31,591.31,,590.85,,,18450,10914209.07,604,F1,1,,,,,
2026-09-04,2026-09-04,CM,NSE,STK,7353,INF200KA1598,SETFNN50,EQ,,,,,SBI-ETF NIFTY NEXT 50,787.52,799.00,781.73,785.05,784.00,783.60,,785.05,,,80614,63306294.45,1956,F1,1,,,,,
2026-09-04,2026-09-04,CM,NSE,STK,19705,INF200KA13Z8,LIQUIDSBI,EQ,,,,,SBIAMC - LIQUIDSBI,999.99,1000.01,999.99,1000.00,1000.01,1000.01,,1000.00,,,5550,5550033.32,27,F1,1,,,,,
2026-09-04,2026-09-04,CM,NSE,STK,30290,INF200KB1712,SBIBPB,EQ,,,,,SBIAMC - SBIBPB,49.97,50.05,49.26,49.56,49.56,49.48,,49.56,,,104576,5206668.47,319,F1,1,,,,,
2026-09-04,2026-09-04,CM,NSE,STK,5168,INF200KA1X17,SBIETFCON,EQ,,,,,SBIAMC - SBIETFCON,122.54,122.54,119.70,119.89,119.70,120.31,,119.89,,,13201,1585294.34,81,F1,1,,,,,
2026-09-04,2026-09-04,CM,NSE,STK,740,INF200KA1S14,SBIETFIT,EQ,,,,,SBIAMC - SBIETFIT,342.10,346.10,338.69,340.64,342.10,342.10,,340.64,,,1908,652762.76,161,F1,1,,,,,
2026-09-04,2026-09-04,CM,NSE,STK,722,INF200KA1S22,SBIETFPB,EQ,,,,,SBIAMC - SBIETFPB,290.89,290.89,282.98,283.57,285.46,285.51,,283.57,,,2003,570122.87,67,F1,1,,,,,
2026-09-04,2026-09-04,CM,NSE,STK,7218,INF200KA1WX6,SBIETFQLTY,EQ,,,,,SBIAMC - SBIETFQLTY,223.50,223.50,221.50,221.86,222.21,223.32,,221.86,,,718,159690.34,70,F1,1,,,,,
2026-09-04,2026-09-04,CM,NSE,STK,758496,INF200KB1969,SBILIQETF,EQ,,,,,SBIAMC - SBILIQETF,1054.81,1054.83,1054.81,1054.81,1054.81,1054.43,,1054.81,,,104098,109804024.39,73,F1,1,,,,,
2026-09-04,2026-09-04,CM,NSE,STK,761095,INF200KB1AJ0,SBIMIDMOM,EQ,,,,,SBIAMC - SBIMIDMOM,63.70,64.07,63.56,63.73,63.79,63.87,,63.73,,,5431,346524.16,116,F1,1,,,,,
2026-09-04,2026-09-04,CM,NSE,STK,24524,INF200KB1282,SBINEQWETF,EQ,,,,,SBIAMC - SBINEQWETF,33.20,33.31,33.10,33.26,33.12,33.13,,33.19,,,26479,880183.11,184,F1,1,,,,,
2026-09-04,2026-09-04,CM,NSE,STK,761741,INF200KB1AK8,SBINMID150,EQ,,,,,SBIAMC - SBINMID150,23.59,23.59,23.26,23.30,23.31,23.32,,23.30,,,11172,260301.52,126,F1,1,,,,,
2026-09-04,2026-09-04,CM,NSE,STK,24366,INF200KB1217,SBISILVER,EQ,,,,,SBIAMC - SBISILVER,226.74,229.16,226.74,228.31,228.50,225.50,,228.31,,,717256,163637700.27,4637,F1,1,,,,,
2026-09-04,2026-09-04,CM,NSE,STK,763543,INF200KB1AY9,SBISMLETF,EQ,,,,,SBIAMC - SBISMLETF,18.47,18.67,18.47,18.55,18.60,18.47,,18.55,,,29237,542275.50,209,F1,1,,,,,
2026-09-04,2026-09-04,CM,NSE,STK,763546,INF200KB1AX1,SBIVALETF,EQ,,,,,SBIAMC - SBIVALETF,14.72,14.75,14.66,14.75,14.75,14.65,,14.76,,,5269,77613.41,63,F1,1,,,,,
2026-09-04,2026-09-04,CM,NSE,STK,17395,INF200KA1JT1,SETF10GILT,EQ,,,,,SBIAMC - SETF10GILT,264.00,264.49,263.01,263.10,263.10,263.85,,263.10,,,7480,1973259.00,72,F1,1,,,,,
2026-09-04,2026-09-04,CM,NSE,STK,762887,INE099G01011,SCANSTL,BE,,,,,SCAN STEELS LTD.,58.81,60.80,56.50,59.22,60.80,58.82,,59.32,,,33610,1960586.88,154,F1,1,,,,,
2026-09-04,2026-09-04,CM,NSE,STK,1011,INE513A01022,SCHAEFFLER,EQ,,,,,SCHAEFFLER INDIA LIMITED,3950.00,4004.60,3871.70,3956.40,3958.90,3950.60,,3957.09,,,53652,211898727.40,11259,F1,1,,,,,
2026-09-04,2026-09-04,CM,NSE,STK,31234,INE839M01018,SCHNEIDER,EQ,,,,,SCHNEIDER ELECTRIC INFRA,1198.00,1235.70,1192.20,1232.40,1224.20,1191.00,,1232.45,,,255402,311385997.60,20576,F1,1,,,,,
2026-09-04,2026-09-04,CM,NSE,STK,757460,INE148I07XG8,865SCL27,N4,,,,,SCL 8.65% 2027 SR II,1001.00,1001.00,1001.00,1001.00,1001.00,1001.00,,1001.00,,,3,3003.00,1,F1,1,,,,,
2026-09-04,2026-09-04,CM,NSE,STK,30238,INE148I07WU1,902SCL28,N1,,,,,SCL 9.02% SR V,1000.64,1000.64,1000.64,1000.64,1000.64,998.00,,999.07,,,75,75048.00,2,F1,1,,,,,
2026-09-04,2026-09-04,CM,NSE,STK,760731,INE148I07YJ0,905SCL36,N0,,,,,SCL 9.05% 2036,100100.00,100100.00,100100.00,100100.00,100100.00,101000.00,,100100.00,,,150,15015000.00,1,F1,1,,,,,
2026-09-04,2026-09-04,CM,NSE,STK,30230,INE148I07WP1,971SCL30,N1,,,,,SCL 9.71% SR VIII,1021.52,1021.52,1021.52,1021.52,1021.52,1029.00,,1021.52,,,104,106238.08,3,F1,1,,,,,
2026-09-04,2026-09-04,CM,NSE,STK,28915,INE148I07VR9,99SCL27V,N1,,,,,SCL 9.90% 2027 SR IV,1041.80,1060.00,1024.00,1060.00,1060.00,1005.00,,1060.00,,,1525,1580535.60,5,F1,1,,,,,
2026-09-04,2026-09-04,CM,NSE,STK,757497,INE148I07XY1,995SCL2035,NM,,,,,SCL 9.95% 2035 SR XII,1016.00,1016.00,1000.00,1008.64,1000.00,1000.00,,1008.64,,,50,50432.00,2,F1,1,,,,,
2026-09-04,2026-09-04,CM,NSE,STK,757478,INE090501011,SCODATUBES,EQ,,,,,SCODA TUBES LIMITED,134.80,136.59,131.20,135.02,135.98,134.95,,135.02,,,215520,29002212.51,2686,F1,1,,,,,
2026-09-04,2026-09-04,CM,NSE,STK,21494,IN1020230703,764AP31,SG,,,,,SDL AP 7.64% 2031,96.48,96.48,96.48,96.48,96.48,96.48,,96.48,,,100,9648.00,1,F1,100,,,,,
2026-09-04,2026-09-04,CM,NSE,STK,762420,IN1320260012,792BR51,SG,,,,,SDL BR 7.92% 2051,102.55,102.55,102.55,102.55,102.55,100.30,,102.55,,,100,10255.00,1,F1,100,,,,,
2026-09-04,2026-09-04,CM,NSE,STK,5671,IN3520210037,653CG28,SG,,,,,SDL CG 6.53% 2028,96.80,96.80,96.80,96.80,96.80,96.80,,96.80,,,200,19360.00,2,F1,100,,,,,
2026-09-04,2026-09-04,CM,NSE,STK,755652,IN3920260020,775DL41,SG,,,,,SDL DL 7.75% 2041,99.12,99.12,99.12,99.12,99.12,100.12,,99.12,,,100,9912.00,1,F1,100,,,,,
2026-09-04,2026-09-04,CM,NSE,STK,13366,IN1520220170,755GJ30,SG,,,,,SDL GJ 7.55% 2030,96.59,96.59,96.59,96.59,96.59,100.00,,96.59,,,300,28977.00,1,F1,100,,,,,
2026-09-04,2026-09-04,CM,NSE,STK,755742,IN1720260034,777HP49,SG,,,,,SDL HP 7.77% 2049,99.75,99.75,92.00,97.20,97.20,95.00,,97.20,,,2800,272180.00,10,F1,100,,,,,
2026-09-04,2026-09-04,CM,NSE,STK,15973,IN2220230048,726MH30,SG,,,,,SDL MH 7.26% 2030,99.00,99.00,99.00,99.00,99.00,100.00,,99.00,,,100,9900.00,1,F1,100,,,,,
2026-09-04,2026-09-04,CM,NSE,STK,761643,IN2220260011,735MH31,SG,,,,,SDL MH 7.35% 2031,97.20,97.20,97.20,97.20,97.20,99.50,,97.20,,,500,48600.00,1,F1,100,,,,,
2026-09-04,2026-09-04,CM,NSE,STK,13913,IN2220220155,757MH31,SG,,,,,SDL MH 7.57% 2031,96.03,96.03,95.00,95.00,95.00,100.00,,95.00,,,2700,257530.00,2,F1,100,,,,,
2026-09-04,2026-09-04,CM,NSE,STK,763734,IN2920260071,737RJ30,SG,,,,,SDL RJ 7.37% 2030,97.03,97.03,97.03,97.03,97.03,100.00,,97.03,,,100,9703.00,1,F1,100,,,,,
2026-09-04,2026-09-04,CM,NSE,STK,761649,IN4520260014,797TS43,SG,,,,,SDL TS 7.97% 2043,96.43,96.43,96.43,96.43,96.43,100.64,,96.43,,,800,77144.00,1,F1,100,,,,,
2026-09-04,2026-09-04,CM,NSE,STK,2616,INE497B01018,SEAMECLTD,EQ,,,,,SEAMEC LIMITED,1787.00,1804.00,1770.50,1793.60,1796.50,1786.60,,1793.56,,,130765,234142574.80,10768,F1,1,,,,,
2026-09-04,2026-09-04,CM,NSE,STK,17043,INE530B07369,IIFLZC28B,Y1,,,,,SEC RE NCD 0% SR.VII,1275.00,1275.00,1275.00,1275.00,1275.00,1272.00,,1275.00,,,20,25500.00,1,F1,1,,,,,
2026-09-04,2026-09-04,CM,NSE,STK,20771,INE413U07277,10ISFL26,N3,,,,,SEC RE NCD 10% SR 4,1066.80,1066.80,1066.80,1066.80,1066.80,1066.80,,1066.80,,,25,26670.00,1,F1,1,,,,,
2026-09-04,2026-09-04,CM,NSE,STK,21028,INE148I07RU1,875SCL23A,YI,,,,,SEC RE NCD 10.03% SR X,1010.00,1010.00,1010.00,1010.00,1010.00,1010.00,,1010.00,,,97,97970.00,2,F1,1,,,,,
2026-09-04,2026-09-04,CM,NSE,STK,20102,INE148I07QR9,1015SCL28,NR,,,,,SEC RE NCD 10.15% SR VII,1000.00,1000.00,1000.00,1000.00,1000.00,900.00,,1000.00,,,6,6000.00,2,F1,1,,,,,
2026-09-04,2026-09-04,CM,NSE,STK,17542,INE148I07OW4,1015SCL28B,AZ,,,,,SEC RE NCD 10.15% SR VII,864.00,864.00,864.00,864.00,864.00,720.00,,864.00,,,1,864.00,1,F1,1,,,,,
2026-09-04,2026-09-04,CM,NSE,STK,25558,INE148I07UK6,1015SCL29B,N1,,,,,SEC RE NCD 10.15% SR VII,1105.38,1105.38,1105.38,1105.38,1105.38,1094.55,,1105.38,,,1,1105.38,1,F1,1,,,,,
2026-09-04,2026-09-04,CM,NSE,STK,25914,INE583D07521,1025UCL26A,N1,,,,,SEC RE NCD 10.25% SR II,1000.12,1000.12,999.70,999.70,999.70,990.01,,999.70,,,5,5000.18,2,F1,1,,,,,
2026-09-04,2026-09-04,CM,NSE,STK,18906,INE148I07PV3,888SCL25E,N4,,,,,SEC RE NCD 10.25% SR XII,915.00,915.20,915.00,915.20,915.20,939.00,,915.20,,,75,68633.00,3,F1,1,,,,,
2026-09-04,2026-09-04,CM,NSE,STK,20130,INE148I07RB1,965SCL25F,NZ,,,,,SEC RE NCD 10.25% SR XII,840.00,840.00,840.00,840.00,840.00,875.00,,840.00,,,20,16800.00,1,F1,1,,,,,
2026-09-04,2026-09-04,CM,NSE,STK,15249,INE244L07556,1003SFIL28,NX,,,,,SEC RE NCD 10.50% SR.VII,411.00,411.00,411.00,411.00,411.00,446.41,,411.00,,,4,1644.00,1,F1,1,,,,,
2026-09-04,2026-09-04,CM,NSE,STK,23123,INE342T07460,1065NFL27,NC,,,,,SEC RE NCD 10.65% SR.IV,1011.00,1011.00,1011.00,1011.00,1011.00,1010.99,,1011.00,,,431,435741.00,21,F1,1,,,,,
2026-09-04,2026-09-04,CM,NSE,STK,11658,INE0H7R07017,79NHIT35,N1,,,,,SEC RE NCD 7.90% STRPP A,311.25,311.25,311.25,311.25,311.25,311.01,,311.38,,,50,15562.50,1,F1,1,,,,,
2026-09-04,2026-09-04,CM,NSE,STK,11665,INE0H7R07025,79NHIT40,N2,,,,,SEC RE NCD 7.90% STRPP B,312.00,312.00,312.00,312.00,312.00,312.00,,312.00,,,1,312.00,1,F1,1,,,,,
2026-09-04,2026-09-04,CM,NSE,STK,11669,INE0H7R07033,79NHIT47,N3,,,,,SEC RE NCD 7.90% STRPP C,417.50,418.00,417.50,418.00,418.00,416.53,,418.00,,,725,302871.00,4,F1,1,,,,,
2026-09-04,2026-09-04,CM,NSE,STK,3476,INE219X07280,797IGT31,NL,,,,,SEC RE NCD 7.97% SR.VI,1017.80,1017.80,1015.00,1017.80,1017.80,1010.00,,1017.80,,,175,177879.00,9,F1,1,,,,,
2026-09-04,2026-09-04,CM,NSE,STK,6197,INE530B07161,842IIFL26,NL,,,,,SEC RE NCD 8.42% SR.V,999.98,999.98,998.00,998.00,998.00,996.00,,998.00,,,380,379457.80,6,F1,1,,,,,
2026-09-04,2026-09-04,CM,NSE,STK,7668,INE477L07AQ2,843IHFL29,NC,,,,,SEC RE NCD 8.43% SR.VI,982.00,985.00,982.00,985.00,985.00,982.00,,985.00,,,38,37373.00,2,F1,1,,,,,
2026-09-04,2026-09-04,CM,NSE,STK,17039,INE530B07385,865IFL28,NZ,,,,,SEC RE NCD 8.65% SR.V,985.00,990.00,985.00,986.01,986.01,985.00,,988.01,,,675,666253.75,4,F1,1,,,,,
2026-09-04,2026-09-04,CM,NSE,STK,13852,INE530B07310,865IIFL28,NS,,,,,SEC RE NCD 8.65% SR.V,992.00,992.50,985.00,991.00,991.00,993.76,,991.00,,,338,334967.70,9,F1,1,,,,,
2026-09-04,2026-09-04,CM,NSE,STK,7777,INE148I07LE8,889SCFL27,YC,,,,,SEC RE NCD 8.89% SR.VIII,999.00,999.00,991.20,991.20,991.20,993.47,,995.10,,,29,28822.86,3,F1,1,,,,,
2026-09-04,2026-09-04,CM,NSE,STK,28869,INE477L07BG1,89IHFL29,N1,,,,,SEC RE NCD 8.90% SR VI,980.00,980.00,980.00,980.00,980.00,975.00,,980.00,,,120,117600.00,5,F1,1,,,,,
2026-09-04,2026-09-04,CM,NSE,STK,5160,INE516Y07428,9PFL31A,NA,,,,,SEC RE NCD 9% SR.V,1038.00,1038.00,1038.00,1038.00,1038.00,1038.00,,1036.50,,,20,20760.00,1,F1,1,,,,,
2026-09-04,2026-09-04,CM,NSE,STK,20075,INE148I07QK4,948SCL26A,NN,,,,,SEC RE NCD 9.48% SR V,398.39,398.39,325.55,325.55,325.55,333.90,,325.55,,,1170,465906.13,3,F1,1,,,,,
2026-09-04,2026-09-04,CM,NSE,STK,25552,INE148I07UC3,948SCL27D,N1,,,,,SEC RE NCD 9.48% SR V,1060.00,1060.00,1060.00,1060.00,1060.00,981.00,,1060.00,,,3,3180.00,1,F1,1,,,,,
2026-09-04,2026-09-04,CM,NSE,STK,25287,INE423A07328,965AEL27,N4,,,,,SEC RE NCD 9.65% SR IV,1012.00,1012.00,1009.05,1012.00,1012.00,1011.50,,1012.00,,,123,124464.15,11,F1,1,,,,,
2026-09-04,2026-09-04,CM,NSE,STK,18487,INE741K07579,970CAGL28,ND,,,,,SEC RE NCD 9.70% SR VII,1021.90,1021.90,1021.00,1021.00,1021.00,1021.00,,1020.00,,,299,305292.40,12,F1,1,,,,,
2026-09-04,2026-09-04,CM,NSE,STK,19760,INE148I07PY7,990SCL26,N7,,,,,SEC RE NCD 9.90% SR IV,365.80,365.80,365.80,365.80,365.80,399.80,,365.80,,,15,5487.00,2,F1,1,,,,,
2026-09-04,2026-09-04,CM,NSE,STK,25296,INE423A07344,99AEL29,N7,,,,,SEC RE NCD 9.90% SR VII,1055.00,1055.00,1055.00,1055.00,1055.00,1051.00,,1055.00,,,5,5275.00,1,F1,1,,,,,
2026-09-04,2026-09-04,CM,NSE,STK,23704,INE338I07099,0MOFSL27,N3,,,,,SEC RE NCD SR IV,1215.00,1215.00,1210.00,1210.50,1210.00,1215.00,,1210.50,,,30,36315.00,2,F1,1,,,,,
2026-09-04,2026-09-04,CM,NSE,STK,25292,INE423A07377,AEL120924A,N5,,,,,SEC RE NCD SR V,1200.00,1200.00,1200.00,1200.00,1200.00,1185.00,,1192.50,,,31,37200.00,3,F1,1,,,,,
2026-09-04,2026-09-04,CM,NSE,STK,14228,INE00QS24035,IMC1,N3,,,,,SEC RE NCGB 8.25% STRPP D,250.00,251.00,250.00,251.00,251.00,256.50,,251.00,,,8,2005.00,2,F1,1,,,,,
2026-09-04,2026-09-04,CM,NSE,STK,7975,INE804IA7014,1015ECL29,NR,,,,,SEC RED NCD 10.15% SR. VI,1017.00,1022.90,1015.60,1017.00,1017.00,1019.00,,1017.00,,,710,722424.32,17,F1,1,,,,,
2026-09-04,2026-09-04,CM,NSE,STK,7986,INE804IA7022,1060ECL29,NS,,,,,SEC RED NCD 10.6% SR. VII,1069.50,1069.50,1069.50,1069.50,1069.50,1088.50,,1069.50,,,110,117645.00,1,F1,1,,,,,
2026-09-04,2026-09-04,CM,NSE,STK,16870,INE033L07GS6,81TCHF28,N8,,,,,SEC RED NCD 8.10% SR.IV,1014.80,1014.80,1014.40,1014.40,1014.40,1010.00,,1014.20,,,125,126809.00,3,F1,1,,,,,
2026-09-04,2026-09-04,CM,NSE,STK,17159,INE721A07PK7,875SFL27,ZF,,,,,SEC RED NCD 8.75% SR.III,1010.00,1010.00,1010.00,1010.00,1010.00,1000.20,,1010.00,,,3,3030.00,1,F1,1,,,,,
2026-09-04,2026-09-04,CM,NSE,STK,18626,INE148I07GK5,885SCL26,N9,,,,,SEC RED NCD 8.85% SR. VI,1078.33,1080.00,1077.00,1077.00,1077.00,1077.02,,1077.00,,,3000,3233350.28,60,F1,1,,,,,
2026-09-04,2026-09-04,CM,NSE,STK,18628,INE148I07GL3,9SCL26BA,NA,,,,,SEC RED NCD 9.0% SR. VI,1082.00,1083.25,1082.00,1083.25,1083.25,1081.00,,1083.25,,,60,64938.75,2,F1,1,,,,,
2026-09-04,2026-09-04,CM,NSE,STK,498,INE721A07NU1,903SFL28,YI,,,,,SEC RED NCD 9.03% SR. II,1036.00,1036.00,1036.00,1036.00,1036.00,1030.00,,1036.00,,,10,10360.00,1,F1,1,,,,,
2026-09-04,2026-09-04,CM,NSE,STK,6149,INE721A07OC7,930SFL28,YP,,,,,SEC RED NCD 9.30% SR. II,1040.00,1040.00,1040.00,1040.00,1040.00,1050.00,,1040.00,,,13,13520.00,1,F1,1,,,,,
2026-09-04,2026-09-04,CM,NSE,STK,8625,INE721A07ON4,957ICCL25,YW,,,,,SEC RED NCD 9.30% SR. II,1041.50,1042.00,1041.50,1042.00,1042.00,1042.50,,1042.00,,,451,469941.50,6,F1,1,,,,,
2026-09-04,2026-09-04,CM,NSE,STK,4288,INE804I078Y8,943ECL28,NJ,,,,,SEC RED NCD 9.43% SR. VI,1003.01,1003.01,1003.00,1003.00,1003.00,1009.90,,1003.00,,,558,559679.10,5,F1,1,,,,,
2026-09-04,2026-09-04,CM,NSE,STK,8642,INE721A07OQ7,97SFL29,YZ,,,,,SEC RED NCD 9.70% SR. V,1091.55,1091.55,1091.55,1091.55,1091.55,1091.00,,1091.55,,,200,218310.00,2,F1,1,,,,,
2026-09-04,2026-09-04,CM,NSE,STK,4292,INE804I079Y6,985ECL28,NK,,,,,SEC RED NCD 9.85% SR. VII,1004.69,1004.69,1003.05,1003.99,1003.99,1002.52,,1003.99,,,520,521923.40,35,F1,1,,,,,
2026-09-04,2026-09-04,CM,NSE,STK,19496,INE0BTM01013,SECMARK,EQ,,,,,SECMARK CONSULTANCY LTD,148.46,150.00,144.40,144.40,144.40,148.46,,144.40,,,1139,165991.91,51,F1,1,,,,,
2026-09-04,2026-09-04,CM,NSE,STK,11058,INE650K01021,SECURKLOUD,EQ,,,,,SECUREKLOUD TECH LIMITED,17.58,17.80,16.98,17.01,17.30,17.41,,17.02,,,24259,414284.70,152,F1,1,,,,,
2026-09-04,2026-09-04,CM,NSE,STK,761153,INE00XB01019,SEDEMAC,EQ,,,,,SEDEMAC MECHATRONICS LTD,2916.20,2919.00,2800.00,2814.40,2808.30,2905.90,,2814.38,,,102621,292271604.10,10840,F1,1,,,,,
2026-09-04,2026-09-04,CM,NSE,STK,7091,INE955I01044,SEJALLTD,EQ,,,,,SEJAL GLASS LIMITED,670.10,674.75,648.00,657.50,658.15,672.45,,657.60,,,5519,3659508.30,539,F1,1,,,,,
2026-09-04,2026-09-04,CM,NSE,STK,6262,INE105I01020,SELMC,EQ,,,,,SEL MANUFACTURING CO LTD,29.50,29.50,26.53,27.50,27.50,27.17,,27.68,,,4456,122905.99,82,F1,1,,,,,
2026-09-04,2026-09-04,CM,NSE,STK,757982,INE0IJF01013,SELLOWRAP,SM,,,,,SELLOWRAP INDUSTRIES LTD,67.50,67.50,67.50,67.50,67.50,66.50,,67.50,,,1600,108000.00,1,F1,1600,,,,,
2026-09-04,2026-09-04,CM,NSE,STK,11961,INE617A01013,SEMAC,EQ,,,,,SEMAC CONSTRUCTION LTD,298.90,298.90,276.05,277.25,277.00,290.55,,277.27,,,4531,1260927.65,135,F1,1,,,,,
2026-09-04,2026-09-04,CM,NSE,STK,17271,INE602W01027,SENCO,EQ,,,,,SENCO GOLD LIMITED,349.85,362.80,349.85,358.65,358.75,349.05,,358.62,,,1141834,408131811.20,27979,F1,1,,,,,
2026-09-04,2026-09-04,CM,NSE,STK,28888,INE0RB801010,SENORES,EQ,,,,,SENORES PHARMACEUTICALS L,1442.80,1465.90,1420.00,1428.40,1433.00,1430.40,,1428.35,,,124425,178873521.80,10741,F1,1,,,,,
2026-09-04,2026-09-04,CM,NSE,STK,15308,INE964H01014,SEPC,EQ,,,,,SEPC LIMITED,5.39,5.44,5.35,5.38,5.40,5.37,,5.38,,,7339250,39538568.21,4047,F1,1,,,,,
2026-09-04,2026-09-04,CM,NSE,STK,20715,INE027E07BC8,865LTF26,NN,,,,,SERENCD 8.65% SR.VI OP12,1065.00,1065.00,1065.00,1065.00,1065.00,1060.00,,1065.00,,,10,10650.00,1,F1,1,,,,,
2026-09-04,2026-09-04,CM,NSE,STK,20655,INE027E07998,898LTF29,N7,,,,,SERENCD 8.98% SR.VI OP2,1067.01,1072.00,1066.01,1072.00,1072.00,1066.01,,1072.00,,,118,126068.72,5,F1,1,,,,,
2026-09-04,2026-09-04,CM,NSE,STK,21197,INE306N07LM5,865TCAPS27,N8,,,,,SERENCD8.65%SR.IIICIII&IV,1011.00,1011.00,1009.05,1009.05,1009.05,1011.00,,1009.53,,,11,11119.05,2,F1,1,,,,,
2026-09-04,2026-09-04,CM,NSE,STK,4930,INE244L07168,96SFIL24A,NB,,,,,SERENCD8.84%SRVICIII&IV,992.00,992.00,992.00,992.00,992.00,992.76,,992.00,,,251,248992.00,3,F1,1,,,,,
2026-09-04,2026-09-04,CM,NSE,STK,17399,INE0P1Q01015,SERVICE,SM,,,,,SERVICE CARE LIMITED,70.80,71.85,67.25,69.45,69.90,69.40,,69.45,,,34000,2349400.00,17,F1,2000,,,,,
2026-09-04,2026-09-04,CM,NSE,STK,5507,INE782X01033,SERVOTECH,EQ,,,,,SERVOTECH REN POW SYS LTD,80.70,82.26,78.88,79.62,79.55,80.25,,79.62,,,492370,39260240.06,4199,F1,1,,,,,
2026-09-04,2026-09-04,CM,NSE,STK,759934,INE04VU01023,STYL,EQ,,,,,SESHAASAI TECHNOLOGIES L,393.00,399.00,380.10,383.50,384.40,387.05,,383.45,,,123059,47756858.25,3455,F1,1,,,,,
2026-09-04,2026-09-04,CM,NSE,STK,3066,INE630A01024,SESHAPAPER,EQ,,,,,SESHASAYEE PAPER & BOARDS,236.00,236.00,231.00,233.09,232.55,234.51,,233.07,,,18854,4381519.98,479,F1,1,,,,,
2026-09-04,2026-09-04,CM,NSE,STK,17518,INE878E01021,SETCO,BE,,,,,SETCO AUTOMOTIVE LTD,17.88,18.10,17.11,17.45,17.50,17.36,,17.45,,,24126,421075.99,165,F1,1,,,,,
2026-09-04,2026-09-04,CM,NSE,STK,18024,INE023M01027,SETUINFRA,BZ,,,,,SETUBANDHAN INFRA LTD,0.57,0.57,0.57,0.57,0.57,0.55,,0.57,,,46145,26302.65,41,F1,1,,,,,
2026-09-04,2026-09-04,CM,NSE,STK,10836,INE573R01012,SEYAIND,BE,,,,,SEYA INDUSTRIES LIMITED,12.30,12.30,11.90,12.25,12.01,12.06,,12.25,,,4895,59246.25,45,F1,1,,,,,
2026-09-04,2026-09-04,CM,NSE,STK,758853,INE618R01015,SGFIN,EQ,,,,,SG FINSERVE LIMITED,682.50,682.50,655.90,675.70,678.50,676.80,,675.64,,,164000,110674125.15,5875,F1,1,,,,,
2026-09-04,2026-09-04,CM,NSE,STK,758889,INE385F01024,SGMART,EQ,,,,,SG MART LIMITED,822.00,834.05,815.55,824.75,822.00,815.85,,824.78,,,114546,94310750.00,6666,F1,1,,,,,
2026-09-04,2026-09-04,CM,NSE,STK,765247,INE967B01028,SGLRES,EQ,,,,,SGL RESOURCES LIMITED,2.50,2.50,2.32,2.41,2.47,2.39,,2.41,,,58369,140094.06,131,F1,1,,,,,
2026-09-04,2026-09-04,CM,NSE,STK,761469,INE12UN01015,SHADOWFAX,EQ,,,,,SHADOWFAX TECHNOLOGIES L,260.90,262.30,256.25,259.55,260.70,259.90,,259.56,,,1649661,428087704.75,18502,F1,1,,,,,
2026-09-04,2026-09-04,CM,NSE,STK,11859,INE640C01011,SHAHALLOYS,BE,,,,,SHAH ALLOYS LIMITED,102.15,106.00,101.50,101.50,101.50,106.84,,101.68,,,140569,14422489.03,348,F1,1,,,,,
2026-09-04,2026-09-04,CM,NSE,STK,20296,INE482J01021,SHAH,EQ,,,,,SHAH METACORP LIMITED,3.53,3.60,3.45,3.51,3.52,3.49,,3.51,,,1297179,4562589.77,827,F1,1,,,,,
2026-09-04,2026-09-04,CM,NSE,STK,8727,INE151G01028,SHAILY,EQ,,,,,SHAILY ENG PLASTICS LTD,3265.00,3310.00,3240.00,3278.30,3266.50,3267.10,,3278.21,,,77257,252993207.70,12260,F1,1,,,,,
2026-09-04,2026-09-04,CM,NSE,STK,25574,INE908D01010,SHAKTIPUMP,EQ,,,,,SHAKTI PUMPS (I) LTD,475.00,482.80,470.80,473.00,474.00,472.20,,472.99,,,419668,199414067.85,15452,F1,1,,,,,
2026-09-04,2026-09-04,CM,NSE,STK,714,INE597J01018,SHALBY,EQ,,,,,SHALBY LIMITED,152.65,154.49,152.00,152.71,152.51,152.64,,152.71,,,31700,4855464.82,983,F1,1,,,,,
2026-09-04,2026-09-04,CM,NSE,STK,761688,INE861D01011,SAHLIBHFI,EQ,,,,,SHALIBHADRA FINANCE LTD,88.52,90.80,88.00,89.52,89.90,89.12,,89.51,,,43843,3934193.91,992,F1,1,,,,,
2026-09-04,2026-09-04,CM,NSE,STK,15346,INE849C01026,SHALPAINTS,BE,,,,,SHALIM PAINTS LTD,85.60,85.62,85.00,85.47,85.26,81.55,,85.76,,,141870,12143104.83,488,F1,1,,,,,
2026-09-04,2026-09-04,CM,NSE,STK,25737,INE01NE01012,SRD,EQ,,,,,SHANKAR LAL RAMPAL LTD,39.66,40.19,39.27,39.33,39.59,39.66,,39.33,,,26155,1038284.25,196,F1,1,,,,,
2026-09-04,2026-09-04,CM,NSE,STK,20321,INE274V01019,SHANKARA,EQ,,,,,SHANKARA BLDG PRODUCT LTD,147.01,148.99,147.01,148.18,147.46,147.09,,148.17,,,46914,6927102.32,563,F1,1,,,,,
2026-09-04,2026-09-04,CM,NSE,STK,760594,INE24OJ01011,BUILDPRO,EQ,,,,,SHANKARA BUILDPRO LIMITED,1288.80,1305.00,1282.50,1298.20,1294.00,1288.80,,1298.13,,,351369,455823214.20,5087,F1,1,,,,,
2026-09-04,2026-09-04,CM,NSE,STK,765382,INE1WFC01025,SHANKESH,EQ,,,,,SHANKESH JEWELLERS LTD,97.35,103.45,97.00,98.92,98.78,97.40,,98.92,,,8474688,854506536.70,48883,F1,1,,,,,
2026-09-04,2026-09-04,CM,NSE,STK,3078,INE631A01022,SHANTIGEAR,EQ,,,,,SHANTHI GEARS LTD,600.00,637.45,586.85,621.75,615.55,582.80,,621.68,,,1612281,1001532765.40,42943,F1,1,,,,,
2026-09-04,2026-09-04,CM,NSE,STK,762889,INE440T01028,SEIL,EQ,,,,,SHANTI EDU INITIATIVES L,202.10,202.34,198.50,200.76,201.00,202.34,,200.76,,,440822,88307216.12,1777,F1,1,,,,,
2026-09-04,2026-09-04,CM,NSE,STK,758002,INE06ZD01017,SHANTIGOLD,EQ,,,,,SHANTI GOLD INTERNATION L,247.01,259.48,246.00,256.34,258.30,245.05,,256.38,,,2489253,634970088.05,32519,F1,1,,,,,
2026-09-04,2026-09-04,CM,NSE,STK,5650,INE933X01016,SHANTI,EQ,,,,,SHANTI OVERSEAS INDIA LTD,6.31,6.57,6.11,6.25,6.22,6.31,,6.25,,,24947,157869.49,91,F1,1,,,,,
2026-09-04,2026-09-04,CM,NSE,STK,762904,INE220Z01013,SHINDL,EQ,,,,,SHARAT INDUSTRIES LTD.,159.07,163.00,156.20,162.42,160.26,159.35,,162.42,,,220380,35488787.87,881,F1,1,,,,,
2026-09-04,2026-09-04,CM,NSE,STK,4992,INE221J01015,SHARDACROP,EQ,,,,,SHARDA CROPCHEM LTD.,771.65,780.50,765.00,768.35,771.05,772.75,,768.37,,,105369,81356860.75,7338,F1,1,,,,,
2026-09-04,2026-09-04,CM,NSE,STK,10530,INE597I01028,SHARDAMOTR,EQ,,,,,SHARDA MOTOR INDS LTD,879.05,885.45,872.60,881.95,882.65,877.90,,881.96,,,27320,24013703.25,3219,F1,1,,,,,
2026-09-04,2026-09-04,CM,NSE,STK,762897,INE037B01020,SHARDUL,BE,,,,,SHARDUL SECURITIES LTD.,53.77,56.40,53.15,54.49,54.50,53.77,,53.71,,,10278,555031.42,59,F1,1,,,,,
2026-09-04,2026-09-04,CM,NSE,STK,104,INE932X01026,SHAREINDIA,EQ,,,,,SHARE IND. SECURITIES LTD,171.06,172.75,170.10,170.50,170.11,169.27,,170.50,,,316097,53979011.71,1853,F1,1,,,,,
2026-09-04,2026-09-04,CM,NSE,STK,19469,INE460Q01014,SCML,SM,,,,,SHARP CHUCKS N MACHINES L,84.00,84.10,74.00,81.00,81.00,83.20,,81.00,,,14000,1115100.00,13,F1,1000,,,,,
2026-09-04,2026-09-04,CM,NSE,STK,759410,INE0YJV01017,SHEEL,ST,,,,,SHEEL BIOTECH LIMITED,63.00,63.00,61.60,61.60,61.60,64.50,,61.60,,,6000,372400.00,3,F1,2000,,,,,
2026-09-04,2026-09-04,CM,NSE,STK,19184,INE916U01025,SFL,EQ,,,,,SHEELA FOAM LIMITED,647.00,650.20,642.10,646.80,643.00,644.90,,646.80,,,59553,38515898.55,6360,F1,1,,,,,
2026-09-04,2026-09-04,CM,NSE,STK,12081,INE501Y01019,SCPL,BE,,,,,SHEETAL COOL PRODUCTS LTD,643.00,657.00,627.10,646.45,653.50,641.90,,647.13,,,8409,5414879.85,184,F1,1,,,,,
2026-09-04,2026-09-04,CM,NSE,STK,20415,INE04VX01019,SHEETAL,SM,,,,,SHEETAL UNIVERSAL LIMITED,348.10,348.10,348.10,348.10,348.10,348.00,,348.10,,,500,174050.00,1,F1,500,,,,,
2026-09-04,2026-09-04,CM,NSE,STK,21099,INE268L01046,SHEKHAWATI,BE,,,,,SHEKHAWATI INDUSTRIES LTD,15.24,15.70,14.72,15.52,15.55,15.25,,15.52,,,26781,412026.07,116,F1,1,,,,,
2026-09-04,2026-09-04,CM,NSE,STK,5072,INE363M01019,SHEMAROO,BE,,,,,SHEMAROO ENTER. LTD.,124.01,127.50,124.01,126.61,125.51,125.74,,126.61,,,3580,451863.78,27,F1,1,,,,,
2026-09-04,2026-09-04,CM,NSE,STK,14172,INE0MM001019,SHERA,SM,,,,,SHERA ENERGY LIMITED,183.10,186.80,181.90,182.30,182.00,182.40,,182.30,,,34000,6246300.00,34,F1,1000,,,,,
2026-09-04,2026-09-04,CM,NSE,STK,764890,INE011D01013,SHERVANI,EQ,,,,,SHERVANI INDUSTRIAL SYN L,316.00,319.95,315.05,315.10,315.10,315.05,,315.10,,,78,24655.75,7,F1,1,,,,,
2026-09-04,2026-09-04,CM,NSE,STK,8394,INE03KJ01013,SHIGAN,SM,,,,,SHIGAN QUANTUM TECH LTD,74.00,74.00,71.10,71.10,71.10,73.95,,71.10,,,9000,650925.00,6,F1,1500,,,,,
2026-09-04,2026-09-04,CM,NSE,STK,759847,INE024F01011,SHILCTECH,EQ,,,,,SHILCHAR TECHNOLOGIES LTD,4045.20,4104.50,4023.50,4065.30,4050.30,4041.60,,4064.79,,,17962,73233094.30,3766,F1,1,,,,,
2026-09-04,2026-09-04,CM,NSE,STK,764895,INE960A01017,SHILGRAVQ,EQ,,,,,SHILP GRAVURES LTD.,149.42,151.00,143.00,144.80,149.89,150.42,,144.64,,,9295,1360858.03,225,F1,1,,,,,
2026-09-04,2026-09-04,CM,NSE,STK,17752,INE790G01031,SHILPAMED,EQ,,,,,SHILPA MEDICARE LTD,956.15,973.90,946.20,964.15,958.00,956.15,,964.16,,,652726,629030552.05,24194,F1,1,,,,,
2026-09-04,2026-09-04,CM,NSE,STK,23127,INE0PB301013,SCILAL,EQ,,,,,SHIPPING CORP OF ILA LTD,40.10,40.10,39.70,39.77,39.83,40.02,,39.77,,,196582,7830374.19,1416,F1,1,,,,,
2026-09-04,2026-09-04,CM,NSE,STK,3048,INE109A01011,SCI,EQ,,,,,SHIPPING CORP OF INDIA LT,296.40,300.25,293.75,295.35,296.10,294.95,,295.34,,,1792086,531615243.10,25743,F1,1,,,,,
2026-09-04,2026-09-04,CM,NSE,STK,765282,INE0FOO01011,SHIPROCKET,EQ,,,,,SHIPROCKET LIMITED,137.19,138.20,134.21,135.92,135.99,135.89,,135.91,,,4989875,678754817.19,27339,F1,1,,,,,
2026-09-04,2026-09-04,CM,NSE,STK,759747,INE719F01016,SHIVAUM,EQ,,,,,SHIV AUM STEELS LIMITED,449.90,455.00,448.00,448.05,448.05,450.00,,448.05,,,1042,470077.20,57,F1,1,,,,,
2026-09-04,2026-09-04,CM,NSE,STK,765160,INE555C01029,SHIVACEM,EQ,,,,,SHIVA CEMENT LTD.,16.09,16.89,15.40,15.97,15.99,15.70,,16.01,,,55679,892660.29,302,F1,1,,,,,
2026-09-04,2026-09-04,CM,NSE,STK,764900,INE960E01019,SHIVAAGRO,EQ,,,,,SHIVA GLOBAL AGRO INDS. L,41.70,41.70,40.25,41.39,41.39,42.90,,40.93,,,4883,200662.01,24,F1,1,,,,,
2026-09-04,2026-09-04,CM,NSE,STK,1497,INE644Y01017,SHIVAMILLS,EQ,,,,,SHIVA MILLS LIMITED,59.00,62.00,59.00,60.50,60.50,61.58,,60.50,,,438,26567.39,25,F1,1,,,,,
2026-09-04,2026-09-04,CM,NSE,STK,804,INE705C01020,SHIVATEX,EQ,,,,,SHIVA TEXYARN LIMITED,185.25,187.49,181.11,182.86,182.94,182.22,,182.86,,,15793,2907276.00,196,F1,1,,,,,
2026-09-04,2026-09-04,CM,NSE,STK,24249,INE0T7B01010,SPCL,SM,,,,,SHIVALIC POWER CONTROL L,61.30,62.95,61.00,62.60,62.10,61.20,,62.60,,,22200,1372050.00,29,F1,600,,,,,
2026-09-04,2026-09-04,CM,NSE,STK,4656,INE386D01027,SBCL,EQ,,,,,SHIVALIK BIMETAL CON. LTD,1189.30,1215.70,1102.40,1121.10,1115.00,1155.90,,1121.07,,,810275,919033802.70,44614,F1,1,,,,,
2026-09-04,2026-09-04,CM,NSE,STK,7026,INE788J01021,SHIVALIK,BE,,,,,SHIVALIK RASAYAN LIMITED,313.40,329.05,313.40,327.40,329.05,313.40,,327.66,,,46428,15238920.20,576,F1,1,,,,,
2026-09-04,2026-09-04,CM,NSE,STK,13756,INE637H01024,SHIVAMAUTO,EQ,,,,,SHIVAM AUTO.LTD,18.40,18.40,17.32,18.01,17.85,17.80,,18.01,,,77913,1403506.74,187,F1,1,,,,,
2026-09-04,2026-09-04,CM,NSE,STK,758744,INE1DLF01018,SHIVASHRIT,SM,,,,,SHIVASHRIT FOODS LIMITED,120.95,123.50,120.00,120.00,120.00,120.95,,120.00,,,34000,4114350.00,6,F1,1000,,,,,
2026-09-04,2026-09-04,CM,NSE,STK,11813,INE498B01024,SHOPERSTOP,EQ,,,,,SHOPPERS STOP LIMITED,391.45,394.95,381.00,381.75,381.00,391.45,,381.79,,,14069,5445545.85,1118,F1,1,,,,,
2026-09-04,2026-09-04,CM,NSE,STK,764905,INE311M01018,SHRADDHA,EQ,,,,,SHRADDHA PRIME PROJECTS L,157.49,159.80,153.21,156.48,158.00,152.78,,156.43,,,3120,488973.95,131,F1,1,,,,,
2026-09-04,2026-09-04,CM,NSE,STK,708,INE715Y01031,SHRADHA,EQ,,,,,SHRADHA REALTY LIMITED,31.90,32.00,31.15,31.48,31.50,31.90,,31.48,,,16176,508905.38,127,F1,1,,,,,
2026-09-04,2026-09-04,CM,NSE,STK,10588,INE712K01011,SHREEPUSHK,EQ,,,,,SHRE PUSH CHEM & FERT LTD,482.20,483.00,465.00,475.25,472.00,477.45,,475.27,,,50352,23934545.50,2458,F1,1,,,,,
2026-09-04,2026-09-04,CM,NSE,STK,762874,INE185C01017,SAPPL,EQ,,,,,SHREE AJIT PULP & PAPER L,292.00,292.00,275.45,281.85,285.00,280.60,,281.85,,,796,222481.90,42,F1,1,,,,,
2026-09-04,2026-09-04,CM,NSE,STK,3103,INE070A01015,SHREECEM,EQ,,,,,SHREE CEMENT LIMITED,23850.00,24140.00,23780.00,23855.00,23855.00,23910.00,,23855.00,,,15350,368039420.00,6995,F1,1,,,,,
2026-09-04,2026-09-04,CM,NSE,STK,3099,INE232A01011,SHREDIGCEM,EQ,,,,,SHREE DIGVIJAY CEM CO LTD,74.28,74.79,72.98,74.44,74.00,74.28,,74.43,,,189709,14022497.35,1590,F1,1,,,,,
2026-09-04,2026-09-04,CM,NSE,STK,764885,INE414Y01015,SGRL,EQ,,,,,SHREE GANESH REMEDIES LTD,684.00,717.00,684.00,708.55,708.95,684.10,,708.40,,,22022,15451083.05,1184,F1,1,,,,,
2026-09-04,2026-09-04,CM,NSE,STK,23074,INE0S4Y01010,SHREEKARNI,SM,,,,,SHREE KARNI FABCOM LTD,382.00,383.50,372.00,380.20,380.00,386.65,,380.20,,,4050,1530780.00,23,F1,150,,,,,
2026-09-04,2026-09-04,CM,NSE,STK,20603,INE02S501018,SHREEOSFM,SM,,,,,SHREE OSFM E-MOBILITY LTD,56.40,56.50,56.40,56.50,56.50,55.95,,56.50,,,2000,112900.00,2,F1,1000,,,,,
2026-09-04,2026-09-04,CM,NSE,STK,760188,INE19GK01015,SRTL,EQ,,,,,SHREE RAM TWISTEX LIMITED,36.72,37.85,36.50,37.71,37.64,36.72,,37.73,,,29437,1097636.24,452,F1,1,,,,,
2026-09-04,2026-09-04,CM,NSE,STK,7627,INE879A01019,SHREERAMA,EQ,,,,,SHREE RAMA MULTI TECH LTD,43.82,45.29,43.82,44.12,44.00,44.52,,44.14,,,51339,2278863.77,675,F1,1,,,,,
2026-09-04,2026-09-04,CM,NSE,STK,13565,INE278B01020,RAMANEWS,EQ,,,,,SHREE RAMA NEWSPRINT LTD,32.96,32.96,31.66,31.75,31.90,32.35,,31.75,,,4990,158599.09,89,F1,1,,,,,
2026-09-04,2026-09-04,CM,NSE,STK,12026,INE087H01022,RENUKA,EQ,,,,,SHREE RENUKA SUGARS LTD,24.30,24.66,23.46,24.04,24.14,24.27,,24.04,,,13578560,323172128.88,19992,F1,1,,,,,
2026-09-04,2026-09-04,CM,NSE,STK,21868,INE238Y01018,TIRUPATI,SM,,,,,SHREE TIRUPATI BALAJEE,308.00,308.00,308.00,308.00,308.00,324.00,,308.00,,,125,38500.00,1,F1,125,,,,,
2026-09-04,2026-09-04,CM,NSE,STK,25203,INE0S2G01011,BALAJEE,EQ,,,,,SHREE TIRUPATI BALAJEE L,26.65,26.65,26.11,26.16,26.15,26.15,,26.17,,,17375,455973.20,129,F1,1,,,,,
2026-09-04,2026-09-04,CM,NSE,STK,15126,INE00CE01017,SVLL,BE,,,,,SHREE VASU LOGISTICS LTD,806.00,818.00,796.00,799.25,796.00,806.00,,799.25,,,623,499088.45,31,F1,1,,,,,
2026-09-04,2026-09-04,CM,NSE,STK,762159,INE0K3301012,SHREEDHAR,ST,,,,,SHREEDHAR SPINNERS LTD,108.55,115.00,108.50,114.30,115.00,112.55,,114.30,,,20000,2215700.00,8,F1,2000,,,,,
2026-09-04,2026-09-04,CM,NSE,STK,759802,INE1FL101016,SHETHJI,SM,,,,,SHREEJI GLOBAL FMCG LTD,190.60,208.95,190.60,195.95,208.95,190.25,,195.95,,,72000,13901000.00,28,F1,1000,,,,,
2026-09-04,2026-09-04,CM,NSE,STK,759448,INE1B6101010,SHREEJISPG,EQ,,,,,SHREEJI SHIPPING GLOBAL L,670.65,684.00,657.30,680.15,684.00,664.25,,680.14,,,2336669,1560690901.80,21704,F1,1,,,,,
2026-09-04,2026-09-04,CM,NSE,STK,14305,INE00IK01029,OSWALSEEDS,EQ,,,,,SHREEOSWAL S AND CHE LTD,11.61,12.00,11.61,11.72,11.85,11.92,,11.72,,,48433,573484.15,230,F1,1,,,,,
2026-09-04,2026-09-04,CM,NSE,STK,5718,INE0GTI23014,SHREMINVIT,IV,,,,,SHREM INVIT,100.50,100.50,100.50,100.50,100.50,100.50,,100.50,,,575000,57787500.00,2,F1,25000,,,,,
2026-09-04,2026-09-04,CM,NSE,STK,760252,INE632X01030,SHRENIK,BZ,,,,,SHRENIK LIMITED,0.29,0.30,0.28,0.29,0.30,0.29,,0.29,,,346855,101923.82,157,F1,1,,,,,
2026-09-04,2026-09-04,CM,NSE,STK,3126,INE231C01019,SHREYANIND,EQ,,,,,SHREYANS INDUSTRIES LTD,130.00,130.70,126.90,128.93,130.00,129.30,,128.92,,,6128,790453.37,114,F1,1,,,,,
2026-09-04,2026-09-04,CM,NSE,STK,756409,INE0DM401012,SHRIAHIMSA,ST,,,,,SHRI AHIMSA NATURALS LTD,480.00,488.00,458.00,485.50,488.00,473.10,,485.50,,,12000,5700000.00,20,F1,600,,,,,
2026-09-04,2026-09-04,CM,NSE,STK,762899,INE402H01015,SHBAJRG,EQ,,,,,SHRI BAJRANG ALLIANCE L,161.05,165.00,160.02,160.67,162.97,160.83,,159.80,,,2205,358531.37,89,F1,1,,,,,
2026-09-04,2026-09-04,CM,NSE,STK,758568,INE0NON01025,SHKSIL,SM,,,,,SHRI HARE-KRI SPO IRON L,35.00,35.50,32.95,34.00,34.00,34.25,,34.00,,,32000,1086800.00,14,F1,2000,,,,,
2026-09-04,2026-09-04,CM,NSE,STK,764910,INE564J01026,SHRJAGP,EQ,,,,,SHRI JAGDAMBA POLYMERS L,621.30,636.00,600.05,625.65,620.05,621.30,,626.95,,,782,485480.30,89,F1,1,,,,,
2026-09-04,2026-09-04,CM,NSE,STK,760202,INE1V4601019,SHRIKANHA,SM,,,,,SHRI KANHA STAINLESS LTD,21.20,21.20,20.85,20.85,20.85,21.70,,20.85,,,11200,234640.00,6,F1,1600,,,,,
2026-09-04,2026-09-04,CM,NSE,STK,762909,INE997I01012,SHRIKRISH,EQ,,,,,SHRI KRISHNA DEVCON LTD.,41.00,41.00,39.00,39.79,39.80,38.85,,39.79,,,1225,49538.15,34,F1,1,,,,,
2026-09-04,2026-09-04,CM,NSE,STK,765210,INE574G01013,VASUPRADA,EQ,,,,,SHRI VASUPRADA PLANTATI L,107.10,107.10,107.10,107.10,107.10,102.00,,107.03,,,1,107.10,1,F1,1,,,,,
2026-09-04,2026-09-04,CM,NSE,STK,759093,INE1B3L01017,SHRINGARMS,EQ,,,,,SHRINGAR HOU OF MANGALS L,218.35,222.70,216.51,217.91,218.00,217.28,,217.91,,,255200,56151163.93,1689,F1,1,,,,,
2026-09-04,2026-09-04,CM,NSE,STK,24374,INF680P01422,LIQUIDSHRI,EQ,,,,,SHRIRAM - LIQUIDSHRI,1120.31,1120.33,1120.31,1120.33,1120.33,1119.96,,1120.33,,,20717,23209543.58,25,F1,1,,,,,
2026-09-04,2026-09-04,CM,NSE,STK,4306,INE721A01047,SHRIRAMFIN,EQ,,,,,SHRIRAM FINANCE LIMITED,1044.20,1052.80,1037.00,1041.00,1041.00,1044.20,,1041.00,,,4135730,4311670826.30,60483,F1,1,,,,,
2026-09-04,2026-09-04,CM,NSE,STK,7200,INE217L01019,SHRIRAMPPS,EQ,,,,,SHRIRAM PROPERTIES LTD,76.80,77.28,76.02,76.90,76.55,75.68,,76.90,,,248858,19099947.53,2731,F1,1,,,,,
2026-09-04,2026-09-04,CM,NSE,STK,25240,INE0UL701015,SHUBHSHREE,SM,,,,,SHUBHSHREE BIOFUELS ENE L,352.00,352.00,335.00,349.95,349.95,352.00,,349.95,,,2100,731025.00,3,F1,300,,,,,
2026-09-04,2026-09-04,CM,NSE,STK,764537,INE551C01044,SHUKRAPHAR,EQ,,,,,SHUKRA PHARMACEUTICALS L,53.39,55.54,51.66,51.93,51.80,51.93,,51.93,,,4036493,215195744.32,13652,F1,1,,,,,
2026-09-04,2026-09-04,CM,NSE,STK,10192,INE979R01011,SHYAMCENT,BE,,,,,SHYAM CENTURY FERROUS LTD,4.94,5.05,4.91,5.03,5.03,4.96,,5.06,,,164214,820527.54,170,F1,1,,,,,
2026-09-04,2026-09-04,CM,NSE,STK,761213,INE1CRP01016,SHYAMDHANI,ST,,,,,SHYAM DHANI INDUSTRIES L,52.70,52.70,52.70,52.70,52.70,54.00,,52.70,,,2000,105400.00,1,F1,2000,,,,,
2026-09-04,2026-09-04,CM,NSE,STK,4693,INE810G01011,SHYAMMETL,EQ,,,,,SHYAM METALICS AND ENGY L,1079.90,1087.30,1058.60,1065.30,1063.00,1076.40,,1065.35,,,199343,214363860.60,10777,F1,1,,,,,
2026-09-04,2026-09-04,CM,NSE,STK,13740,INE635A01023,SHYAMTEL,EQ,,,,,SHYAM TELECOM LIMITED,11.25,11.93,11.06,11.60,11.93,11.42,,11.56,,,2583,29199.86,44,F1,1,,,,,
2026-09-04,2026-09-04,CM,NSE,STK,16875,INE176J01011,SICAGEN,EQ,,,,,SICAGEN INDIA LIMITED,59.45,59.45,57.93,58.28,58.07,58.65,,58.21,,,18933,1104542.06,258,F1,1,,,,,
2026-09-04,2026-09-04,CM,NSE,STK,19440,INE075B01020,SICALLOG,BE,,,,,SICAL LOGISTICS LIMITED,106.96,109.99,103.85,107.33,107.50,108.88,,107.21,,,108364,11569650.21,405,F1,1,,,,,
2026-09-04,2026-09-04,CM,NSE,STK,759053,INE0SVO01019,SIDDHICOTS,SM,,,,,SIDDHI COTSPIN LIMITED,27.60,27.60,26.95,27.05,27.05,26.60,,27.05,,,6000,162840.00,5,F1,1200,,,,,
2026-09-04,2026-09-04,CM,NSE,STK,3148,INE0A1E01018,SIDDHIKA,SM,,,,,SIDDHIKA COATINGS LIMITED,223.00,225.00,223.00,225.00,225.00,223.00,,225.00,,,2500,561450.00,5,F1,500,,,,,
2026-09-04,2026-09-04,CM,NSE,STK,756871,INE1NPP01017,ENRIN,EQ,,,,,SIEMENS ENERGY INDIA LTD,3160.00,3186.80,3106.00,3115.70,3115.10,3155.20,,3115.70,,,262111,819998384.00,34297,F1,1,,,,,
2026-09-04,2026-09-04,CM,NSE,STK,3150,INE003A01024,SIEMENS,EQ,,,,,SIEMENS LTD,4042.00,4042.00,3974.10,3977.00,3977.00,4030.00,,3976.94,,,177116,708941667.40,15570,F1,1,,,,,
2026-09-04,2026-09-04,CM,NSE,STK,6663,INE0D0K01022,SIGACHI,EQ,,,,,SIGACHI INDUSTRIES LTD,32.55,35.60,32.31,34.74,34.84,32.55,,34.73,,,9215095,317743261.60,27794,F1,1,,,,,
2026-09-04,2026-09-04,CM,NSE,STK,14797,INE933B01012,SIGMAADV,BE,,,,,SIGMA ADVANCED SYSTEM LTD,754.80,779.90,752.55,762.40,765.65,754.80,,763.24,,,118525,91031376.15,2501,F1,1,,,,,
2026-09-04,2026-09-04,CM,NSE,STK,16658,INE0A0S01028,SIGMA,EQ,,,,,SIGMA SOLVE LIMITED,48.00,48.22,45.77,46.66,46.10,47.42,,46.67,,,132618,6209463.99,1386,F1,1,,,,,
2026-09-04,2026-09-04,CM,NSE,STK,18743,INE903U01023,SIGNATURE,EQ,,,,,SIGNATUREGLOBAL INDIA LTD,795.00,809.90,783.00,796.55,794.00,794.20,,796.57,,,239499,189704278.45,9471,F1,1,,,,,
2026-09-04,2026-09-04,CM,NSE,STK,4517,INE529F01035,SIGIND,BE,,,,,SIGNET INDUSTRIES LIMITED,72.45,72.45,69.01,70.37,71.15,71.14,,70.69,,,3242,226815.12,56,F1,1,,,,,
2026-09-04,2026-09-04,CM,NSE,STK,22656,INE0KGZ01021,SIGNPOST,EQ,,,,,SIGNPOST INDIA LIMITED,245.70,250.80,243.00,244.25,243.30,245.45,,244.25,,,56184,13805376.10,1952,F1,1,,,,,
2026-09-04,2026-09-04,CM,NSE,STK,762914,INE438E01032,SIKA,EQ,,,,,SIKA INTERPLANT SYSTEMS L,974.00,1013.70,974.00,996.10,994.00,974.75,,996.42,,,31520,31583740.75,2347,F1,1,,,,,
2026-09-04,2026-09-04,CM,NSE,STK,6226,INE112X01025,SIKKO,BE,,,,,SIKKO INDUSTRIES LIMITED,5.30,5.45,5.19,5.41,5.40,5.33,,5.41,,,228858,1221848.99,423,F1,1,,,,,
2026-09-04,2026-09-04,CM,NSE,STK,4105,INE923A01015,SILINV,EQ,,,,,SIL INVESTMENTS LIMITED,484.90,491.90,470.00,478.80,478.00,487.50,,478.80,,,2201,1052147.10,133,F1,1,,,,,
2026-09-04,2026-09-04,CM,NSE,STK,2492,INE01II01013,SILGO,EQ,,,,,SILGO RETAIL LIMITED,71.45,71.71,67.30,69.97,70.50,71.16,,69.97,,,113233,8054884.84,673,F1,1,,,,,
2026-09-04,2026-09-04,CM,NSE,STK,23736,INE0STN01015,SILKFLEX,SM,,,,,SILKFLEX POLYMERS INDIA L,288.30,288.30,283.00,288.30,288.30,274.60,,288.30,,,60000,17228850.00,57,F1,1000,,,,,
2026-09-04,2026-09-04,CM,NSE,STK,757679,INE0SN801015,SILKY,SM,,,,,SILKY OVERSEAS LIMITED,68.50,71.95,68.50,71.95,71.95,69.95,,71.95,,,3200,223480.00,4,F1,800,,,,,
2026-09-04,2026-09-04,CM,NSE,STK,19097,INE203Y01012,SILLYMONKS,EQ,,,,,SILLY MONKS ENTERTAIN LTD,15.60,16.49,15.60,16.19,16.19,16.24,,16.19,,,2494,40293.28,83,F1,1,,,,,
2026-09-04,2026-09-04,CM,NSE,STK,9422,INE625X01026,SILVERTUC,EQ,,,,,SILVER TOUCH TECHNO LTD,169.38,170.40,166.68,167.97,168.20,169.72,,168.01,,,373676,62741610.70,5889,F1,1,,,,,
2026-09-04,2026-09-04,CM,NSE,STK,758836,INE748T01016,SIMBHALS,BZ,,,,,SIMBHAOLI SUGARS LTD.,7.80,7.80,7.80,7.80,7.80,7.95,,7.80,,,3573,27869.40,13,F1,1,,,,,
2026-09-04,2026-09-04,CM,NSE,STK,763378,INE1K4J01018,SIMCA,ST,,,,,SIMCA ADVERTISING LIMITED,258.60,260.00,258.00,260.00,260.00,257.65,,260.00,,,3000,776760.00,5,F1,600,,,,,
2026-09-04,2026-09-04,CM,NSE,STK,3162,INE059B01024,SIMPLEXINF,EQ,,,,,SIMPLEX INFRASTRUCTURES L,270.00,274.00,264.35,270.50,274.00,266.95,,270.51,,,96034,25860937.25,1677,F1,1,,,,,
2026-09-04,2026-09-04,CM,NSE,STK,764915,INE167H01014,SIMPLXREA,EQ,,,,,SIMPLEX REALTY LTD.,143.98,143.98,142.99,142.99,142.99,139.50,,143.45,,,12,1726.77,3,F1,1,,,,,
2026-09-04,2026-09-04,CM,NSE,STK,23480,INE985A01022,SINCLAIR,EQ,,,,,SINCLAIRS HOTELS LIMITED,84.00,84.75,82.60,83.50,84.00,83.85,,83.51,,,26997,2262041.99,424,F1,1,,,,,
2026-09-04,2026-09-04,CM,NSE,STK,16859,INE325D01025,SINDHUTRAD,EQ,,,,,SINDHU TRADE LINKS LTD,24.15,25.90,23.91,25.28,25.05,23.95,,25.28,,,11832177,299881716.10,16007,F1,1,,,,,
2026-09-04,2026-09-04,CM,NSE,STK,761420,INE638A01035,SINGERIND,EQ,,,,,SINGER INDIA LIMITED,76.63,81.99,75.12,76.98,77.50,75.88,,76.97,,,170692,13378394.19,2126,F1,1,,,,,
2026-09-04,2026-09-04,CM,NSE,STK,381,INE129Z01016,SINTERCOM,EQ,,,,,SINTERCOM INDIA LIMITED,81.20,90.00,79.62,80.80,79.71,79.61,,80.80,,,10325,853570.36,139,F1,1,,,,,
2026-09-04,2026-09-04,CM,NSE,STK,11050,INE792Z01011,SIRCA,EQ,,,,,SIRCA PAINT INDIA LIMITED,440.50,443.00,437.00,439.25,438.00,440.40,,439.24,,,156696,68953616.90,2401,F1,1,,,,,
2026-09-04,2026-09-04,CM,NSE,STK,21501,INE285J01028,SIS,EQ,,,,,SIS LIMITED,435.85,436.65,428.05,430.95,433.00,435.85,,430.95,,,390191,168687345.60,10574,F1,1,,,,,
2026-09-04,2026-09-04,CM,NSE,STK,29210,INE965H01011,SITINET,BZ,,,,,SITI NETWORKS LIMITED,0.30,0.30,0.29,0.29,0.30,0.29,,0.29,,,228821,67079.25,161,F1,1,,,,,
2026-09-04,2026-09-04,CM,NSE,STK,14096,INE076B01028,SIYSIL,EQ,,,,,SIYARAM SILK MILLS LTD,558.65,558.90,549.95,552.65,557.50,558.65,,552.65,,,28594,15819893.20,2091,F1,1,,,,,
2026-09-04,2026-09-04,CM,NSE,STK,6643,INE284S01014,SJS,EQ,,,,,SJS ENTERPRISES LIMITED,2411.10,2411.10,2285.00,2306.10,2320.00,2411.10,,2306.12,,,229418,536181194.30,24799,F1,1,,,,,
2026-09-04,2026-09-04,CM,NSE,STK,18883,INE002L01015,SJVN,EQ,,,,,SJVN LTD,65.05,65.55,64.75,65.23,65.50,64.98,,65.22,,,1260938,81960956.00,10831,F1,1,,,,,
2026-09-04,2026-09-04,CM,NSE,STK,760101,INE2J8701016,SKFINDUS,EQ,,,,,SKF IND (INDUSTRIAL) LTD,3070.00,3081.90,2981.00,3002.50,2981.00,3062.80,,3002.39,,,33944,103169807.80,9035,F1,1,,,,,
2026-09-04,2026-09-04,CM,NSE,STK,3186,INE640A01023,SKFINDIA,EQ,,,,,SKF INDIA LTD,1533.00,1563.90,1533.00,1553.20,1558.00,1540.60,,1553.23,,,91130,141555983.30,6442,F1,1,,,,,
2026-09-04,2026-09-04,CM,NSE,STK,9428,INE439E01022,SKIPPER,EQ,,,,,SKIPPER LIMITED,538.15,609.00,533.75,591.10,591.75,546.90,,591.12,,,10118419,5970106374.95,190678,F1,1,,,,,
2026-09-04,2026-09-04,CM,NSE,STK,4732,INE411D01023,SKMEGGPROD,EQ,,,,,SKM EGG PROD EXPORT(I) LT,261.80,263.45,255.70,257.10,257.30,262.40,,257.10,,,242481,62998673.25,4760,F1,1,,,,,
2026-09-04,2026-09-04,CM,NSE,STK,10325,INE0KZA01016,SKP,SM,,,,,SKP BEARING INDUSTRI. LTD,147.10,152.50,146.85,151.50,151.50,146.60,,151.50,,,46500,6960525.00,54,F1,500,,,,,
2026-09-04,2026-09-04,CM,NSE,STK,13631,INE01IU01018,SKYGOLD,EQ,,,,,SKY GOLD AND DIAMONDS LTD,742.00,788.00,733.00,781.45,788.00,742.00,,781.43,,,1069790,811262101.05,32306,F1,1,,,,,
2026-09-04,2026-09-04,CM,NSE,STK,765333,INE0VFE01017,SKYTECH,SM,,,,,SKYTECH INFINITE PLATFM L,40.05,40.05,40.05,40.05,40.05,44.50,,40.05,,,32000,1281600.00,15,F1,1600,,,,,
2026-09-04,2026-09-04,CM,NSE,STK,765480,INE0PX301025,SKYWAYS,EQ,,,,,SKYWAYS AIR SERVICES LTD,131.50,133.65,120.10,122.72,121.15,130.06,,122.72,,,8338807,1075533753.03,45579,F1,1,,,,,
2026-09-04,2026-09-04,CM,NSE,STK,23692,INE0SMA01017,SLONE,ST,,,,,SLONE INFOSYSTEMS LIMITED,187.65,188.80,180.00,187.00,188.80,179.85,,187.00,,,29600,5421680.00,40,F1,400,,,,,
2026-09-04,2026-09-04,CM,NSE,STK,757622,INE14GK01016,SMARTEN,ST,,,,,SMARTEN POWER SYSTEMS LTD,54.85,54.85,54.85,54.85,54.85,54.85,,54.85,,,1200,65820.00,1,F1,1200,,,,,
2026-09-04,2026-09-04,CM,NSE,STK,9893,INE178C01020,SMARTLINK,BE,,,,,SMARTLINK HOLDINGS LTD,213.00,215.20,206.80,213.81,214.00,212.72,,213.81,,,4055,857880.81,60,F1,1,,,,,
2026-09-04,2026-09-04,CM,NSE,STK,757965,INE0NAZ01010,SMARTWORKS,EQ,,,,,SMARTWORKS COWORKING SP L,536.70,548.80,535.25,541.50,547.00,531.40,,541.54,,,44075,23954953.65,2063,F1,1,,,,,
2026-09-04,2026-09-04,CM,NSE,STK,2320,INE103C01036,SMCGLOBAL,EQ,,,,,SMC GLOBAL SECURITIES LTD,79.99,81.90,79.00,81.25,81.30,79.42,,81.25,,,865274,69818829.61,3326,F1,1,,,,,
2026-09-04,2026-09-04,CM,NSE,STK,3387,INE294B01019,SMLMAH,EQ,,,,,SML MAHINDRA LIMITED,5725.00,6298.50,5719.50,6298.50,6298.50,5726.00,,6300.26,,,427607,2603149814.00,63893,F1,1,,,,,
2026-09-04,2026-09-04,CM,NSE,STK,14329,INE812G01025,SMSPHARMA,EQ,,,,,SMS PHARMACEUTICALS LTD.,374.00,398.40,373.00,392.50,393.95,374.15,,392.51,,,473075,184207087.80,11260,F1,1,,,,,
2026-09-04,2026-09-04,CM,NSE,STK,758946,INE1OIC01018,SNEHAA,SM,,,,,SNEHAA ORGANICS LIMITED,47.00,49.50,47.00,47.00,47.00,46.00,,47.00,,,6000,288100.00,6,F1,1000,,,,,
2026-09-04,2026-09-04,CM,NSE,STK,4843,INE734N01019,SNOWMAN,EQ,,,,,SNOWMAN LOGISTICS LTD.,36.50,37.00,36.30,36.85,36.99,36.41,,36.88,,,75311,2760278.41,935,F1,1,,,,,
2026-09-04,2026-09-04,CM,NSE,STK,13826,INE671H01015,SOBHA,EQ,,,,,SOBHA LIMITED,1273.30,1276.60,1243.10,1263.80,1273.00,1259.10,,1263.76,,,74200,93366691.40,7278,F1,1,,,,,
2026-09-04,2026-09-04,CM,NSE,STK,8266,INE728Z01015,SOFTTECH,EQ,,,,,SOFTTECH ENGINEERS LTD,421.90,425.00,414.40,423.15,422.00,421.80,,423.15,,,2760,1165156.45,45,F1,1,,,,,
2026-09-04,2026-09-04,CM,NSE,STK,13332,INE343H01029,SOLARINDS,EQ,,,,,SOLAR INDUSTRIES (I) LTD,21500.00,21695.00,21345.00,21445.00,21445.00,21500.00,,21445.44,,,127515,2744874780.00,25107,F1,1,,,,,
2026-09-04,2026-09-04,CM,NSE,STK,3672,INE624Z01016,SOLARA,EQ,,,,,SOLARA ACTIVE PHA SCI LTD,628.00,652.00,619.00,639.15,637.10,629.85,,639.18,,,396998,252716772.45,13734,F1,1,,,,,
2026-09-04,2026-09-04,CM,NSE,STK,759929,INE0TY101024,SOLARWORLD,EQ,,,,,SOLARWORLD ENERGY SOL LTD,150.99,153.23,148.20,149.32,149.01,149.76,,149.33,,,219235,32944743.37,3713,F1,1,,,,,
2026-09-04,2026-09-04,CM,NSE,STK,759397,INE880Y01017,SOLEX,EQ,,,,,SOLEX ENERGY LIMITED,734.80,761.00,720.00,725.30,721.55,728.95,,725.30,,,113401,83505239.55,7475,F1,1,,,,,
2026-09-04,2026-09-04,CM,NSE,STK,24879,INE0U0201016,BALCO,SM,,,,,SOLVE PLASTIC PRODUCTS L,17.55,19.00,17.55,19.00,19.00,18.45,,19.00,,,3600,66420.00,3,F1,1200,,,,,
2026-09-04,2026-09-04,CM,NSE,STK,1338,INE480C01038,SDBL,EQ,,,,,SOM DIST & BREW LTD,72.82,74.55,72.15,74.00,74.09,72.62,,74.00,,,578202,42571970.35,3720,F1,1,,,,,
2026-09-04,2026-09-04,CM,NSE,STK,4201,INE314C01013,SOMATEX,EQ,,,,,SOMA TEXTILES & INDUST LT,96.74,97.38,88.25,90.22,90.90,92.75,,90.65,,,33507,3117750.96,544,F1,1,,,,,
2026-09-04,2026-09-04,CM,NSE,STK,3880,INE355A01028,SOMANYCERA,EQ,,,,,SOMANY CERAMICS LIMITED,573.00,573.60,552.55,557.35,556.70,569.50,,557.33,,,78257,43949786.20,3662,F1,1,,,,,
2026-09-04,2026-09-04,CM,NSE,STK,17794,INE323J01019,SOMICONVEY,EQ,,,,,SOMI CONVEYOR BELT. LTD.,95.00,95.00,90.56,91.33,91.03,92.21,,91.33,,,8738,798513.67,240,F1,1,,,,,
2026-09-04,2026-09-04,CM,NSE,STK,4684,INE073K01018,SONACOMS,EQ,,,,,SONA BLW PRECISION FRGS L,800.00,805.50,783.20,789.00,789.00,800.00,,788.61,,,816762,646356079.20,23333,F1,1,,,,,
2026-09-04,2026-09-04,CM,NSE,STK,23052,INE0Q6H01012,SONAMAC,SM,,,,,SONA MACHINERY LIMITED,35.80,35.80,33.00,33.00,33.00,34.10,,33.00,,,7000,237150.00,7,F1,1000,,,,,
2026-09-04,2026-09-04,CM,NSE,STK,762919,INE321M01017,SONAL,EQ,,,,,SONAL MERCANTILE LTD.,88.98,88.98,88.90,88.98,88.98,88.99,,88.98,,,5,444.74,4,F1,1,,,,,
2026-09-04,2026-09-04,CM,NSE,STK,8817,INE00LM01029,SONAMLTD,BE,,,,,SONAM LIMITED,70.00,70.00,65.49,65.84,66.05,67.87,,65.84,,,39654,2679905.26,373,F1,1,,,,,
2026-09-04,2026-09-04,CM,NSE,STK,6596,INE269A01021,SONATSOFTW,EQ,,,,,SONATA SOFTWARE LTD,286.25,291.05,282.15,285.25,285.15,284.00,,285.24,,,830434,236872673.50,15627,F1,1,,,,,
2026-09-04,2026-09-04,CM,NSE,STK,9463,INE0JZA01018,SONUINFRA,ST,,,,,SONU INFRATECH LIMITED,44.45,44.45,44.30,44.45,44.45,42.35,,44.45,,,69000,3062550.00,30,F1,1500,,,,,
2026-09-04,2026-09-04,CM,NSE,STK,9678,INE980Y01015,SOUTHWEST,EQ,,,,,SOUTH WEST PINNACLE LTD,211.25,220.00,211.25,212.92,212.20,213.12,,212.93,,,139283,30014878.22,2892,F1,1,,,,,
2026-09-04,2026-09-04,CM,NSE,STK,8521,INE0JW501011,SPRL,SM,,,,,SP REFRACTORIES LIMITED,102.50,102.50,102.50,102.50,102.50,102.50,,102.50,,,800,82000.00,1,F1,800,,,,,
2026-09-04,2026-09-04,CM,NSE,STK,19372,INE970N01027,SPCENET,EQ,,,,,SPACENET ENTERS IND LTD,3.35,3.53,3.30,3.41,3.43,3.24,,3.41,,,1308892,4512283.59,858,F1,1,,,,,
2026-09-04,2026-09-04,CM,NSE,STK,11435,INE572J01011,SPANDANA,EQ,,,,,SPANDANA SPHOORTY FIN LTD,238.29,242.00,238.29,239.81,240.00,236.52,,239.82,,,79485,19050306.43,2229,F1,1,,,,,
2026-09-04,2026-09-04,CM,NSE,STK,760135,INE1CW901027,SPEB,SM,,,,,SPEB ADHESIVES LIMITED,95.00,95.00,95.00,95.00,95.00,94.50,,95.00,,,2000,190000.00,1,F1,2000,,,,,
2026-09-04,2026-09-04,CM,NSE,STK,27111,INE247M01014,SPECIALITY,BE,,,,,SPECIALITY REST LTD,137.00,140.99,135.21,139.59,140.80,135.67,,140.48,,,16598,2284497.35,160,F1,1,,,,,
2026-09-04,2026-09-04,CM,NSE,STK,30457,INE01EO01010,SPECTRUM,BE,,,,,SPECTRUM ELECTRIC IND LTD,2360.00,2368.40,2256.00,2368.40,2368.40,2255.70,,2368.40,,,14242,33468690.80,621,F1,1,,,,,
2026-09-04,2026-09-04,CM,NSE,STK,16876,INE0OL001018,SPECTSTM,SM,,,,,SPECTRUM TALENT MGMT LTD,56.00,56.00,56.00,56.00,56.00,56.00,,56.00,,,800,44800.00,1,F1,800,,,,,
2026-09-04,2026-09-04,CM,NSE,STK,764920,INE252A01019,SPELS,EQ,,,,,SPEL SEMICONDUCTOR LTD,150.50,150.50,148.00,149.38,149.10,148.61,,149.36,,,17175,2562810.25,797,F1,1,,,,,
2026-09-04,2026-09-04,CM,NSE,STK,8163,INE020801028,SPENCERS,EQ,,,,,SPENCER S RETAIL LIMITED,29.40,29.40,28.12,28.50,28.60,28.57,,28.48,,,24318,701224.20,293,F1,1,,,,,
2026-09-04,2026-09-04,CM,NSE,STK,3252,INE147A01011,SPIC,EQ,,,,,SPIC LTD,71.15,72.99,71.00,71.28,71.35,71.13,,71.28,,,648651,46620413.78,4349,F1,1,,,,,
2026-09-04,2026-09-04,CM,NSE,STK,11935,INE978G01016,SPLIL,EQ,,,,,SPL INDUSTRIES LIMITED,31.40,32.50,29.97,30.39,30.69,30.97,,30.39,,,20970,639141.55,148,F1,1,,,,,
2026-09-04,2026-09-04,CM,NSE,STK,3321,INE937A01023,SPMLINFRA,EQ,,,,,SPML INFRA LIMITED,173.60,183.58,172.38,181.41,180.20,173.31,,181.41,,,407685,73291756.45,6363,F1,1,,,,,
2026-09-04,2026-09-04,CM,NSE,STK,10733,INE885H01029,SPORTKING,EQ,,,,,SPORTKING INDIA LIMITED,232.00,233.99,225.40,229.22,228.29,230.60,,229.19,,,266293,61125376.95,5971,F1,1,,,,,
2026-09-04,2026-09-04,CM,NSE,STK,17186,INE526E01018,SHRIPISTON,EQ,,,,,SPR AUTO TECHNOLOGIES LTD,4551.30,4568.90,4420.00,4536.90,4560.00,4551.30,,4536.35,,,68512,307806512.10,13669,F1,1,,,,,
2026-09-04,2026-09-04,CM,NSE,STK,757865,INE19QH01010,SPUNWEB,SM,,,,,SPUNWEB NONWOVEN LIMITED,105.00,106.00,101.10,102.90,103.80,101.10,,102.90,,,33600,3495060.00,21,F1,1200,,,,,
2026-09-04,2026-09-04,CM,NSE,STK,14582,INE917H01012,SRHHYPOLTD,EQ,,,,,SREE RAYALSEEMA HHP LTD.,512.95,542.00,507.10,531.05,531.20,508.90,,531.01,,,49199,26098554.30,3306,F1,1,,,,,
2026-09-04,2026-09-04,CM,NSE,STK,31837,INE099F01013,SREEL,EQ,,,,,SREELEATHERS LIMITED,259.00,268.80,259.00,265.52,264.20,258.96,,265.53,,,21434,5667580.44,655,F1,1,,,,,
2026-09-04,2026-09-04,CM,NSE,STK,3273,INE647A01010,SRF,EQ,,,,,SRF LTD,2631.10,2631.10,2532.20,2547.00,2547.00,2617.00,,2547.09,,,352418,901947197.40,33775,F1,1,,,,,
2026-09-04,2026-09-04,CM,NSE,STK,18119,INE559N01010,SRGHFL,EQ,,,,,SRG HOUSING FINANCE L,249.70,261.00,241.00,245.45,244.95,249.70,,245.42,,,3956,968274.45,114,F1,1,,,,,
2026-09-04,2026-09-04,CM,NSE,STK,7457,INE293B01029,HAVISHA,EQ,,,,,SRI HAVISHA HOSP & INFR L,1.47,1.47,1.40,1.41,1.43,1.40,,1.41,,,107777,153753.58,134,F1,1,,,,,
2026-09-04,2026-09-04,CM,NSE,STK,765165,INE009C01019,SRIKPRIND,EQ,,,,,SRI KPR INDUSTRIES LTD.,36.80,36.80,31.11,33.38,34.20,33.46,,33.39,,,388915,13268023.35,3208,F1,1,,,,,
2026-09-04,2026-09-04,CM,NSE,STK,758147,INE0V9Q01010,LOTUSDEV,BE,,,,,SRI LOTUS DEVLPRS N RTY L,184.80,193.87,182.56,193.25,193.87,184.64,,193.22,,,1589932,304251639.68,3847,F1,1,,,,,
2026-09-04,2026-09-04,CM,NSE,STK,18059,INE0ON201012,SSFL,ST,,,,,SRIVARI SPICES N FOODS L,268.00,271.00,260.00,260.00,260.00,265.65,,260.00,,,5000,1314550.00,10,F1,500,,,,,
2026-09-04,2026-09-04,CM,NSE,STK,14416,INE0NPI01014,SRIVASAVI,ST,,,,,SRIVASAVI ADHESIVE TAPE L,78.00,79.00,78.00,79.00,79.00,76.65,,79.00,,,3000,236000.00,3,F1,1000,,,,,
2026-09-04,2026-09-04,CM,NSE,STK,23402,INE0R6Z01013,SRM,EQ,,,,,SRM CONTRACTORS LIMITED,475.00,483.60,457.95,462.35,459.00,470.30,,462.35,,,129358,60603464.10,3278,F1,1,,,,,
2026-09-04,2026-09-04,CM,NSE,STK,29205,INE0RYC01010,STALLION,BE,,,,,STALLION IND FLUOROCHEM L,206.10,210.99,205.00,206.68,207.45,207.61,,206.76,,,352515,73085023.54,2887,F1,1,,,,,
2026-09-04,2026-09-04,CM,NSE,STK,29075,INE0M4D01010,SETL,EQ,,,,,STANDARD ENGNG TCNLGY LTD,395.00,410.70,390.10,408.95,408.50,391.15,,409.01,,,1430578,580074954.40,18974,F1,1,,,,,
2026-09-04,2026-09-04,CM,NSE,STK,11297,INE173A01025,SIL,EQ,,,,,STANDARD INDUSTRIES LTD.,19.91,19.91,19.22,19.59,19.45,19.52,,19.59,,,66127,1290811.07,440,F1,1,,,,,
2026-09-04,2026-09-04,CM,NSE,STK,24226,INE01A001028,STANLEY,EQ,,,,,STANLEY LIFESTYLES LTD,137.40,138.99,135.00,135.48,135.21,137.46,,135.49,,,62857,8564828.86,1489,F1,1,,,,,
2026-09-04,2026-09-04,CM,NSE,STK,21091,INE460H01021,STARCEMENT,EQ,,,,,STAR CEMENT LIMITED,184.47,192.80,184.00,190.19,192.60,184.47,,190.18,,,192236,36201125.58,3346,F1,1,,,,,
2026-09-04,2026-09-04,CM,NSE,STK,7083,INE575P01011,STARHEALTH,EQ,,,,,STAR HEALTH & AL INS CO L,562.20,567.80,553.05,557.35,558.90,559.35,,557.34,,,260539,145078125.80,12805,F1,1,,,,,
2026-09-04,2026-09-04,CM,NSE,STK,3291,INE733A01018,STARPAPER,EQ,,,,,STAR PAPER MILLS LTD,155.24,155.24,150.00,151.42,151.12,154.47,,151.42,,,11085,1676187.05,241,F1,1,,,,,
2026-09-04,2026-09-04,CM,NSE,STK,9305,INE992I01013,STARTECK,EQ,,,,,STARTECK FINANCE LIMITED,249.80,250.95,244.10,249.25,249.60,245.55,,249.25,,,162,40283.45,50,F1,1,,,,,
2026-09-04,2026-09-04,CM,NSE,STK,3045,INE062A01020,SBIN,EQ,,,,,STATE BANK OF INDIA,1026.00,1029.20,1016.10,1016.10,1016.10,1023.40,,1016.13,,,6724566,6869612159.90,146219,F1,1,,,,,
2026-09-04,2026-09-04,CM,NSE,STK,2963,INE114A01011,SAIL,EQ,,,,,STEEL AUTHORITY OF INDIA,197.86,200.10,194.30,196.80,196.80,197.00,,196.84,,,19094202,3774968357.97,69085,F1,1,,,,,
2026-09-04,2026-09-04,CM,NSE,STK,10406,INE395H01011,STEELCITY,EQ,,,,,STEEL CITY SECURITIES LTD,87.90,87.90,85.00,85.55,86.00,86.47,,85.55,,,6956,599784.01,198,F1,1,,,,,
2026-09-04,2026-09-04,CM,NSE,STK,21339,INE503B01021,STEELXIND,EQ,,,,,STEEL EXCHANGE INDIA LTD,11.78,11.80,11.20,11.34,11.30,11.31,,11.34,,,3888782,44308992.09,4524,F1,1,,,,,
2026-09-04,2026-09-04,CM,NSE,STK,765170,INE205F01016,STLSTRINF,EQ,,,,,STEEL STRIPS INFRA L,19.50,20.20,19.00,19.55,19.55,19.49,,19.55,,,168,3234.09,13,F1,1,,,,,
2026-09-04,2026-09-04,CM,NSE,STK,11829,INE802C01033,SSWL,EQ,,,,,STEEL STRIPS WHEELS LTD.,360.75,365.70,348.50,361.85,360.90,360.80,,361.85,,,1006017,358415129.25,20263,F1,1,,,,,
2026-09-04,2026-09-04,CM,NSE,STK,6803,INE124E01038,STEELCAS,EQ,,,,,STEELCAST LIMITED,318.00,332.40,314.05,328.05,324.50,317.85,,328.04,,,106510,34572007.20,4903,F1,1,,,,,
2026-09-04,2026-09-04,CM,NSE,STK,21484,INE577L01016,STEL,EQ,,,,,STEL HOLDINGS LIMITED,615.05,616.00,598.20,607.90,613.70,606.95,,607.87,,,3953,2399181.00,288,F1,1,,,,,
2026-09-04,2026-09-04,CM,NSE,STK,6188,INE334A01023,STERTOOLS,BE,,,,,STERLING TOOLS LIMITED,220.00,224.94,220.00,221.31,221.25,220.78,,221.31,,,14338,3187550.00,266,F1,1,,,,,
2026-09-04,2026-09-04,CM,NSE,STK,9313,INE089C01029,STLTECH,BE,,,,,STERLITE TECHNOLOGIES LTD,748.90,748.90,748.90,748.90,748.90,713.25,,749.48,,,295544,221332901.60,3280,F1,1,,,,,
2026-09-04,2026-09-04,CM,NSE,STK,13367,INE353H01010,SGL,EQ,,,,,STL GLOBAL LIMITED,10.31,10.31,9.93,10.05,10.15,10.26,,10.03,,,2432,24666.77,59,F1,1,,,,,
2026-09-04,2026-09-04,CM,NSE,STK,758958,INE1VXE01018,STLNETWORK,EQ,,,,,STL NETWORKS LIMITED,28.01,28.87,27.78,28.87,28.87,27.50,,28.86,,,2164957,62075793.03,3184,F1,1,,,,,
2026-09-04,2026-09-04,CM,NSE,STK,2107,INE00IN01015,STOVEKRAFT,EQ,,,,,STOVE KRAFT LIMITED,840.90,849.00,825.00,832.55,834.00,839.75,,832.46,,,93139,77538874.55,4844,F1,1,,,,,
2026-09-04,2026-09-04,CM,NSE,STK,761091,INE1XWN01017,STRIDERS,SM,,,,,STRIDERS IMPEX LIMITED,64.70,64.70,64.70,64.70,64.70,66.00,,64.70,,,4800,310560.00,3,F1,1600,,,,,
2026-09-04,2026-09-04,CM,NSE,STK,7374,INE939A01011,STAR,EQ,,,,,STRIDES PHARMA SCI LTD,1053.10,1066.50,1040.00,1059.60,1060.00,1053.60,,1059.56,,,217190,229647310.20,14698,F1,1,,,,,
2026-09-04,2026-09-04,CM,NSE,STK,12489,INE00M201021,SWSOLAR,EQ,,,,,STRLNG & WIL REN ENE LTD,188.20,191.85,185.50,186.23,187.20,187.79,,186.23,,,580711,108774565.72,8709,F1,1,,,,,
2026-09-04,2026-09-04,CM,NSE,STK,759587,INE00Q601028,STUDDS,EQ,,,,,STUDDS ACCESSORIES LTD,431.35,431.35,422.70,424.20,425.15,426.95,,424.18,,,34112,14533133.95,2243,F1,1,,,,,
2026-09-04,2026-09-04,CM,NSE,STK,758527,INE17VO01028,STUDIOLSD,SM,,,,,STUDIO LSD LIMITED,9.80,9.90,9.30,9.85,9.85,9.50,,9.85,,,20000,193400.00,10,F1,2000,,,,,
2026-09-04,2026-09-04,CM,NSE,STK,5186,INE239C01020,STYLAMIND,EQ,,,,,STYLAM INDUSTRIES LIMITED,3272.40,3400.00,3230.10,3387.40,3399.90,3240.90,,3387.62,,,65092,218070442.90,11811,F1,1,,,,,
2026-09-04,2026-09-04,CM,NSE,STK,19,INE189B01011,STYRENIX,EQ,,,,,STYRENIX PERFORMANCE LTD,2007.60,2078.00,2007.60,2043.20,2051.00,2007.00,,2043.30,,,30372,61841401.20,3926,F1,1,,,,,
2026-09-04,2026-09-04,CM,NSE,STK,760112,INE0RYR01018,SUBAHOTELS,SM,,,,,SUBA HOTELS LIMITED,100.00,101.00,97.70,98.30,98.95,100.00,,98.30,,,36000,3568920.00,26,F1,1200,,,,,
2026-09-04,2026-09-04,CM,NSE,STK,967,INE754A01055,SUBEXLTD,EQ,,,,,SUBEX LTD,17.65,17.85,17.21,17.28,17.28,17.69,,17.28,,,1970415,34467156.40,2978,F1,1,,,,,
2026-09-04,2026-09-04,CM,NSE,STK,3324,INE287B01021,SUBROS,EQ,,,,,SUBROS LIMITED,705.85,718.00,705.25,709.60,710.45,705.85,,709.64,,,26816,19066462.55,2029,F1,1,,,,,
2026-09-04,2026-09-04,CM,NSE,STK,3327,INE659A01023,SUDARSCHEM,EQ,,,,,SUDARSHAN CHEMICAL INDS L,1249.00,1253.60,1216.00,1222.80,1222.50,1249.30,,1222.85,,,186180,229370685.50,12038,F1,1,,,,,
2026-09-04,2026-09-04,CM,NSE,STK,715,INE492A01029,SUDARCOLOR,EQ,,,,,SUDARSHAN COLORNT IND LTD,390.60,394.60,381.00,383.45,384.25,388.00,,383.45,,,7856,3051873.35,292,F1,1,,,,,
2026-09-04,2026-09-04,CM,NSE,STK,760039,INE0QPI01025,SUDEEPPHRM,EQ,,,,,SUDEEP PHARMA LIMITED,1300.10,1357.40,1300.00,1329.30,1335.00,1292.80,,1329.29,,,242835,323092256.20,19583,F1,1,,,,,
2026-09-04,2026-09-04,CM,NSE,STK,11804,INE450E01029,SUKHJITS,EQ,,,,,SUKHJIT STARCH & CHEM LTD,157.81,159.80,157.01,157.86,159.06,157.71,,157.86,,,4696,742320.79,99,F1,1,,,,,
2026-09-04,2026-09-04,CM,NSE,STK,13218,INE142Q01026,SULA,EQ,,,,,SULA VINEYARDS LIMITED,147.56,150.00,147.50,149.00,149.10,147.56,,149.00,,,170121,25319400.79,2733,F1,1,,,,,
2026-09-04,2026-09-04,CM,NSE,STK,765510,INE11Z001019,SUMAX,ST,,,,,SUMAX ENGINEERING LIMITED,108.10,111.80,105.15,106.50,107.50,110.65,,106.50,,,276000,29863740.00,146,F1,1200,,,,,
2026-09-04,2026-09-04,CM,NSE,STK,765175,INE886B01012,SUMEDHA,EQ,,,,,SUMEDHA FISCAL SERVICES L,39.40,39.49,38.75,39.01,39.01,38.51,,39.01,,,3377,131321.26,15,F1,1,,,,,
2026-09-04,2026-09-04,CM,NSE,STK,20790,INE235C01036,SUMEETINDS,EQ,,,,,SUMEET IND LIMITED,11.65,11.65,11.14,11.50,11.52,11.44,,11.50,,,1120467,12749091.28,1434,F1,1,,,,,
2026-09-04,2026-09-04,CM,NSE,STK,11140,INE748Z01013,SUMIT,EQ,,,,,SUMIT WOODS LIMITED,53.00,53.00,50.79,51.71,51.73,51.57,,51.71,,,9572,492721.16,370,F1,1,,,,,
2026-09-04,2026-09-04,CM,NSE,STK,17105,INE258G01013,SUMICHEM,EQ,,,,,SUMITOMO CHEM INDIA LTD,500.00,504.90,490.20,493.40,496.50,498.35,,493.41,,,142729,70923823.00,8045,F1,1,,,,,
2026-09-04,2026-09-04,CM,NSE,STK,21275,INE519C01017,SUMMITSEC,EQ,,,,,SUMMIT SECURITIES LTD,1459.00,1459.00,1431.00,1434.20,1433.30,1442.30,,1434.03,,,1566,2255314.90,290,F1,1,,,,,
2026-09-04,2026-09-04,CM,NSE,STK,14788,INE232I01014,SPARC,EQ,,,,,SUN PHARMA ADV.RES.CO.LTD,202.50,203.19,199.00,199.47,199.80,202.54,,199.47,,,588034,117907772.44,9746,F1,1,,,,,
2026-09-04,2026-09-04,CM,NSE,STK,3351,INE044A01036,SUNPHARMA,EQ,,,,,SUN PHARMACEUTICAL IND L,1912.00,1917.30,1895.00,1899.00,1899.00,1916.00,,1899.00,,,761333,1448655808.50,48684,F1,1,,,,,
2026-09-04,2026-09-04,CM,NSE,STK,13404,INE424H01027,SUNTV,EQ,,,,,SUN TV NETWORK LIMITED,465.95,482.70,464.95,470.90,471.65,465.90,,470.90,,,846938,402962289.80,45751,F1,1,,,,,
2026-09-04,2026-09-04,CM,NSE,STK,20956,INE0Q3R01026,SUNCLAY,EQ,,,,,SUNDARAM CLAYTON LIMITED,1296.80,1311.90,1285.70,1304.40,1308.80,1291.30,,1304.29,,,3165,4125225.30,372,F1,1,,,,,
2026-09-04,2026-09-04,CM,NSE,STK,3339,INE660A01013,SUNDARMFIN,EQ,,,,,SUNDARAM FINANCE LTD,4561.00,4656.30,4561.00,4648.70,4654.90,4578.00,,4648.67,,,19600,90891627.20,6938,F1,1,,,,,
2026-09-04,2026-09-04,CM,NSE,STK,18931,INE108E01023,SUNDARAM,EQ,,,,,SUNDARAM MULTI PAP LTD,1.23,1.26,1.21,1.23,1.23,1.23,,1.23,,,323987,399943.60,231,F1,1,,,,,
2026-09-04,2026-09-04,CM,NSE,STK,9848,INE073D01013,SUNDRMBRAK,BE,,,,,SUNDARAMBRAKE LININGS LTD,754.75,754.75,732.60,740.00,740.00,751.00,,740.00,,,1401,1038696.40,69,F1,1,,,,,
2026-09-04,2026-09-04,CM,NSE,STK,3345,INE387A01021,SUNDRMFAST,EQ,,,,,SUNDRAM FASTENERS LTD,1200.00,1217.00,1194.40,1212.30,1207.00,1199.10,,1212.15,,,44457,53588498.80,5482,F1,1,,,,,
2026-09-04,2026-09-04,CM,NSE,STK,761202,INE0CTB01014,SOCL,SM,,,,,SUNDREX OIL COMPANY LTD,29.00,29.60,29.00,29.50,29.50,29.00,,29.50,,,11200,327600.00,7,F1,1600,,,,,
2026-09-04,2026-09-04,CM,NSE,STK,1663,INE209A01019,SUNDROP,EQ,,,,,SUNDROP BRANDS LIMITED,656.40,666.05,654.60,662.50,663.75,656.40,,662.51,,,6390,4221271.05,407,F1,1,,,,,
2026-09-04,2026-09-04,CM,NSE,STK,3348,INE947A01014,SUNFLAG,EQ,,,,,SUNFLAG IRON AND STEEL CO,349.95,350.75,342.20,343.70,344.75,346.50,,343.70,,,90403,31186522.20,1842,F1,1,,,,,
2026-09-04,2026-09-04,CM,NSE,STK,18264,INE0O3O01017,SEL,SM,,,,,SUNGARNER ENERGIES LTD,312.50,320.25,307.00,317.95,320.25,305.00,,317.95,,,4800,1509660.00,22,F1,200,,,,,
2026-09-04,2026-09-04,CM,NSE,STK,765180,INE671C01016,SUNLOC,EQ,,,,,SUNIL HEALTHCARE LTD.,79.99,79.99,79.98,79.98,79.98,79.99,,79.99,,,41,3279.58,2,F1,1,,,,,
2026-09-04,2026-09-04,CM,NSE,STK,24868,INE0U2N01013,SUNLITE,SM,,,,,SUNLITE RECYCLING IND LTD,540.35,550.00,540.05,542.50,540.10,540.35,,542.50,,,11400,6220665.00,38,F1,300,,,,,
2026-09-04,2026-09-04,CM,NSE,STK,764925,INE671K01027,SUNRAKSHAK,EQ,,,,,SUNRAKSHAKK INDUS IND L,370.00,375.00,365.00,369.55,366.05,373.80,,369.48,,,13415,4965690.55,177,F1,1,,,,,
2026-09-04,2026-09-04,CM,NSE,STK,20213,INE0PLZ01012,SUNREST,SM,,,,,SUNREST LIFESCIENCE LTD,38.45,39.00,38.45,39.00,39.00,38.75,,39.00,,,9600,372720.00,4,F1,1600,,,,,
2026-09-04,2026-09-04,CM,NSE,STK,764930,INE199E01014,SUNSHIEL,EQ,,,,,SUNSHIELD CHEMICALS LTD.,1169.50,1169.50,1140.10,1144.90,1145.00,1145.10,,1144.21,,,981,1123951.20,100,F1,1,,,,,
2026-09-04,2026-09-04,CM,NSE,STK,765387,INE1B3O01011,SUNSHINE,EQ,,,,,SUNSHINE PICTURES LIMITED,443.05,476.85,440.00,441.45,444.00,438.80,,441.47,,,2746047,1257856495.65,43350,F1,1,,,,,
2026-09-04,2026-09-04,CM,NSE,STK,757763,INE0SGZ01016,SUNTECH,SM,,,,,SUNTECH INFRA SOLUTIONS L,40.10,40.10,40.05,40.05,40.05,41.05,,40.05,,,3200,128240.00,2,F1,1600,,,,,
2026-09-04,2026-09-04,CM,NSE,STK,17641,INE805D01034,SUNTECK,EQ,,,,,SUNTECK REALTY LIMITED,297.50,300.70,297.50,299.50,300.00,297.75,,299.50,,,71967,21548935.40,1502,F1,1,,,,,
2026-09-04,2026-09-04,CM,NSE,STK,8931,INE662A01027,SUPERSPIN,BE,,,,,SUPER SPINNING MILLS LTD,7.03,7.17,6.84,6.95,7.00,6.83,,6.95,,,105266,748020.24,126,F1,1,,,,,
2026-09-04,2026-09-04,CM,NSE,STK,764938,INE460D01038,SUPTANERY,BE,,,,,SUPER TANNERY LTD.,13.25,13.25,13.25,13.25,13.25,13.94,,13.25,,,40062,530821.50,304,F1,1,,,,,
2026-09-04,2026-09-04,CM,NSE,STK,20616,INE712B01010,SUPERHOUSE,EQ,,,,,SUPERHOUSE LIMITED,168.74,171.00,166.54,169.23,169.99,168.74,,169.23,,,2738,463157.05,99,F1,1,,,,,
2026-09-04,2026-09-04,CM,NSE,STK,3147,INE843L01012,SIEL,EQ,,,,,SUPERIOR INDUSTRIAL ENT L,32.00,32.00,30.88,31.90,31.90,30.89,,31.90,,,748,23816.28,10,F1,1,,,,,
2026-09-04,2026-09-04,CM,NSE,STK,11689,INE399C01030,SUPRAJIT,EQ,,,,,SUPRAJIT ENGINEERING LTD,488.00,488.00,476.50,479.45,480.40,489.70,,479.56,,,56637,27276822.75,4915,F1,1,,,,,
2026-09-04,2026-09-04,CM,NSE,STK,758997,INE319Z01021,SUPREMEENG,BZ,,,,,SUPREME ENGINEERING LTD,3.03,3.03,3.03,3.03,3.03,2.98,,3.03,,,297128,900297.84,101,F1,1,,,,,
2026-09-04,2026-09-04,CM,NSE,STK,28069,INE0U6N01014,SFML,SM,,,,,SUPREME FACILITY MGMT LTD,21.80,21.80,21.50,21.50,21.50,22.00,,21.50,,,24000,516800.00,6,F1,1600,,,,,
2026-09-04,2026-09-04,CM,NSE,STK,29439,INE822E01011,SUPREME,EQ,,,,,SUPREME HOLDIN N HOSP I L,37.70,37.70,36.12,36.27,36.22,36.21,,36.27,,,8259,301570.01,102,F1,1,,,,,
2026-09-04,2026-09-04,CM,NSE,STK,3363,INE195A01028,SUPREMEIND,EQ,,,,,SUPREME INDUSTRIES LTD,3509.90,3526.40,3475.00,3475.00,3475.00,3508.10,,3472.89,,,139232,487326156.70,11277,F1,1,,,,,
2026-09-04,2026-09-04,CM,NSE,STK,15002,INE550H01011,SUPREMEINF,EQ,,,,,SUPREME INFRA. LTD.,85.18,85.18,82.75,83.42,82.75,83.49,,83.42,,,16081,1341258.38,140,F1,1,,,,,
2026-09-04,2026-09-04,CM,NSE,STK,9617,INE663A01033,SPLPETRO,EQ,,,,,SUPREME PETROCHEM LIMITED,725.00,783.00,724.95,771.05,768.20,725.80,,771.06,,,1726190,1327866602.65,53198,F1,1,,,,,
2026-09-04,2026-09-04,CM,NSE,STK,21067,INE0QHG01026,SUPREMEPWR,SM,,,,,SUPREME POWER EQUIPMENT L,219.10,232.00,214.15,222.60,226.00,219.10,,222.60,,,65500,14519750.00,98,F1,500,,,,,
2026-09-04,2026-09-04,CM,NSE,STK,7390,INE07RO01027,SUPRIYA,EQ,,,,,SUPRIYA LIFESCIENCE LTD,838.55,868.00,838.55,852.85,845.90,842.70,,852.94,,,324059,278427084.30,22527,F1,1,,,,,
2026-09-04,2026-09-04,CM,NSE,STK,20822,INE843S01025,SURAJEST,EQ,,,,,SURAJ ESTATE DEVELOPERS L,177.90,181.48,177.52,178.25,177.62,177.80,,178.25,,,129331,23270745.06,1479,F1,1,,,,,
2026-09-04,2026-09-04,CM,NSE,STK,24966,INE713C01016,SURAJLTD,EQ,,,,,SURAJ LIMITED,204.00,204.99,201.00,201.79,201.01,203.17,,201.88,,,3832,776262.15,66,F1,1,,,,,
2026-09-04,2026-09-04,CM,NSE,STK,27334,INE877V01027,SURAKSHA,EQ,,,,,SURAKSHA DIAGNOSTIC LTD,339.60,340.70,331.00,332.45,332.10,339.60,,332.44,,,38299,12820156.70,1288,F1,1,,,,,
2026-09-04,2026-09-04,CM,NSE,STK,21077,INE272L01022,SURANASOL,EQ,,,,,SURANA SOLAR LIMITED,26.00,27.75,25.90,26.11,26.07,25.94,,26.12,,,96327,2529435.48,603,F1,1,,,,,
2026-09-04,2026-09-04,CM,NSE,STK,10700,INE130B01031,SURANAT&P,EQ,,,,,SURANA TELECOM AND POW LT,16.49,16.60,16.12,16.57,16.58,16.21,,16.57,,,29385,483109.05,231,F1,1,,,,,
2026-09-04,2026-09-04,CM,NSE,STK,8513,INE01ZJ01015,SURANI,SM,,,,,SURANI STEEL TUBES LTD.,99.80,99.80,94.00,99.70,99.70,100.00,,99.70,,,9600,920130.00,32,F1,200,,,,,
2026-09-04,2026-09-04,CM,NSE,STK,14139,INE05ST01028,SBGLP,EQ,,,,,SURATWWALA BUS GROUP LTD,25.68,25.68,23.60,23.96,23.90,24.68,,23.96,,,12199,295701.08,187,F1,1,,,,,
2026-09-04,2026-09-04,CM,NSE,STK,3375,INE335A01020,SURYAROSNI,EQ,,,,,SURYA ROSHNI LTD,216.66,220.58,215.96,216.49,216.10,216.66,,216.50,,,449482,97793705.68,6657,F1,1,,,,,
2026-09-04,2026-09-04,CM,NSE,STK,11852,INE713B01026,SURYALAXMI,EQ,,,,,SURYALAKSHMI COT MIL LTD,61.00,62.49,60.01,60.79,61.13,60.03,,60.79,,,1013,61787.92,30,F1,1,,,,,
2026-09-04,2026-09-04,CM,NSE,STK,762924,INE132C01027,SURYALA,EQ,,,,,SURYALATA SPINNING MILL L,419.90,419.90,405.00,411.85,415.00,407.70,,410.74,,,1694,703979.85,26,F1,1,,,,,
2026-09-04,2026-09-04,CM,NSE,STK,2970,INE428Q01011,SURYODAY,EQ,,,,,SURYODAY SMALL FIN BK LTD,152.60,154.31,151.20,152.07,152.75,153.57,,152.07,,,130519,19916785.20,2120,F1,1,,,,,
2026-09-04,2026-09-04,CM,NSE,STK,13804,INE645H01027,SUTLEJTEX,BE,,,,,SUTLEJ TEXT & INDUS LTD,38.90,40.90,38.90,40.89,40.90,38.96,,41.22,,,71822,2911820.70,194,F1,1,,,,,
2026-09-04,2026-09-04,CM,NSE,STK,11233,INE495B01038,SUVEN,EQ,,,,,SUVEN LIFE SCIENCES LTD,382.00,388.45,376.70,378.00,378.40,378.35,,378.01,,,494667,188268634.65,19774,F1,1,,,,,
2026-09-04,2026-09-04,CM,NSE,STK,2998,INE018401013,SUVIDHAA,EQ,,,,,SUVIDHAA INFOSERVE LTD,2.16,2.47,2.01,2.42,2.46,2.06,,2.42,,,651333,1529412.51,653,F1,1,,,,,
2026-09-04,2026-09-04,CM,NSE,STK,24851,INE442P01014,SUYOG,EQ,,,,,SUYOG TELEMATICS LIMITED,747.55,747.55,723.00,731.20,735.00,737.30,,731.18,,,10651,7777227.65,758,F1,1,,,,,
2026-09-04,2026-09-04,CM,NSE,STK,12018,INE040H01021,SUZLON,EQ,,,,,SUZLON ENERGY LIMITED,46.11,46.37,45.03,45.35,45.35,46.03,,45.35,,,55366085,2520349649.80,106068,F1,1,,,,,
2026-09-04,2026-09-04,CM,NSE,STK,5020,INE308E01029,SVPGLOB,EQ,,,,,SVP GLOBAL TEXTILES LTD,3.58,3.71,3.50,3.65,3.65,3.59,,3.66,,,48032,172877.78,120,F1,1,,,,,
2026-09-04,2026-09-04,CM,NSE,STK,27095,INE665A01038,SWANCORP,EQ,,,,,SWAN CORP LIMITED,283.50,286.45,279.90,281.50,281.70,284.10,,281.48,,,810711,229471134.40,11721,F1,1,,,,,
2026-09-04,2026-09-04,CM,NSE,STK,29164,INE542F01020,SWANDEF,BE,,,,,SWAN DEFENCE N HEVY IND L,2439.00,2555.00,2429.00,2520.20,2520.00,2490.00,,2519.16,,,18892,47087876.30,1311,F1,1,,,,,
2026-09-04,2026-09-04,CM,NSE,STK,3384,INE277A01016,SWARAJENG,EQ,,,,,SWARAJ ENGINES LTD,3544.10,3672.00,3540.00,3557.80,3550.00,3554.70,,3557.55,,,6552,23425777.00,1529,F1,1,,,,,
2026-09-04,2026-09-04,CM,NSE,STK,764496,INE0GMR01016,SWARAJ,BE,,,,,SWARAJ SUITING LIMITED,365.00,365.00,352.75,357.35,359.00,354.50,,357.35,,,57932,20669907.05,449,F1,1,,,,,
2026-09-04,2026-09-04,CM,NSE,STK,765185,INE967A01012,SWARNSAR,EQ,,,,,SWARNSARITA JEWELS IND L,35.05,35.44,34.17,35.25,35.25,35.48,,35.25,,,6016,211514.70,35,F1,1,,,,,
2026-09-04,2026-09-04,CM,NSE,STK,11497,INE0DGC01025,SWASTIK,ST,,,,,SWASTIK PIPE LIMITED,20.00,20.00,19.00,19.00,19.00,20.00,,19.00,,,3600,70800.00,3,F1,1200,,,,,
2026-09-04,2026-09-04,CM,NSE,STK,11909,INE409B01013,SWELECTES,EQ,,,,,SWELECT ENERGY SYS LTD,584.00,584.00,570.25,572.50,570.55,576.90,,572.50,,,17212,9875701.15,1465,F1,1,,,,,
2026-09-04,2026-09-04,CM,NSE,STK,27066,INE00H001014,SWIGGY,EQ,,,,,SWIGGY LIMITED,269.30,284.40,269.30,276.10,276.10,269.30,,276.10,,,184369387,51119834391.50,239161,F1,1,,,,,
2026-09-04,2026-09-04,CM,NSE,STK,765193,INE010C01025,SWISSMLTRY,BE,,,,,SWISS MILITARY CON GOOD L,15.70,15.85,14.66,15.59,15.65,15.40,,15.59,,,81525,1249049.78,284,F1,1,,,,,
2026-09-04,2026-09-04,CM,NSE,STK,24267,INE01IH01015,SYLVANPLY,SM,,,,,SYLVAN PLYBOARD (INDIA) L,55.55,55.55,55.55,55.55,55.55,53.05,,55.55,,,4000,222200.00,1,F1,2000,,,,,
2026-09-04,2026-09-04,CM,NSE,STK,765485,INE899I01028,SYMBIOTEC,EQ,,,,,SYMBIOTEC PHARMALAB LTD,1085.05,1099.70,1056.00,1078.25,1075.50,1076.85,,1078.29,,,1509878,1622156680.65,55703,F1,1,,,,,
2026-09-04,2026-09-04,CM,NSE,STK,24190,INE225D01027,SYMPHONY,EQ,,,,,SYMPHONY LIMITED,573.00,582.50,573.00,580.35,580.40,572.80,,580.35,,,32564,18816927.05,1815,F1,1,,,,,
2026-09-04,2026-09-04,CM,NSE,STK,11992,INE312C01025,SYNCOMF,EQ,,,,,SYNCOM FORMU (I) LTD,20.93,21.88,20.01,20.58,20.50,21.36,,20.58,,,16788160,346402035.74,39261,F1,1,,,,,
2026-09-04,2026-09-04,CM,NSE,STK,5114,INE00QT01015,SGIL,EQ,,,,,SYNERGY GREEN IND. LTD,612.85,612.85,600.00,606.20,609.00,603.80,,606.13,,,4698,2833803.90,275,F1,1,,,,,
2026-09-04,2026-09-04,CM,NSE,STK,10243,INE398R01022,SYNGENE,EQ,,,,,SYNGENE INTERNATIONAL LTD,399.70,403.15,394.30,395.60,395.15,400.80,,395.60,,,522372,207177146.45,19456,F1,1,,,,,
2026-09-04,2026-09-04,CM,NSE,STK,17206,INE0BTR01012,SYNOPTICS,ST,,,,,SYNOPTICS TECHNOLOGIES L,47.20,49.35,44.65,49.35,49.35,47.00,,49.35,,,6000,281250.00,10,F1,600,,,,,
2026-09-04,2026-09-04,CM,NSE,STK,10793,INE0DYJ01015,SYRMA,EQ,,,,,SYRMA SGS TECHNOLOGY LTD,1455.20,1470.00,1450.40,1457.30,1460.00,1452.80,,1458.53,,,569018,830434072.70,34619,F1,1,,,,,
2026-09-04,2026-09-04,CM,NSE,STK,14506,INE0O7R01011,SYSTANGO,SM,,,,,SYSTANGO TECHNOLOGIES LTD,228.00,230.20,223.25,225.25,223.25,230.10,,225.25,,,12800,2891820.00,31,F1,400,,,,,
2026-09-04,2026-09-04,CM,NSE,STK,759358,INE356B01024,SYSTMTXC,BE,,,,,SYSTEMATIX CORP SERVICE L,58.00,60.23,56.00,60.23,60.23,57.37,,61.95,,,72839,4351907.83,83,F1,1,,,,,
2026-09-04,2026-09-04,CM,NSE,STK,764955,INE284B01028,TGVSL,EQ,,,,,T G V SRAAC LTD.,109.80,114.24,108.01,109.98,109.85,108.57,,110.02,,,615070,68556437.66,5521,F1,1,,,,,
2026-09-04,2026-09-04,CM,NSE,STK,14314,INE592B01024,TTL,EQ,,,,,T T LIMITED,7.03,7.08,6.77,6.81,6.87,6.86,,6.81,,,210015,1440475.54,356,F1,1,,,,,
2026-09-04,2026-09-04,CM,NSE,STK,762929,INE524T01011,TAALTECH,EQ,,,,,TAAL TECH LTD.,4600.00,4634.80,4475.20,4502.20,4510.00,4496.00,,4502.34,,,5834,26583039.40,1322,F1,1,,,,,
2026-09-04,2026-09-04,CM,NSE,STK,23441,INE0SOY01013,TAC,ST,,,,,TAC INFOSEC LIMITED,431.00,445.00,424.60,433.35,433.00,437.25,,433.35,,,22800,9915350.00,101,F1,200,,,,,
2026-09-04,2026-09-04,CM,NSE,STK,3396,INE123C01018,TAINWALCHM,EQ,,,,,TAINWALA CHEMICAL AND PLA,207.63,215.50,207.60,213.71,213.75,207.63,,213.71,,,1124,237917.17,24,F1,1,,,,,
2026-09-04,2026-09-04,CM,NSE,STK,9354,INE586B01026,TAJGVK,EQ,,,,,TAJ GVK HOTELS & RESORTS,333.70,336.50,330.35,332.55,335.80,333.80,,332.58,,,150325,50198189.70,2772,F1,1,,,,,
2026-09-04,2026-09-04,CM,NSE,STK,14917,INE142I01023,TAKE,EQ,,,,,TAKE LIMITED,12.52,13.82,12.52,13.82,13.82,13.17,,13.84,,,918186,11878318.31,912,F1,1,,,,,
2026-09-04,2026-09-04,CM,NSE,STK,13648,INE187D01029,TALBROAUTO,EQ,,,,,TALBROS AUTO. COMP. LTD,412.15,413.45,401.50,407.75,408.00,412.15,,407.74,,,76183,30992551.55,3610,F1,1,,,,,
2026-09-04,2026-09-04,CM,NSE,STK,762937,INE864J01012,TAMBOLIIN,BE,,,,,TAMBOLI INDUSTRIES LTD.,255.00,261.50,250.00,259.70,258.00,250.00,,262.07,,,11736,3022630.25,80,F1,1,,,,,
2026-09-04,2026-09-04,CM,NSE,STK,10945,INE668A01016,TMB,EQ,,,,,TAMILNAD MERCA BANK LTD,949.95,949.95,929.00,932.45,935.00,942.45,,932.44,,,131784,123118792.75,7872,F1,1,,,,,
2026-09-04,2026-09-04,CM,NSE,STK,3980,INE107A01015,TNPL,EQ,,,,,TAMILNADU NEWSPRT & PAPER,154.36,158.80,152.50,155.75,156.50,154.36,,155.74,,,382264,59499430.04,8632,F1,1,,,,,
2026-09-04,2026-09-04,CM,NSE,STK,3509,INE148A01019,TNPETRO,EQ,,,,,TAMILNADU PETROPRODUCTS L,136.99,136.99,131.55,132.70,133.00,137.81,,132.70,,,1119931,150742895.75,12495,F1,1,,,,,
2026-09-04,2026-09-04,CM,NSE,STK,3512,INE141D01018,TNTELE,EQ,,,,,TAMILNADU TELECOMMUNICATI,8.83,9.07,8.83,8.88,8.89,8.86,,8.88,,,22878,203630.31,147,F1,1,,,,,
2026-09-04,2026-09-04,CM,NSE,STK,764945,INE692C01020,TANAA,EQ,,,,,TANEJA AEROSPACE & AVIA L,282.35,287.40,280.00,282.15,284.70,282.35,,283.01,,,9298,2642119.60,441,F1,1,,,,,
2026-09-04,2026-09-04,CM,NSE,STK,756338,INE0Z7N01017,TANKUP,ST,,,,,TANKUP ENGINEERS LIMITED,1639.00,1639.00,1598.00,1598.00,1598.00,1608.35,,1598.00,,,2250,3639000.00,7,F1,250,,,,,
2026-09-04,2026-09-04,CM,NSE,STK,13976,INE483C01032,TANLA,EQ,,,,,TANLA PLATFORMS LIMITED,515.45,528.95,515.45,521.15,521.30,514.80,,521.15,,,368770,192266588.25,12911,F1,1,,,,,
2026-09-04,2026-09-04,CM,NSE,STK,23512,INE555Z01020,TARACHAND,EQ,,,,,TARA CHAND INFRA SOLN LTD,48.75,49.39,48.00,48.78,48.94,48.33,,48.78,,,54428,2649840.95,1343,F1,1,,,,,
2026-09-04,2026-09-04,CM,NSE,STK,18827,INE747K01017,TARAPUR,EQ,,,,,TARAPUR TRANSFORMERS LTD,13.55,13.55,12.21,13.03,13.21,13.33,,13.15,,,46363,597490.73,303,F1,1,,,,,
2026-09-04,2026-09-04,CM,NSE,STK,1581,INE0EK901012,TARC,EQ,,,,,TARC LIMITED,124.20,127.98,123.05,126.99,127.00,124.19,,127.00,,,355398,44989660.89,4209,F1,1,,,,,
2026-09-04,2026-09-04,CM,NSE,STK,14771,INE924H01018,TARMAT,EQ,,,,,TARMAT LIMITED,64.49,64.79,60.55,61.23,60.55,64.49,,61.24,,,36316,2277858.47,623,F1,1,,,,,
2026-09-04,2026-09-04,CM,NSE,STK,6943,INE144Z01023,TARSONS,EQ,,,,,TARSONS PRODUCTS LIMITED,336.50,341.40,333.00,335.55,333.60,336.50,,335.52,,,63661,21480639.60,1903,F1,1,,,,,
2026-09-04,2026-09-04,CM,NSE,STK,20092,INE488B01017,TASTYBITE,EQ,,,,,TASTY BITE EATABLES LTD,10132.00,10224.00,9945.00,9982.00,10010.00,10052.00,,9982.22,,,1301,13037100.00,513,F1,1,,,,,
2026-09-04,2026-09-04,CM,NSE,STK,759265,INE976I01016,TATACAP,EQ,,,,,TATA CAPITAL LIMITED,371.85,376.85,371.30,375.05,375.25,371.85,,375.05,,,1331842,498921317.00,22145,F1,1,,,,,
2026-09-04,2026-09-04,CM,NSE,STK,3405,INE092A01019,TATACHEM,EQ,,,,,TATA CHEMICALS LTD,630.00,634.50,624.00,625.10,624.70,641.35,,625.11,,,991042,622281905.90,27730,F1,1,,,,,
2026-09-04,2026-09-04,CM,NSE,STK,3721,INE151A01013,TATACOMM,EQ,,,,,TATA COMMUNICATIONS LTD,1696.40,1763.00,1696.40,1756.10,1751.60,1696.40,,1756.08,,,276930,483458135.30,26714,F1,1,,,,,
2026-09-04,2026-09-04,CM,NSE,STK,11536,INE467B01029,TCS,EQ,,,,,TATA CONSULTANCY SERV LT,2330.00,2363.90,2302.40,2304.00,2304.00,2320.10,,2303.97,,,2564322,5951009095.30,112846,F1,1,,,,,
2026-09-04,2026-09-04,CM,NSE,STK,3432,INE192A01025,TATACONSUM,EQ,,,,,TATA CONSUMER PRODUCT LTD,1020.00,1022.90,1008.50,1010.00,1010.00,1019.20,,1010.02,,,1030689,1044105683.20,33815,F1,1,,,,,
2026-09-04,2026-09-04,CM,NSE,STK,3411,INE670A01012,TATAELXSI,EQ,,,,,TATA ELXSI LIMITED,3625.00,3659.50,3525.00,3558.00,3558.00,3580.00,,3557.07,,,203529,729965914.20,17517,F1,1,,,,,
2026-09-04,2026-09-04,CM,NSE,STK,1621,INE672A01026,TATAINVEST,EQ,,,,,TATA INVESTMENT CORP LTD,637.95,644.00,631.55,633.70,636.80,637.95,,633.76,,,130701,83299751.85,6814,F1,1,,,,,
2026-09-04,2026-09-04,CM,NSE,STK,759782,INE1TAE01010,TMCV,EQ,,,,,TATA MOTORS LIMITED,462.85,469.20,456.20,458.20,457.50,460.35,,458.20,,,6245264,2887322626.00,106104,F1,1,,,,,
2026-09-04,2026-09-04,CM,NSE,STK,3456,INE155A01022,TMPV,EQ,,,,,TATA MOTORS PASS VEH LTD,312.00,315.50,310.65,311.50,311.50,312.00,,311.51,,,4010174,1254810683.15,46778,F1,1,,,,,
2026-09-04,2026-09-04,CM,NSE,STK,3426,INE245A01021,TATAPOWER,EQ,,,,,TATA POWER CO LTD,365.10,368.50,364.10,368.00,368.00,365.70,,368.00,,,3826383,1403868546.35,35646,F1,1,,,,,
2026-09-04,2026-09-04,CM,NSE,STK,3499,INE081A01020,TATASTEEL,EQ,,,,,TATA STEEL LIMITED,184.20,189.90,182.84,188.79,188.79,184.20,,188.79,,,36500951,6838451656.64,121419,F1,1,,,,,
2026-09-04,2026-09-04,CM,NSE,STK,20293,INE142M01025,TATATECH,EQ,,,,,TATA TECHNOLOGIES LIMITED,808.05,830.95,796.10,800.00,802.00,805.10,,800.00,,,1067933,865988164.05,49944,F1,1,,,,,
2026-09-04,2026-09-04,CM,NSE,STK,8954,INE517B01013,TTML,EQ,,,,,TATA TELESERV(MAHARASTRA),38.00,38.45,37.65,37.74,37.70,38.01,,37.74,,,1380442,52398679.92,6995,F1,1,,,,,
2026-09-04,2026-09-04,CM,NSE,STK,7838,INF277K015R5,NETF,EQ,,,,,TATAAML - NETF,262.00,263.89,260.00,261.40,263.89,260.55,,261.41,,,5315,1387732.07,170,F1,1,,,,,
2026-09-04,2026-09-04,CM,NSE,STK,12978,INF277K010X4,NPBET,EQ,,,,,TATAAML - NPBET,292.57,292.57,288.29,290.32,292.00,292.64,,290.32,,,1194,345789.03,65,F1,1,,,,,
2026-09-04,2026-09-04,CM,NSE,STK,8882,INF277KA1364,TNIDETF,EQ,,,,,TATAAML - TNIDETF,88.73,92.17,88.73,90.94,90.60,91.01,,90.94,,,57515,5242685.58,389,F1,1,,,,,
2026-09-04,2026-09-04,CM,NSE,STK,21401,INF277KA1976,TATAGOLD,EQ,,,,,TATAAML-TATAGOLD,14.82,15.04,14.82,14.94,14.95,14.82,,14.94,,,44264152,661636801.23,64376,F1,1,,,,,
2026-09-04,2026-09-04,CM,NSE,STK,21428,INF277KA1984,TATSILV,EQ,,,,,TATAAML-TATSILV,22.35,22.79,22.35,22.62,22.64,22.34,,22.62,,,34470366,779462472.34,38486,F1,1,,,,,
2026-09-04,2026-09-04,CM,NSE,STK,5162,INE0GK401011,TATVA,EQ,,,,,TATVA CHIN PHARM CHEM LTD,1609.90,1688.00,1580.10,1678.50,1677.00,1596.20,,1678.52,,,85803,141769366.00,9319,F1,1,,,,,
2026-09-04,2026-09-04,CM,NSE,STK,759759,INE0XWS01018,TAURIAN,ST,,,,,TAURIAN MPS LIMITED,506.00,506.00,483.20,494.00,494.00,506.00,,494.00,,,15200,7474800.00,19,F1,800,,,,,
2026-09-04,2026-09-04,CM,NSE,STK,11754,INE053F07835,753IRFC30,NJ,,,,,TAX FREE  7.53% SR. 103 A,1137.00,1137.99,1137.00,1137.00,1137.00,1138.89,,1137.00,,,102,115974.99,4,F1,1,,,,,
2026-09-04,2026-09-04,CM,NSE,STK,14529,INE906B07EP5,769NHAI31,NE,,,,,TAX FREE 7.69% SR. IIB,1153.00,1154.00,1153.00,1153.00,1153.00,1152.25,,1153.00,,,1135,1308685.00,5,F1,1,,,,,
2026-09-04,2026-09-04,CM,NSE,STK,12003,INE906B07EJ8,76NHAI31,NA,,,,,TAX FREE7.60% SR.IIB,1110.05,1111.00,1110.05,1110.10,1110.10,1109.60,,1110.10,,,98,108829.55,7,F1,1,,,,,
2026-09-04,2026-09-04,CM,NSE,STK,29111,INE020B07GX4,738REC27TF,N2,,,,,TAXFREE SEC NCD TR1 S2,1075.00,1075.00,1075.00,1075.00,1075.00,1075.00,,1075.00,,,200,215000.00,1,F1,1,,,,,
2026-09-04,2026-09-04,CM,NSE,STK,24019,INE0N2D01013,TBI,SM,,,,,TBI CORN LIMITED,73.80,75.90,73.00,73.55,73.50,72.70,,73.55,,,125400,9314370.00,97,F1,600,,,,,
2026-09-04,2026-09-04,CM,NSE,STK,23740,INE673O01025,TBOTEK,EQ,,,,,TBO TEK LIMITED,1733.70,1734.90,1671.50,1688.90,1679.00,1733.70,,1688.75,,,66445,113190643.30,5726,F1,1,,,,,
2026-09-04,2026-09-04,CM,NSE,STK,761814,INE887D01024,TCC,EQ,,,,,TCC CONCEPT LIMITED,47.33,49.22,43.80,44.10,44.00,233.13,,44.10,,,578711,26914347.29,6528,F1,1,,,,,
2026-09-04,2026-09-04,CM,NSE,STK,19223,INE586V01016,TCIEXP,EQ,,,,,TCI EXPRESS LIMITED,549.50,557.00,539.00,552.90,554.00,541.30,,552.91,,,65210,35915255.40,3709,F1,1,,,,,
2026-09-04,2026-09-04,CM,NSE,STK,8722,INE911B01018,TCIFINANCE,BE,,,,,TCIFINANCELTD-ROLL SETT,15.78,15.78,14.41,15.10,15.34,15.08,,15.10,,,19130,287603.78,75,F1,1,,,,,
2026-09-04,2026-09-04,CM,NSE,STK,184,INE822C01015,TCPLPACK,EQ,,,,,TCPL PACKAGING LIMITED,3971.40,4157.20,3921.00,4091.90,4140.00,3956.60,,4091.42,,,15468,63228594.20,3729,F1,1,,,,,
2026-09-04,2026-09-04,CM,NSE,STK,25178,INE419M01035,TDPOWERSYS,EQ,,,,,TD POWER SYSTEMS LTD.,723.00,742.80,717.95,740.10,739.50,722.55,,739.76,,,1283741,941803466.95,71146,F1,1,,,,,
2026-09-04,2026-09-04,CM,NSE,STK,10717,INE289C01025,TEAMGTY,EQ,,,,,TEAM INDIA GUARANTY LTD,243.68,243.68,235.10,235.29,235.10,243.68,,235.29,,,684,161520.01,35,F1,1,,,,,
2026-09-04,2026-09-04,CM,NSE,STK,12716,INE985S01024,TEAMLEASE,EQ,,,,,TEAMLEASE SERVICES LTD.,1260.00,1280.00,1235.00,1250.60,1252.00,1250.00,,1250.69,,,29000,36288777.50,3424,F1,1,,,,,
2026-09-04,2026-09-04,CM,NSE,STK,17000,INE065J01024,TPHQ,BE,,,,,TEAMO PRODUCTIONS HQ LTD,0.55,0.56,0.53,0.55,0.55,0.55,,0.55,,,1307895,703424.33,483,F1,1,,,,,
2026-09-04,2026-09-04,CM,NSE,STK,763571,INE2OL601013,TEAMTECH,ST,,,,,TEAMTECH FORMWORK SOL LTD,136.00,137.00,136.00,137.00,137.00,138.00,,137.00,,,8000,1090000.00,4,F1,2000,,,,,
2026-09-04,2026-09-04,CM,NSE,STK,13538,INE669C01036,TECHM,EQ,,,,,TECH MAHINDRA LIMITED,1605.10,1623.40,1586.90,1596.90,1596.90,1598.00,,1596.90,,,1173518,1874570781.10,27058,F1,1,,,,,
2026-09-04,2026-09-04,CM,NSE,STK,759138,INE0Y5H01014,TECHD,SM,,,,,TECHD CYBERSECURITY LTD,531.10,535.00,528.00,533.55,535.00,531.00,,533.55,,,19500,10362645.00,60,F1,300,,,,,
2026-09-04,2026-09-04,CM,NSE,STK,25652,INE0JQS01019,TECHERA,SM,,,,,TECHERA ENGINEER (IND) L,158.65,161.80,156.25,160.90,160.90,158.80,,160.90,,,19200,3056960.00,24,F1,800,,,,,
2026-09-04,2026-09-04,CM,NSE,STK,6445,INE285K01026,TECHNOE,EQ,,,,,TECHNO ELEC & ENG CO. LTD,975.00,983.35,969.30,979.50,978.00,973.65,,979.45,,,82871,80873713.00,7651,F1,1,,,,,
2026-09-04,2026-09-04,CM,NSE,STK,14223,INE545H01011,TIIL,EQ,,,,,TECHNOCRAFT IND LTD,3283.70,3346.20,3152.30,3194.60,3192.20,3267.40,,3194.76,,,25085,81072924.90,4689,F1,1,,,,,
2026-09-04,2026-09-04,CM,NSE,STK,764532,INE1D0W01018,TECHNOCRAF,EQ,,,,,TECHNOCRAFT VENTURES LTD,372.00,373.65,363.10,366.10,366.50,373.20,,366.04,,,476411,175486648.10,9749,F1,1,,,,,
2026-09-04,2026-09-04,CM,NSE,STK,762939,INE314H01012,TECHNVISN,EQ,,,,,TECHNVISION VENTURES LTD.,5135.00,5135.00,4880.00,4917.50,4880.00,5136.50,,4916.60,,,1147,5639657.00,260,F1,1,,,,,
2026-09-04,2026-09-04,CM,NSE,STK,3453,INE014B01011,TECILCHEM,EQ,,,,,TECIL CHEMICALS,10.10,10.20,9.60,9.72,9.90,9.98,,9.73,,,21289,208490.98,78,F1,1,,,,,
2026-09-04,2026-09-04,CM,NSE,STK,23530,INE0K6601012,TGL,ST,,,,,TEERTH GOPICON LIMITED,18.05,18.05,18.05,18.05,18.05,18.40,,18.05,,,400,7220.00,2,F1,200,,,,,
2026-09-04,2026-09-04,CM,NSE,STK,7105,INE011K01018,TEGA,EQ,,,,,TEGA INDUSTRIES LIMITED,1555.80,1558.00,1536.00,1548.00,1540.10,1552.80,,1547.97,,,55328,85537902.40,4706,F1,1,,,,,
2026-09-04,2026-09-04,CM,NSE,STK,763825,INE0R1301019,TEJA,SM,,,,,TEJA ENGINEERING IND L,235.00,238.00,231.00,236.05,236.70,240.30,,236.05,,,58800,13868190.00,62,F1,600,,,,,
2026-09-04,2026-09-04,CM,NSE,STK,21131,INE010J01012,TEJASNET,EQ,,,,,TEJAS NETWORKS LIMITED,570.00,622.80,570.00,614.15,612.00,567.45,,614.14,,,26085952,15898465329.30,340750,F1,1,,,,,
2026-09-04,2026-09-04,CM,NSE,STK,3275,INE869Y01028,TEMBO,EQ,,,,,TEMBO GLOBAL IND LTD,56.10,61.20,55.40,58.47,60.50,55.94,,58.47,,,7416209,432120517.83,10506,F1,1,,,,,
2026-09-04,2026-09-04,CM,NSE,STK,765426,INE1KZI01025,TEMPSENS,EQ,,,,,TEMPSENS INST (INDIA) LTD,570.80,573.75,547.55,554.80,552.80,568.55,,554.78,,,2650794,1486500998.80,42688,F1,1,,,,,
2026-09-04,2026-09-04,CM,NSE,STK,759880,INE19RI01016,TENNIND,EQ,,,,,TENNECO CLEAN AIR INDIA L,519.80,521.60,513.60,517.55,519.15,515.70,,517.54,,,581989,301062124.60,24132,F1,1,,,,,
2026-09-04,2026-09-04,CM,NSE,STK,19292,INE482B01010,TERASOFT,EQ,,,,,TERA SOFTWARE LIMITED,282.00,296.55,279.70,283.40,282.05,281.30,,283.44,,,41365,11896447.80,1207,F1,1,,,,,
2026-09-04,2026-09-04,CM,NSE,STK,764950,INE390D01011,TERAI,EQ,,,,,TERAI TEA CO. LTD.,121.10,132.95,121.10,121.43,121.26,124.30,,122.27,,,1068,131362.10,32,F1,1,,,,,
2026-09-04,2026-09-04,CM,NSE,STK,11549,INE435C01024,TEXINFRA,EQ,,,,,TEXMACO INFRA & HOLDG LTD,116.32,117.14,114.50,115.02,115.00,116.70,,115.02,,,122665,14138217.43,1077,F1,1,,,,,
2026-09-04,2026-09-04,CM,NSE,STK,21828,INE621L01012,TEXRAIL,EQ,,,,,TEXMACO RAIL & ENG. LTD.,113.60,117.53,113.33,115.99,115.75,113.63,,115.99,,,3746637,435010329.17,22755,F1,1,,,,,
2026-09-04,2026-09-04,CM,NSE,STK,18214,INE141K01013,TEXMOPIPES,EQ,,,,,TEXMO PIPE & PRODUCTS LTD,45.90,46.45,45.31,46.23,46.45,45.49,,46.24,,,23440,1079316.10,267,F1,1,,,,,
2026-09-04,2026-09-04,CM,NSE,STK,10751,INE733E07JW2,762NTPC35F,ND,,,,,TFB 7.62% 2035 SR. 3B,1217.00,1217.00,1217.00,1217.00,1217.00,1221.06,,1217.00,,,157,191069.00,3,F1,1,,,,,
2026-09-04,2026-09-04,CM,NSE,STK,14607,INE797H01018,TGBHOTELS,EQ,,,,,TGB BANQUETS&HOTELS LTD,10.00,10.00,9.35,9.48,9.50,9.69,,9.48,,,24575,233202.48,150,F1,1,,,,,
2026-09-04,2026-09-04,CM,NSE,STK,22777,INE0QJL01014,TCL,SM,,,,,THAAI CASTING LIMITED,123.60,124.50,120.10,123.00,123.00,123.60,,123.00,,,28800,3534520.00,36,F1,800,,,,,
2026-09-04,2026-09-04,CM,NSE,STK,762947,INE077P01034,THACKER,BE,,,,,THACKER & CO. LTD.,1002.00,1050.00,980.00,1050.00,1050.00,1002.00,,1075.00,,,38,37994.70,14,F1,1,,,,,
2026-09-04,2026-09-04,CM,NSE,STK,762949,INE403F01017,THAKDEV,EQ,,,,,THAKKERS DEVELOPERS LTD.,144.00,144.00,137.00,144.00,144.00,147.00,,147.95,,,33,4682.05,7,F1,1,,,,,
2026-09-04,2026-09-04,CM,NSE,STK,18118,INE085J01014,THANGAMAYL,EQ,,,,,THANGAMAYIL JEWELLERY LTD,5293.50,5351.50,5232.00,5332.00,5349.00,5295.00,,5331.98,,,65612,348456347.00,13547,F1,1,,,,,
2026-09-04,2026-09-04,CM,NSE,STK,9014,INE294Z01018,ANUP,EQ,,,,,THE ANUP ENGINEERING LTD,1820.00,1820.00,1781.00,1785.80,1784.10,1808.00,,1785.82,,,10691,19147500.50,1718,F1,1,,,,,
2026-09-04,2026-09-04,CM,NSE,STK,7930,INE319B01014,BYKE,BE,,,,,THE BYKE HOSPITALITY LTD,32.88,32.88,31.22,32.11,32.40,31.90,,32.11,,,33009,1058745.88,128,F1,1,,,,,
2026-09-04,2026-09-04,CM,NSE,STK,13776,INE017A01032,GESHIP,EQ,,,,,THE GE SHPG.LTD,1360.40,1378.00,1340.00,1369.70,1366.00,1353.60,,1369.75,,,1043987,1423711526.10,60758,F1,1,,,,,
2026-09-04,2026-09-04,CM,NSE,STK,17770,INE646C01018,GROBTEA,EQ,,,,,THE GROB TEA COMPANY LTD,980.00,999.40,971.50,977.65,973.00,980.00,,977.65,,,101,99024.15,19,F1,1,,,,,
2026-09-04,2026-09-04,CM,NSE,STK,8568,INE127B01011,HITECHGEAR,BE,,,,,THE HI-TECH GEARS LIMITED,571.00,578.00,566.00,567.15,567.00,575.55,,567.15,,,1037,590564.70,30,F1,1,,,,,
2026-09-04,2026-09-04,CM,NSE,STK,1515,INE383A01012,INDIACEM,EQ,,,,,THE INDIA CEMENTS LIMITED,358.80,363.90,358.15,362.50,362.75,358.80,,362.51,,,42548,15367882.90,3438,F1,1,,,,,
2026-09-04,2026-09-04,CM,NSE,STK,1512,INE053A01029,INDHOTEL,EQ,,,,,THE INDIAN HOTELS CO. LTD,730.00,732.95,717.50,720.00,720.00,732.00,,720.00,,,1528492,1104177065.95,25462,F1,1,,,,,
2026-09-04,2026-09-04,CM,NSE,STK,21427,INE924D01017,THEINVEST,EQ,,,,,THE INVEST TRUST OF IND L,98.11,98.11,94.61,95.00,94.75,98.10,,95.00,,,3714,355882.32,172,F1,1,,,,,
2026-09-04,2026-09-04,CM,NSE,STK,399,INE470Y01017,NIACL,EQ,,,,,THE NEW INDIA ASSU CO LTD,196.49,234.39,196.49,229.91,231.00,195.33,,229.91,,,66928665,14930434679.00,399899,F1,1,,,,,
2026-09-04,2026-09-04,CM,NSE,STK,10321,INE431F01018,PKTEA,EQ,,,,,THE P K TEA PROD CO LTD,777.70,810.00,740.05,802.65,798.00,751.75,,802.65,,,6257,4961437.85,86,F1,1,,,,,
2026-09-04,2026-09-04,CM,NSE,STK,14552,INE211B01039,PHOENIXLTD,EQ,,,,,THE PHOENIX MILLS LTD,1961.50,1969.30,1935.50,1942.00,1942.00,1960.00,,1942.00,,,263929,514432177.60,26302,F1,1,,,,,
2026-09-04,2026-09-04,CM,NSE,STK,2043,INE331A01037,RAMCOCEM,EQ,,,,,THE RAMCO CEMENTS LIMITED,882.60,894.00,873.80,884.50,882.00,879.15,,884.41,,,98361,87137162.05,9195,F1,1,,,,,
2026-09-04,2026-09-04,CM,NSE,STK,10123,INE301D01026,RUBYMILLS,BE,,,,,THE RUBY MILLS LTD,415.00,429.50,408.00,428.30,429.00,409.05,,428.18,,,23319,9870280.85,467,F1,1,,,,,
2026-09-04,2026-09-04,CM,NSE,STK,5948,INE683A01023,SOUTHBANK,EQ,,,,,THE SOUTH INDIAN BANK LTD,47.95,48.44,47.14,47.29,47.38,47.70,,47.29,,,8819050,420419137.01,26264,F1,1,,,,,
2026-09-04,2026-09-04,CM,NSE,STK,10948,INE655A01013,STCINDIA,EQ,,,,,THE STATE TRADING CORPN,115.61,119.50,114.71,115.28,115.10,114.65,,115.28,,,60350,7063306.76,1147,F1,1,,,,,
2026-09-04,2026-09-04,CM,NSE,STK,19578,INE071E01023,UGARSUGAR,EQ,,,,,THE UGAR SUGAR WORKS LTD,58.40,58.50,53.01,53.35,53.29,58.56,,53.35,,,1348315,73344806.93,8614,F1,1,,,,,
2026-09-04,2026-09-04,CM,NSE,STK,20481,INE215F01023,WIPL,EQ,,,,,THE WESTERN INDIA PLY LTD,169.94,169.94,167.99,167.99,167.99,165.61,,167.99,,,16,2698.65,4,F1,1,,,,,
2026-09-04,2026-09-04,CM,NSE,STK,19279,INE121N01019,THEJO,EQ,,,,,THEJO ENGINEERING LIMITED,2081.00,2142.00,2081.00,2125.30,2112.50,2091.00,,2125.30,,,5621,11895014.90,668,F1,1,,,,,
2026-09-04,2026-09-04,CM,NSE,STK,14485,INE083B01024,THEMISMED,EQ,,,,,THEMIS MEDICARE LTD.,125.27,128.08,119.71,120.42,120.25,124.87,,120.42,,,159319,19659158.21,2791,F1,1,,,,,
2026-09-04,2026-09-04,CM,NSE,STK,3475,INE152A01029,THERMAX,EQ,,,,,THERMAX LTD,3739.00,3765.60,3617.00,3637.60,3650.00,3733.90,,3637.31,,,258180,945066957.20,35265,F1,1,,,,,
2026-09-04,2026-09-04,CM,NSE,STK,3496,INE338A01024,TIRUMALCHM,EQ,,,,,THIRUMALAI CHEMICALS LTD,158.70,159.52,156.21,157.19,157.50,157.86,,157.20,,,236650,37363255.88,4002,F1,1,,,,,
2026-09-04,2026-09-04,CM,NSE,STK,3481,INE332A01027,THOMASCOOK,EQ,,,,,THOMAS COOK (INDIA) LTD,106.00,112.94,106.00,111.65,111.50,106.31,,111.66,,,2297803,253665469.92,19887,F1,1,,,,,
2026-09-04,2026-09-04,CM,NSE,STK,31017,INE480M01011,THOMASCOTT,EQ,,,,,THOMAS SCOTT (INDIA) LTD,261.05,269.65,258.50,262.75,265.00,260.95,,262.72,,,44350,11754260.80,1716,F1,1,,,,,
2026-09-04,2026-09-04,CM,NSE,STK,17032,INE594H01019,THYROCARE,EQ,,,,,THYROCARE TECH LTD,575.05,581.90,573.35,576.15,576.40,578.65,,576.15,,,137365,79356630.20,17438,F1,1,,,,,
2026-09-04,2026-09-04,CM,NSE,STK,759176,INE906O01029,TIGERLOGS,EQ,,,,,TIGER LOGISTICS (INDIA) L,29.88,29.88,28.16,28.61,28.60,29.22,,28.62,,,168111,4870254.39,557,F1,1,,,,,
2026-09-04,2026-09-04,CM,NSE,STK,25486,INE440L01017,TIJARIA,BE,,,,,TIJARIA POLYPIPES LTD,9.40,9.54,9.40,9.54,9.54,9.09,,9.54,,,250018,2381149.04,167,F1,1,,,,,
2026-09-04,2026-09-04,CM,NSE,STK,9802,INE806C01018,TIL,BE,,,,,TIL LTD,249.98,257.25,246.00,252.88,255.00,245.00,,252.89,,,296756,75107800.53,1110,F1,1,,,,,
2026-09-04,2026-09-04,CM,NSE,STK,19196,INE133E01013,TI,EQ,,,,,TILAKNAGAR INDUSTRIES LTD,540.00,540.90,520.00,535.10,535.00,544.25,,535.10,,,540041,287073173.75,19586,F1,1,,,,,
2026-09-04,2026-09-04,CM,NSE,STK,14707,INE508G01029,TIMETECHNO,EQ,,,,,TIME TECHNOPLAST LTD.,189.40,191.15,188.00,188.49,188.83,189.36,,188.48,,,1385822,263040381.16,11544,F1,1,,,,,
2026-09-04,2026-09-04,CM,NSE,STK,762954,INE064A01026,TIMEX,EQ,,,,,TIMEX GROUP INDIA LTD.,654.85,674.00,646.30,669.85,670.00,649.55,,669.90,,,323553,214305591.20,23545,F1,1,,,,,
2026-09-04,2026-09-04,CM,NSE,STK,14198,INE325A01013,TIMKEN,EQ,,,,,TIMKEN INDIA LTD.,3124.90,3139.30,3100.00,3125.30,3125.20,3124.80,,3125.29,,,15156,47307706.60,4681,F1,1,,,,,
2026-09-04,2026-09-04,CM,NSE,STK,756020,INE015C01016,TINNARUBR,EQ,,,,,TINNA RUBBER AND INFR LTD,1057.80,1057.80,1017.20,1028.20,1034.60,1036.80,,1028.26,,,38228,39517683.95,2812,F1,1,,,,,
2026-09-04,2026-09-04,CM,NSE,STK,11374,INE0LQS01015,TIPSFILMS,EQ,,,,,TIPS FILMS LIMITED,332.00,338.00,330.00,331.00,330.50,331.35,,330.87,,,4667,1553202.05,275,F1,1,,,,,
2026-09-04,2026-09-04,CM,NSE,STK,9117,INE716B01029,TIPSMUSIC,EQ,,,,,TIPS MUSIC LIMITED,651.90,656.65,642.00,649.75,650.45,652.05,,649.75,,,146163,94924475.10,19291,F1,1,,,,,
2026-09-04,2026-09-04,CM,NSE,STK,22284,INE319Y01024,TIRUPATIFL,BE,,,,,TIRUPATI FORGE LIMITED,67.26,70.00,67.26,69.05,69.00,68.42,,69.05,,,202133,13956839.62,930,F1,1,,,,,
2026-09-04,2026-09-04,CM,NSE,STK,15414,INE615H01020,TITAGARH,EQ,,,,,TITAGARH RAIL SYSTEMS LTD,848.00,898.00,845.00,871.85,872.30,844.20,,871.85,,,3001183,2642248608.65,92110,F1,1,,,,,
2026-09-04,2026-09-04,CM,NSE,STK,3506,INE280A01028,TITAN,EQ,,,,,TITAN COMPANY LIMITED,5010.00,5022.00,4980.00,5020.00,5020.00,5027.00,,5019.98,,,310845,1554778536.00,34506,F1,1,,,,,
2026-09-04,2026-09-04,CM,NSE,STK,3837,INE932C01012,TOKYOPLAST,EQ,,,,,TOKYO PLAST INTL LTD,75.14,77.68,75.14,76.51,77.00,77.79,,76.51,,,1924,145704.62,33,F1,1,,,,,
2026-09-04,2026-09-04,CM,NSE,STK,25262,INE0RWQ01014,TOLINS,EQ,,,,,TOLINS TYRES LIMITED,91.70,93.50,90.16,91.98,92.00,91.94,,91.98,,,44505,4083022.40,817,F1,1,,,,,
2026-09-04,2026-09-04,CM,NSE,STK,3518,INE685A01028,TORNTPHARM,EQ,,,,,TORRENT PHARMACEUTICALS L,4930.00,4941.00,4823.00,4857.00,4857.00,4905.50,,4856.92,,,322787,1568119322.00,27675,F1,1,,,,,
2026-09-04,2026-09-04,CM,NSE,STK,13786,INE813H01021,TORNTPOWER,EQ,,,,,TORRENT POWER LTD,1289.90,1308.00,1260.20,1299.10,1302.00,1289.30,,1299.00,,,398524,513745258.50,29173,F1,1,,,,,
2026-09-04,2026-09-04,CM,NSE,STK,22423,INE336X01012,TOTAL,EQ,,,,,TOTAL TRANSPORT SYS LTD,69.61,74.80,69.10,70.88,71.45,70.31,,70.88,,,4743,334498.80,116,F1,1,,,,,
2026-09-04,2026-09-04,CM,NSE,STK,16908,INE486Y01013,TOUCHWOOD,EQ,,,,,TOUCHWOOD ENTERTAIN LTD.,58.61,62.86,57.60,62.81,62.86,59.20,,62.81,,,1237,74666.25,54,F1,1,,,,,
2026-09-04,2026-09-04,CM,NSE,STK,3466,INE305A01023,TFCILTD,EQ,,,,,TOURISM FINANCE CORP. OF,147.19,147.39,142.40,143.26,143.16,146.71,,143.26,,,8211306,1185422062.43,17636,F1,1,,,,,
2026-09-04,2026-09-04,CM,NSE,STK,765195,INE457P01020,TOYAMSL,EQ,,,,,TOYAM SPORTS LTD.,0.62,0.62,0.60,0.61,0.62,0.61,,0.62,,,129950,79902.35,151,F1,1,,,,,
2026-09-04,2026-09-04,CM,NSE,STK,9219,INE413G01022,TPLPLASTEH,EQ,,,,,TPL PLASTECH LIMITED,72.53,73.39,70.81,71.74,72.00,72.53,,71.74,,,117553,8480091.39,1088,F1,1,,,,,
2026-09-04,2026-09-04,CM,NSE,STK,11582,INE0HMF01019,TRACXN,EQ,,,,,TRACXN TECHNOLOGIES LTD,30.08,30.12,29.80,29.96,29.88,29.94,,29.96,,,191760,5752336.36,543,F1,1,,,,,
2026-09-04,2026-09-04,CM,NSE,STK,15174,INE763I01026,TARIL,EQ,,,,,TRANS & RECTI. LTD,301.15,305.30,300.00,300.95,302.00,300.60,,300.93,,,752285,227208315.45,15735,F1,1,,,,,
2026-09-04,2026-09-04,CM,NSE,STK,765200,INE330E01023,TRANSCOR,EQ,,,,,TRANSCORP INTERNATIONAL L,24.90,25.60,24.47,25.49,25.49,24.97,,25.49,,,2509,63206.05,28,F1,1,,,,,
2026-09-04,2026-09-04,CM,NSE,STK,17795,INE0O3901029,TREL,EQ,,,,,TRANSINDIA REAL ESTATE L,26.94,27.69,26.80,27.44,27.48,26.94,,27.44,,,215792,5880682.37,3571,F1,1,,,,,
2026-09-04,2026-09-04,CM,NSE,STK,7669,INE687A01016,TRANSPEK,BE,,,,,TRANSPEK INDUSTRIES LTD,1459.50,1459.50,1370.00,1446.50,1459.50,1390.00,,1445.17,,,13477,19505737.90,336,F1,1,,,,,
2026-09-04,2026-09-04,CM,NSE,STK,10580,INE688A01022,TCI,EQ,,,,,TRANSPORT CORPN OF INDIA,874.80,888.25,864.00,868.20,868.00,870.90,,868.22,,,18074,15713156.90,2514,F1,1,,,,,
2026-09-04,2026-09-04,CM,NSE,STK,28714,INE454P01035,TRANSRAILL,EQ,,,,,TRANSRAIL LIGHTING LTD,428.05,434.70,428.05,429.30,432.00,427.45,,429.31,,,313125,134900903.95,9964,F1,1,,,,,
2026-09-04,2026-09-04,CM,NSE,STK,19801,INE0NVI01020,TRANSTEEL,SM,,,,,TRANSTEEL SEATING TECH L,77.00,77.50,75.45,75.90,75.50,76.70,,75.90,,,56000,4277250.00,40,F1,1000,,,,,
2026-09-04,2026-09-04,CM,NSE,STK,14319,INE804H01012,TFL,EQ,,,,,TRANSWARRANTY FIN. LTD.,12.56,12.74,12.26,12.36,12.40,12.56,,12.36,,,23861,296263.94,50,F1,1,,,,,
2026-09-04,2026-09-04,CM,NSE,STK,8619,INE757B01015,TRANSWORLD,BE,,,,,TRANSWORLD SHIP LINES LTD,169.00,172.38,169.00,171.00,171.00,169.00,,171.00,,,5598,954756.96,45,F1,1,,,,,
2026-09-04,2026-09-04,CM,NSE,STK,757545,INE103V01028,TRAVELFOOD,EQ,,,,,TRAVEL FOOD SERVICES LTD,1278.40,1304.50,1270.00,1296.30,1300.00,1278.40,,1296.15,,,61349,78638598.00,4028,F1,1,,,,,
2026-09-04,2026-09-04,CM,NSE,STK,25082,INE040M01013,TREEHOUSE,EQ,,,,,TREE HOUSE EDU LTD,6.42,6.44,5.73,6.29,6.35,6.22,,6.29,,,26470,161401.20,171,F1,1,,,,,
2026-09-04,2026-09-04,CM,NSE,STK,7518,INE00CA01015,TREJHARA,EQ,,,,,TREJHARA SOLUTIONS LTD,148.83,154.65,146.50,152.01,153.45,145.99,,151.96,,,18766,2816320.74,400,F1,1,,,,,
2026-09-04,2026-09-04,CM,NSE,STK,1964,INE849A01020,TRENT,EQ,,,,,TRENT LTD,2849.00,2879.00,2833.20,2853.00,2853.00,2815.60,,2852.94,,,577393,1651637843.70,49772,F1,1,,,,,
2026-09-04,2026-09-04,CM,NSE,STK,17987,INE391D01019,TRF,EQ,,,,,TRF LIMITED,231.90,232.00,229.13,231.59,231.64,230.03,,231.53,,,4712,1085177.47,235,F1,1,,,,,
2026-09-04,2026-09-04,CM,NSE,STK,27037,INE760L01018,TBZ,EQ,,,,,TRIB BHIMJI ZAVERI LTD,456.00,480.85,456.00,480.85,480.85,437.15,,480.31,,,3486401,1646736158.60,34113,F1,1,,,,,
2026-09-04,2026-09-04,CM,NSE,STK,9685,INE064C01022,TRIDENT,EQ,,,,,TRIDENT LIMITED,24.03,24.59,23.97,24.16,24.20,23.99,,24.16,,,3292066,79632904.88,10401,F1,1,,,,,
2026-09-04,2026-09-04,CM,NSE,STK,21078,INE0QD201012,TECHLABS,SM,,,,,TRIDENT TECHLABS LIMITED,121.00,121.00,114.00,115.20,116.75,118.30,,115.20,,,15125,1773150.00,78,F1,125,,,,,
2026-09-04,2026-09-04,CM,NSE,STK,5428,INE948A01012,TRIGYN,EQ,,,,,TRIGYN TECHNOLOGIES LTD,59.89,60.40,57.66,58.97,59.47,59.60,,58.97,,,99874,5859383.93,2412,F1,1,,,,,
2026-09-04,2026-09-04,CM,NSE,STK,764960,INE440G01017,TRITONV,EQ,,,,,TRITON VALVES LTD.,1100.00,1150.00,1100.00,1136.10,1140.00,1115.50,,1136.41,,,2321,2632040.00,280,F1,1,,,,,
2026-09-04,2026-09-04,CM,NSE,STK,13081,INE256C01024,TRIVENI,EQ,,,,,TRIVENI ENGG. & INDS. LTD,281.90,281.90,274.50,275.65,276.00,280.50,,275.66,,,472150,130708659.30,9430,F1,1,,,,,
2026-09-04,2026-09-04,CM,NSE,STK,25584,INE152M01016,TRITURBINE,EQ,,,,,TRIVENI TURBINE LIMITED,573.90,582.65,571.35,577.30,578.00,571.70,,577.31,,,254725,147006536.55,42114,F1,1,,,,,
2026-09-04,2026-09-04,CM,NSE,STK,24642,INE0SYV01018,TROM,SM,,,,,TROM INDUSTRIES LIMITED,60.35,60.55,59.50,59.50,59.50,60.35,,59.50,,,9000,540090.00,12,F1,600,,,,,
2026-09-04,2026-09-04,CM,NSE,STK,759210,INE0MWH01014,TRUALT,EQ,,,,,TRUALT BIOENERGY LIMITED,426.40,430.95,420.40,425.25,425.20,426.40,,425.23,,,121440,51720720.95,4284,F1,1,,,,,
2026-09-04,2026-09-04,CM,NSE,STK,9378,INE615R01029,TRU,EQ,,,,,TRUCAP FINANCE LIMITED,4.05,4.13,4.00,4.05,4.02,4.08,,4.05,,,93025,377758.66,183,F1,1,,,,,
2026-09-04,2026-09-04,CM,NSE,STK,23417,INE0SWN01019,TRUST,SM,,,,,TRUST FINTECH LIMITED,30.95,31.00,29.50,30.00,30.00,31.40,,30.00,,,19200,578370.00,23,F1,600,,,,,
2026-09-04,2026-09-04,CM,NSE,STK,757861,INE16VK01010,TSC,ST,,,,,TSC INDIA LIMITED,43.05,43.05,43.00,43.05,43.05,41.00,,43.05,,,42000,1807200.00,14,F1,2000,,,,,
2026-09-04,2026-09-04,CM,NSE,STK,2183,INE202Z01029,TSFINV,EQ,,,,,TSF INVESTMENTS LIMITED,406.30,415.00,402.05,404.70,407.40,406.05,,404.70,,,57607,23455434.40,2499,F1,1,,,,,
2026-09-04,2026-09-04,CM,NSE,STK,11369,INE910C01018,TTKHLTCARE,EQ,,,,,TTK HEALTHCARE LIMITED,1107.00,1123.20,1086.10,1100.20,1100.00,1103.20,,1100.20,,,19761,21702400.70,2255,F1,1,,,,,
2026-09-04,2026-09-04,CM,NSE,STK,3546,INE690A01028,TTKPRESTIG,EQ,,,,,TTK PRESTIGE LTD,582.05,586.65,560.30,562.75,563.50,583.95,,562.75,,,90200,51336550.40,6382,F1,1,,,,,
2026-09-04,2026-09-04,CM,NSE,STK,312,INE974X01010,TIINDIA,EQ,,,,,TUBE INVEST OF INDIA LTD,2727.00,2727.00,2685.00,2698.00,2698.00,2735.40,,2698.00,,,173117,467051982.30,18353,F1,1,,,,,
2026-09-04,2026-09-04,CM,NSE,STK,24520,INE0OXV01027,TUNWAL,SM,,,,,TUNWAL E-MOTORS LIMITED,25.35,25.55,25.00,25.10,25.05,25.25,,25.10,,,68000,1717500.00,30,F1,2000,,,,,
2026-09-04,2026-09-04,CM,NSE,STK,756090,INE0OC301013,TURTLEMINT,EQ,,,,,TURTLEMINT FINTECH SOLS L,145.45,146.04,142.66,144.08,144.00,144.29,,144.07,,,385856,55652671.50,9478,F1,1,,,,,
2026-09-04,2026-09-04,CM,NSE,STK,765205,INE400A01014,TUTIALKA,EQ,,,,,TUTICORIN ALKAL CH & FE L,62.35,62.90,59.05,60.36,60.25,61.00,,60.36,,,28654,1731581.98,203,F1,1,,,,,
2026-09-04,2026-09-04,CM,NSE,STK,11275,INE038F01029,TVTODAY,EQ,,,,,TV TODAY NETWORK LTD,112.75,112.75,110.09,110.95,110.75,111.14,,110.95,,,34674,3842538.59,260,F1,1,,,,,
2026-09-04,2026-09-04,CM,NSE,STK,18508,INE871L01013,TVVISION,BE,,,,,TV VISION LIMITED,3.45,3.56,3.23,3.38,3.38,3.40,,3.38,,,52947,174966.71,95,F1,1,,,,,
2026-09-04,2026-09-04,CM,NSE,STK,11265,INE236G01019,TVSELECT,EQ,,,,,TVS ELECTRONICS LTD,422.35,426.00,416.10,420.85,423.00,421.30,,420.93,,,16780,7073108.95,973,F1,1,,,,,
2026-09-04,2026-09-04,CM,NSE,STK,29008,INE105A01035,TVSHLTD,EQ,,,,,TVS HOLDINGS LIMITED,13140.00,13499.00,13140.00,13374.00,13395.00,13156.00,,13374.21,,,7881,105422727.00,2516,F1,1,,,,,
2026-09-04,2026-09-04,CM,NSE,STK,8479,INE494B01023,TVSMOTOR,EQ,,,,,TVS MOTOR COMPANY  LTD,4181.20,4200.00,4127.80,4133.10,4133.10,4200.00,,4133.13,,,424571,1763494759.40,38869,F1,1,,,,,
2026-09-04,2026-09-04,CM,NSE,STK,14245,INE421C01016,TVSSRICHAK,EQ,,,,,TVS SRICHAKRA LIMITED,5330.00,5404.50,5220.00,5237.50,5220.00,5249.00,,5237.43,,,12133,64335300.00,2823,F1,1,,,,,
2026-09-04,2026-09-04,CM,NSE,STK,18151,INE395N01027,TVSSCS,EQ,,,,,TVS SUPPLY CHAIN SOL L,129.60,132.53,126.96,130.41,130.60,129.53,,130.41,,,926210,120313116.54,12531,F1,1,,,,,
2026-09-04,2026-09-04,CM,NSE,STK,19503,INE388G01026,TICL,BE,,,,,TWAMEV CONS AND INFRA LTD,8.19,8.40,8.08,8.12,8.17,8.08,,8.14,,,51861,425009.81,144,F1,1,,,,,
2026-09-04,2026-09-04,CM,NSE,STK,25629,INE152C01025,UYFINCORP,BE,,,,,U. Y. FINCORP LIMITED,20.02,20.70,19.62,19.73,19.71,19.93,,19.73,,,122444,2439259.48,301,F1,1,,,,,
2026-09-04,2026-09-04,CM,NSE,STK,7739,INE139B01016,UCAL,BE,,,,,UCAL LIMITED,151.00,151.00,145.00,146.02,147.45,148.08,,146.02,,,10841,1591745.09,101,F1,1,,,,,
2026-09-04,2026-09-04,CM,NSE,STK,756004,INE583D07596,1050UCL28,NH,,,,,UCL 10.50% SR V,1015.00,1015.00,1015.00,1015.00,1015.00,1010.05,,1015.00,,,309,313635.00,3,F1,1,,,,,
2026-09-04,2026-09-04,CM,NSE,STK,11223,INE691A01018,UCOBANK,EQ,,,,,UCO BANK,24.65,25.02,24.55,24.78,24.80,24.64,,24.78,,,5993994,148780671.46,13828,F1,1,,,,,
2026-09-04,2026-09-04,CM,NSE,STK,764965,INE551B01012,UDAYJEW,EQ,,,,,UDAY JEWELLERY INDS. LTD.,143.00,143.20,136.70,143.00,143.00,138.14,,141.92,,,3159,448973.81,110,F1,1,,,,,
2026-09-04,2026-09-04,CM,NSE,STK,14871,INE0N0Y01013,USK,EQ,,,,,UDAYSHIVAKUMAR INFRA LTD,21.24,21.24,20.40,20.99,21.09,20.61,,20.99,,,17245,359447.24,147,F1,1,,,,,
2026-09-04,2026-09-04,CM,NSE,STK,1053,INE516A01017,UFLEX,EQ,,,,,UFLEX LIMITED,683.30,691.45,671.40,675.60,677.00,686.70,,675.60,,,168967,114760597.35,5807,F1,1,,,,,
2026-09-04,2026-09-04,CM,NSE,STK,9039,INE527H01019,UFO,EQ,,,,,UFO MOVIEZ INDIA LTD.,66.40,66.40,64.25,65.09,65.02,65.44,,65.09,,,42873,2801373.10,398,F1,1,,,,,
2026-09-04,2026-09-04,CM,NSE,STK,5313,INE583D01011,UGROCAP,EQ,,,,,UGRO CAPITAL LIMITED,85.10,87.25,84.67,86.35,86.00,84.89,,86.35,,,574138,49800162.51,2153,F1,1,,,,,
2026-09-04,2026-09-04,CM,NSE,STK,23507,INE899L01030,UEL,EQ,,,,,UJAAS ENERGY LIMITED,236.99,241.60,234.20,241.60,241.60,230.10,,243.03,,,18811,4510893.79,301,F1,1,,,,,
2026-09-04,2026-09-04,CM,NSE,STK,15228,INE551W01018,UJJIVANSFB,EQ,,,,,UJJIVAN SMALL FINANC BANK,62.99,64.88,62.90,64.43,64.51,62.99,,64.43,,,12168369,781074431.77,53653,F1,1,,,,,
2026-09-04,2026-09-04,CM,NSE,STK,762961,INE405A01021,ULTRAMAR,EQ,,,,,ULTRAMARINE & PIGMENTS L,441.95,446.50,434.70,437.15,439.25,435.15,,437.12,,,84008,37104764.95,3580,F1,1,,,,,
2026-09-04,2026-09-04,CM,NSE,STK,11532,INE481G01011,ULTRACEMCO,EQ,,,,,ULTRATECH CEMENT LIMITED,11357.00,11434.00,11292.00,11408.00,11408.00,11275.00,,11407.27,,,280870,3186985067.00,34646,F1,1,,,,,
2026-09-04,2026-09-04,CM,NSE,STK,13349,INE067901012,UMA,SM,,,,,UMA CONVERTER LIMITED,17.30,18.00,17.30,18.00,18.00,17.55,,18.00,,,8000,141200.00,2,F1,4000,,,,,
2026-09-04,2026-09-04,CM,NSE,STK,8845,INE0GIU01018,UMAEXPORTS,BE,,,,,UMA EXPORTS LIMITED,23.97,23.97,23.97,23.97,23.97,24.45,,24.21,,,8944,214387.68,34,F1,1,,,,,
2026-09-04,2026-09-04,CM,NSE,STK,8998,INE398B01018,UMIYA-MRO,EQ,,,,,UMIYA BUILDCON LIMITED,98.70,105.90,98.70,104.42,103.90,96.84,,104.54,,,137662,14254903.24,1798,F1,1,,,,,
2026-09-04,2026-09-04,CM,NSE,STK,16894,INE033L08270,TCHF30,NB,,,,,UN SE RE NCD 8.55% SR.VI,1090.00,1090.00,1090.00,1090.00,1090.00,1090.00,,1090.00,,,10,10900.00,1,F1,1,,,,,
2026-09-04,2026-09-04,CM,NSE,STK,3579,INE351A01035,UNICHEMLAB,EQ,,,,,UNICHEM LABORATORIES LTD,551.95,557.90,546.55,550.20,549.00,547.95,,550.20,,,56415,31160372.15,2615,F1,1,,,,,
2026-09-04,2026-09-04,CM,NSE,STK,24809,INE00U401027,UNIECOM,EQ,,,,,UNICOMMERCE ESOLUTIONS L,86.85,88.00,84.10,87.62,87.34,85.93,,87.62,,,273184,23714542.91,2434,F1,1,,,,,
2026-09-04,2026-09-04,CM,NSE,STK,18582,INE0PRF01011,UNIHEALTH,SM,,,,,UNIHEALTH HOSPITALS LTD,719.95,725.00,700.00,724.00,725.00,719.95,,724.00,,,11500,8230150.00,18,F1,500,,,,,
2026-09-04,2026-09-04,CM,NSE,STK,7791,INE481Z01011,UNIINFO,EQ,,,,,UNIINFO TELECOM SERVI LTD,11.26,11.26,10.95,11.00,11.00,11.26,,11.00,,,1618,17810.81,18,F1,1,,,,,
2026-09-04,2026-09-04,CM,NSE,STK,25633,INE0B2801011,UNILEX,SM,,,,,UNILEX COLOURS AND CHEM L,28.25,28.25,27.75,27.75,27.75,27.45,,27.75,,,3200,89600.00,2,F1,1600,,,,,
2026-09-04,2026-09-04,CM,NSE,STK,28960,INE0U3I01011,UNIMECH,EQ,,,,,UNIMECH AEROSPACE N MFG L,1476.00,1517.00,1468.40,1502.70,1508.00,1465.30,,1502.93,,,179849,268932059.50,14610,F1,1,,,,,
2026-09-04,2026-09-04,CM,NSE,STK,10753,INE692A01016,UNIONBANK,EQ,,,,,UNION BANK OF INDIA,189.00,189.95,187.05,187.22,187.22,189.00,,187.22,,,7910433,1489578511.73,33032,F1,1,,,,,
2026-09-04,2026-09-04,CM,NSE,STK,29687,INF582M01KS4,UNIONGOLD,EQ,,,,,UNIONAMC - UNIONGOLD,153.10,153.10,150.15,150.20,150.15,149.60,,150.20,,,1581,238019.85,74,F1,1,,,,,
2026-09-04,2026-09-04,CM,NSE,STK,13057,INE244O01017,UNIPARTS,EQ,,,,,UNIPARTS INDIA LIMITED,895.40,899.90,850.00,874.05,880.00,899.90,,874.06,,,311978,272851627.70,18351,F1,1,,,,,
2026-09-04,2026-09-04,CM,NSE,STK,11293,INE037A01022,UNIENTER,EQ,,,,,UNIPHOS ENTERPRISES LTD,96.00,96.00,93.00,93.19,93.07,94.06,,93.13,,,6732,631623.98,130,F1,1,,,,,
2026-09-04,2026-09-04,CM,NSE,STK,3594,INE694A01020,UNITECH,EQ,,,,,UNITECH LTD,3.71,4.08,3.71,4.08,4.08,3.71,,4.08,,,14406516,57902067.46,3337,F1,1,,,,,
2026-09-04,2026-09-04,CM,NSE,STK,16713,INE686F01025,UBL,EQ,,,,,UNITED BREWERIES LTD,1299.00,1326.00,1277.00,1279.40,1279.00,1284.20,,1279.40,,,352868,455984062.80,27321,F1,1,,,,,
2026-09-04,2026-09-04,CM,NSE,STK,204,INE961D01019,UNIDT,BE,,,,,UNITED DRILLING TOOLS LTD,222.00,230.00,217.00,225.46,228.00,221.96,,225.12,,,31227,7072142.24,190,F1,1,,,,,
2026-09-04,2026-09-04,CM,NSE,STK,3133,INE382M01027,UFBL,BE,,,,,UNITED FOODBRANDS LIMITED,719.90,735.00,696.10,700.35,697.50,719.20,,700.40,,,76997,55613230.05,2318,F1,1,,,,,
2026-09-04,2026-09-04,CM,NSE,STK,25938,INE0SMR01011,UHTL,ST,,,,,UNITED HEAT TRANSFER LTD,158.40,158.40,158.40,158.40,158.40,155.30,,158.40,,,368000,58291200.00,56,F1,2000,,,,,
2026-09-04,2026-09-04,CM,NSE,STK,17999,INE458F01011,UNITEDTEA,EQ,,,,,UNITED NILGIRI TEA LTD,448.95,449.00,441.00,442.80,444.00,447.05,,442.80,,,7393,3277335.25,123,F1,1,,,,,
2026-09-04,2026-09-04,CM,NSE,STK,7560,INE368U01029,UNITEDPOLY,EQ,,,,,UNITED POLYFAB GUJ. LTD.,40.50,42.00,40.00,41.66,42.00,40.41,,41.66,,,210611,8730415.10,1047,F1,1,,,,,
2026-09-04,2026-09-04,CM,NSE,STK,10447,INE854D01024,UNITDSPR,EQ,,,,,UNITED SPIRITS LIMITED,1488.10,1489.90,1462.50,1471.70,1471.70,1488.90,,1471.72,,,357038,525520007.70,16830,F1,1,,,,,
2026-09-04,2026-09-04,CM,NSE,STK,18979,INE562X01013,UNIVASTU,BE,,,,,UNIVASTU INDIA LIMITED,170.10,173.84,163.10,168.34,167.00,168.40,,168.34,,,70087,11762234.26,592,F1,1,,,,,
2026-09-04,2026-09-04,CM,NSE,STK,3607,INE279A01012,UNIVCABLES,EQ,,,,,UNIVERSAL CABLES LTD,1631.00,1649.90,1540.00,1576.30,1576.00,1626.80,,1576.35,,,278353,439649790.30,23447,F1,1,,,,,
2026-09-04,2026-09-04,CM,NSE,STK,17661,INE03V001013,UNIVPHOTO,BE,,,,,UNIVERSUS IMAGINGS LTD,456.50,490.60,456.50,490.40,490.60,467.25,,491.47,,,2480,1205523.10,85,F1,1,,,,,
2026-09-04,2026-09-04,CM,NSE,STK,14154,INE405E01023,UNOMINDA,EQ,,,,,UNO MINDA LIMITED,1258.00,1260.30,1237.50,1249.70,1249.70,1269.00,,1249.73,,,574742,714220336.30,23640,F1,1,,,,,
2026-09-04,2026-09-04,CM,NSE,STK,18636,INE148I08256,915SCL26,NE,,,,,UNS RED NCD 9.15% SR.IX,1083.99,1083.99,1083.99,1083.99,1083.99,1083.99,,1082.25,,,106,114902.94,3,F1,1,,,,,
2026-09-04,2026-09-04,CM,NSE,STK,2883,INE530B08110,IIFLZC28,NG,,,,,UNSE RE NCD 0% SR.III,1659.70,1659.70,1659.70,1659.70,1659.70,1668.95,,1659.70,,,100,165970.00,3,F1,1,,,,,
2026-09-04,2026-09-04,CM,NSE,STK,2871,INE530B08094,10IIFL28A,NE,,,,,UNSE RE NCD 10% SR.I,1043.52,1047.94,1043.50,1046.98,1046.98,1042.46,,1046.98,,,770,805920.02,6,F1,1,,,,,
2026-09-04,2026-09-04,CM,NSE,STK,2877,INE530B08102,96IIFL28A,NF,,,,,UNSE RE NCD 9.6% SR.II,1004.00,1004.00,1002.80,1003.63,1003.40,1004.68,,1003.63,,,619,620793.96,12,F1,1,,,,,
2026-09-04,2026-09-04,CM,NSE,STK,5212,INE477L08147,10IIFL28,N4,,,,,UNSEC RE NCD 10% SR.I,1007.00,1009.75,1000.00,1000.00,1000.00,1009.99,,1004.50,,,807,809928.41,9,F1,1,,,,,
2026-09-04,2026-09-04,CM,NSE,STK,5214,INE477L08154,96IIFL28,N5,,,,,UNSEC RE NCD 9.60% SR.II,1004.00,1004.00,1000.04,1002.24,1002.01,1004.00,,1002.24,,,5282,5289975.43,83,F1,1,,,,,
2026-09-04,2026-09-04,CM,NSE,STK,19045,INE866I08279,10IIFL29,N6,,,,,UNSEC RED NCD 10.0% SR. V,1024.00,1024.00,1024.00,1024.00,1024.00,1020.00,,1027.00,,,20,20480.00,1,F1,1,,,,,
2026-09-04,2026-09-04,CM,NSE,STK,21229,INE306N08342,885TCAPS29,NC,,,,,UNSERENCD8.85%SRIVCIII&IV,1021.00,1021.00,1021.00,1021.00,1021.00,1040.00,,1021.00,,,1,1021.00,1,F1,1,,,,,
2026-09-04,2026-09-04,CM,NSE,STK,21225,INE306N08292,910TCAP28,NA,,,,,UNSERENCD9.1%SRIIICIII&IV,1107.00,1107.00,1107.00,1107.00,1107.00,1114.99,,1107.00,,,1,1107.00,1,F1,1,,,,,
2026-09-04,2026-09-04,CM,NSE,STK,19113,INE851I01011,UDS,EQ,,,,,UPDATER SERVICES LIMITED,240.00,240.30,231.60,239.03,238.35,236.61,,238.95,,,487592,115242109.14,9651,F1,1,,,,,
2026-09-04,2026-09-04,CM,NSE,STK,11287,INE628A01036,UPL,EQ,,,,,UPL LIMITED,581.05,589.40,579.45,582.15,582.15,585.35,,582.15,,,1730115,1011613942.30,29048,F1,1,,,,,
2026-09-04,2026-09-04,CM,NSE,STK,10610,INE0CBM01019,USASEEDS,SM,,,,,UPSURGE SEEDS OF AGRI LTD,85.00,92.40,84.40,92.40,92.40,88.80,,92.40,,,1284,112050.40,3,F1,428,,,,,
2026-09-04,2026-09-04,CM,NSE,STK,17081,INE568Z01015,URAVIDEF,BE,,,,,URAVI DEFENCE &TECH LTD,120.00,120.00,118.18,118.20,118.20,120.59,,120.55,,,2586,306081.66,36,F1,1,,,,,
2026-09-04,2026-09-04,CM,NSE,STK,759084,INE0CAZ01013,URBANCO,EQ,,,,,URBAN COMPANY LIMITED,177.80,183.97,176.27,181.09,182.00,177.46,,181.11,,,6940698,1244689535.65,47935,F1,1,,,,,
2026-09-04,2026-09-04,CM,NSE,STK,16888,INE0O0201019,URBAN,SM,,,,,URBAN ENVIRO WASTE MGMT L,119.55,121.50,116.65,117.60,117.55,119.85,,117.60,,,43200,5088640.00,47,F1,800,,,,,
2026-09-04,2026-09-04,CM,NSE,STK,20203,INE550C01020,URJA,EQ,,,,,URJA GLOBAL LIMITED,9.06,9.69,9.04,9.18,9.19,9.15,,9.18,,,672065,6186504.63,1966,F1,1,,,,,
2026-09-04,2026-09-04,CM,NSE,STK,25952,INE0LS001014,USHAFIN,SM,,,,,USHA FINANCIAL SERVICES L,51.50,54.95,51.25,54.70,54.70,51.00,,54.70,,,57600,3058000.00,23,F1,1600,,,,,
2026-09-04,2026-09-04,CM,NSE,STK,19142,INE240C01028,UMESLTD,EQ,,,,,USHA MARTIN EDU & SOL LTD,5.40,5.40,4.80,5.09,5.10,5.00,,5.10,,,12835,65251.86,140,F1,1,,,,,
2026-09-04,2026-09-04,CM,NSE,STK,8840,INE228A01035,USHAMART,EQ,,,,,USHA MARTIN LTD.,518.00,529.30,511.10,514.15,512.00,515.65,,514.16,,,1631592,849128754.90,39970,F1,1,,,,,
2026-09-04,2026-09-04,CM,NSE,STK,527,INE094J01016,UTIAMC,EQ,,,,,UTI ASSET MNGMT CO LTD,880.35,885.00,877.60,880.55,880.00,880.40,,880.52,,,48517,42782692.05,3902,F1,1,,,,,
2026-09-04,2026-09-04,CM,NSE,STK,764180,INF789F1AG68,LIQUIDBETA,EQ,,,,,UTIAMC - LIQUIDBETA,1007.06,1007.06,1007.03,1007.04,1007.04,1006.70,,1007.04,,,100142,100845999.87,30,F1,1,,,,,
2026-09-04,2026-09-04,CM,NSE,STK,765431,INF789F1AG76,NIF500BETA,EQ,,,,,UTIAMC - NIF500BETA,38.30,38.30,37.39,37.54,37.55,37.45,,37.54,,,990,37404.14,18,F1,1,,,,,
2026-09-04,2026-09-04,CM,NSE,STK,22440,INF789F1AUV1,BANKBETA,EQ,,,,,UTIAMC-BANKBETA,59.58,59.71,59.41,59.57,59.58,59.58,,59.57,,,65905,3925519.52,440,F1,1,,,,,
2026-09-04,2026-09-04,CM,NSE,STK,22524,INF789F1AZF3,GILT10BETA,EQ,,,,,UTIAMC-GILT10BETA,26.68,26.75,26.22,26.58,26.67,26.68,,26.58,,,1210,32296.03,18,F1,1,,,,,
2026-09-04,2026-09-04,CM,NSE,STK,22521,INF789F1AZE6,GILT5BETA,EQ,,,,,UTIAMC-GILT5BETA,66.49,67.06,66.49,66.94,66.94,66.49,,66.92,,,18441,1234083.55,20,F1,1,,,,,
2026-09-04,2026-09-04,CM,NSE,STK,22488,INF789F1AZD8,ITBETA,EQ,,,,,UTIAMC-ITBETA,326.08,326.17,322.50,322.95,322.50,324.46,,322.95,,,84,27196.92,12,F1,1,,,,,
2026-09-04,2026-09-04,CM,NSE,STK,18347,INF789F1AYX9,MIDCAPBETA,EQ,,,,,UTIAMC-MIDCAPBETA,234.77,235.82,232.07,233.21,235.73,234.77,,233.21,,,767,179832.03,33,F1,1,,,,,
2026-09-04,2026-09-04,CM,NSE,STK,21478,INF789F1AUW9,NEXT50BETA,EQ,,,,,UTIAMC-NEXT50BETA,78.90,79.58,78.81,79.05,78.93,78.93,,79.05,,,686812,54344460.99,1565,F1,1,,,,,
2026-09-04,2026-09-04,CM,NSE,STK,10511,INF789F1AZC0,NIFTYBETA,EQ,,,,,UTIAMC-NIFTYBETA,267.57,267.57,265.15,265.73,265.55,264.92,,265.73,,,8750,2327085.59,314,F1,1,,,,,
2026-09-04,2026-09-04,CM,NSE,STK,10515,INF789FB1X58,SENSEXBETA,EQ,,,,,UTIAMC-SENSEXBETA,866.26,866.26,848.52,850.89,851.80,849.27,,850.89,,,4022,3417382.57,78,F1,1,,,,,
2026-09-04,2026-09-04,CM,NSE,STK,15085,INF789F1AYK6,SILVERBETA,EQ,,,,,UTIAMC-SILVERBETA,223.12,225.86,223.12,224.83,224.93,221.96,,224.83,,,288687,64896810.10,2092,F1,1,,,,,
2026-09-04,2026-09-04,CM,NSE,STK,9168,INF789F1AUU3,SNXT50BETA,EQ,,,,,UTIAMC-SNXT50BETA,96.31,96.58,94.50,94.98,94.50,95.56,,94.68,,,727,69590.11,81,F1,1,,,,,
2026-09-04,2026-09-04,CM,NSE,STK,14535,INF789F1AUX7,GOLDBETA,EQ,,,,,UTIAMC-UTIGOLDBETA,129.05,130.30,129.05,129.50,129.60,128.50,,129.50,,,548417,71011240.85,2289,F1,1,,,,,
2026-09-04,2026-09-04,CM,NSE,STK,751580,INE1V1R01014,UTKAL,SM,,,,,UTKAL SPEC INDUS INDIA L,49.20,49.20,48.95,48.95,48.95,46.90,,48.95,,,4000,196300.00,2,F1,2000,,,,,
2026-09-04,2026-09-04,CM,NSE,STK,17358,INE735W01017,UTKARSHBNK,EQ,,,,,UTKARSH SMALL FIN BANK L,15.00,15.10,14.51,14.56,14.59,14.89,,14.56,,,5961768,88159940.97,5603,F1,1,,,,,
2026-09-04,2026-09-04,CM,NSE,STK,24729,INE06IJ01010,UTSSAV,ST,,,,,UTSSAV CZ GOLD JEWELS LTD,446.00,468.30,440.00,468.30,468.30,446.00,,468.30,,,24000,10931940.00,34,F1,600,,,,,
2026-09-04,2026-09-04,CM,NSE,STK,13376,INE786F01031,UTTAMSUGAR,EQ,,,,,UTTAM SUGAR MILLS LTD.,300.90,302.00,275.30,281.20,281.00,299.00,,281.19,,,383064,109430728.80,8840,F1,1,,,,,
2026-09-04,2026-09-04,CM,NSE,STK,3188,INE0GXK01018,VMARCIND,SM,,,,,V MARC INDIA LIMITED,347.95,347.95,313.85,320.10,319.90,348.70,,320.10,,,1140000,370329525.00,686,F1,1500,,,,,
2026-09-04,2026-09-04,CM,NSE,STK,765220,INE222F01029,VTMLTD,EQ,,,,,V T M LTD.,56.29,57.70,55.30,56.12,57.00,56.57,,56.43,,,3172,180189.41,65,F1,1,,,,,
2026-09-04,2026-09-04,CM,NSE,STK,15362,INE951I01027,VGUARD,EQ,,,,,V-GUARD IND LTD.,339.50,339.50,329.05,335.40,335.00,339.25,,335.40,,,751013,250167284.85,15035,F1,1,,,,,
2026-09-04,2026-09-04,CM,NSE,STK,24606,INE0QXL01015,VLINFRA,SM,,,,,V.L.INFRAPROJECTS LIMITED,27.45,27.80,27.40,27.80,27.80,26.50,,27.80,,,9000,248100.00,6,F1,1500,,,,,
2026-09-04,2026-09-04,CM,NSE,STK,14766,INE945H01021,V2RETAIL,EQ,,,,,V2 RETAIL LIMITED,219.94,219.94,211.31,216.50,216.20,219.00,,216.49,,,1628077,350239074.01,24592,F1,1,,,,,
2026-09-04,2026-09-04,CM,NSE,STK,20188,INE956G01038,WABAG,EQ,,,,,VA TECH WABAG LTD,2017.00,2031.20,1996.00,2005.30,2008.00,2011.10,,2005.30,,,193647,389142360.50,15725,F1,1,,,,,
2026-09-04,2026-09-04,CM,NSE,STK,764975,INE693D01018,VADILENT,EQ,,,,,VADILAL ENTERPRISES LTD.,10489.00,10489.00,9600.00,10045.00,10329.00,10495.00,,10157.29,,,35,356062.00,32,F1,1,,,,,
2026-09-04,2026-09-04,CM,NSE,STK,24196,INE694D01016,VADILALIND,EQ,,,,,VADILAL INDUSTRIES LTD,7581.50,7690.00,7522.00,7655.00,7630.50,7615.00,,7655.04,,,7172,54563752.00,2271,F1,1,,,,,
2026-09-04,2026-09-04,CM,NSE,STK,20973,INE551Q01028,VSCL,SM,,,,,VADIVARHE SPCLTY CHEM LTD,21.00,21.00,20.90,20.90,20.90,21.95,,20.90,,,21000,439350.00,6,F1,3000,,,,,
2026-09-04,2026-09-04,CM,NSE,STK,11364,INE884A01027,VAIBHAVGBL,EQ,,,,,VAIBHAV GLOBAL LIMITED,215.30,224.49,215.30,218.74,219.01,215.30,,218.74,,,304029,67128816.14,8130,F1,1,,,,,
2026-09-04,2026-09-04,CM,NSE,STK,8262,INE0JR301013,MADHAVBAUG,ST,,,,,VAIDYA SANE AYUR LAB LTD,160.30,160.50,160.30,160.50,160.50,160.30,,160.50,,,1200,192440.00,2,F1,400,,,,,
2026-09-04,2026-09-04,CM,NSE,STK,16589,INE972X01022,VAISHALI,EQ,,,,,VAISHALI PHARMA LIMITED,8.44,8.54,8.16,8.32,8.40,8.36,,8.32,,,68892,575735.72,232,F1,1,,,,,
2026-09-04,2026-09-04,CM,NSE,STK,13342,INE051B01021,VAKRANGEE,EQ,,,,,VAKRANGEE LIMITED,5.80,5.89,5.70,5.79,5.81,5.80,,5.79,,,1296846,7485470.56,1962,F1,1,,,,,
2026-09-04,2026-09-04,CM,NSE,STK,19220,INE0JWS01017,VALIANTLAB,BE,,,,,VALIANT LABORATORIES LTD,105.97,105.97,105.00,105.97,105.97,100.93,,105.97,,,71202,7544863.98,257,F1,1,,,,,
2026-09-04,2026-09-04,CM,NSE,STK,334,INE565V01010,VALIANTORG,BE,,,,,VALIANT ORGANICS LIMITED,321.60,330.00,317.00,320.25,319.10,316.15,,320.68,,,45087,14643011.05,769,F1,1,,,,,
2026-09-04,2026-09-04,CM,NSE,STK,18124,INE879I01012,DBREALTY,EQ,,,,,VALOR ESTATE LIMITED,103.40,105.00,101.00,102.57,102.89,103.05,,102.57,,,1439328,148040041.31,7889,F1,1,,,,,
2026-09-04,2026-09-04,CM,NSE,STK,763304,INE1E7Y01018,VALUE360,SM,,,,,VALUE 360 COMMUNICATION L,69.00,74.30,69.00,74.00,74.00,74.90,,74.00,,,6000,432360.00,5,F1,1200,,,,,
2026-09-04,2026-09-04,CM,NSE,STK,13403,INE116G01013,VARDHACRLC,BE,,,,,VARDHAMAN ACRYLICS LTD,43.48,44.30,43.00,43.59,43.95,43.27,,43.59,,,13445,588088.27,145,F1,1,,,,,
2026-09-04,2026-09-04,CM,NSE,STK,11892,INE701A01023,VHL,EQ,,,,,VARDHMAN HOLDINGS LIMITED,3590.00,3696.00,3590.00,3626.40,3637.00,3607.10,,3627.95,,,779,2830533.20,149,F1,1,,,,,
2026-09-04,2026-09-04,CM,NSE,STK,3646,INE835A01029,VARDMNPOLY,EQ,,,,,VARDHMAN POLYTEX LTD.,6.10,6.10,5.85,5.87,5.85,5.94,,5.87,,,118267,699020.62,310,F1,1,,,,,
2026-09-04,2026-09-04,CM,NSE,STK,27067,INE050M01012,VSSL,EQ,,,,,VARDHMAN SPC STEEL LTD,365.10,369.20,353.30,364.15,363.90,363.95,,364.14,,,140547,50694198.65,4110,F1,1,,,,,
2026-09-04,2026-09-04,CM,NSE,STK,2073,INE825A01020,VTL,EQ,,,,,VARDHMAN TEXTILES LIMITED,592.00,604.10,586.70,598.20,594.00,588.65,,598.14,,,284973,169592098.95,11338,F1,1,,,,,
2026-09-04,2026-09-04,CM,NSE,STK,3857,INE665L01035,VARROC,EQ,,,,,VARROC ENGINEERING LTD.,842.00,843.40,808.05,826.35,827.50,839.15,,826.32,,,282257,231597369.65,14447,F1,1,,,,,
2026-09-04,2026-09-04,CM,NSE,STK,18921,INE200M01039,VBL,EQ,,,,,VARUN BEVERAGES LIMITED,407.55,412.65,406.10,407.60,407.60,407.15,,407.83,,,4144842,1693655647.95,42531,F1,1,,,,,
2026-09-04,2026-09-04,CM,NSE,STK,13771,INE273D01027,VGL,EQ,,,,,VARVEE GLOBAL LIMITED,57.00,58.95,51.35,53.31,52.50,56.56,,53.31,,,123080,6632028.29,651,F1,1,,,,,
2026-09-04,2026-09-04,CM,NSE,STK,16454,INE0N5801013,DENTALKART,SM,,,,,VASA DENTICITY LIMITED,402.00,412.00,402.00,412.00,412.00,400.00,,412.00,,,4250,1744075.00,17,F1,250,,,,,
2026-09-04,2026-09-04,CM,NSE,STK,18110,INE893I01013,VASCONEQ,EQ,,,,,VASCON ENGINEERS LTD,30.13,30.85,29.82,30.47,30.63,30.05,,30.47,,,205749,6234668.17,1192,F1,1,,,,,
2026-09-04,2026-09-04,CM,NSE,STK,25340,INE590L01019,VASWANI,EQ,,,,,VASWANI IND LTD,48.80,48.80,46.26,47.01,46.26,46.52,,47.01,,,17934,845598.69,197,F1,1,,,,,
2026-09-04,2026-09-04,CM,NSE,STK,9027,INE098201036,VCL,BE,,,,,VAXTEX COTFAB LIMITED,1.58,1.58,1.58,1.58,1.58,1.66,,1.58,,,461927,729844.66,170,F1,1,,,,,
2026-09-04,2026-09-04,CM,NSE,STK,757413,INE04HY07294,1025VCCL28,N0,,,,,VCCL 10.25% 2028,95000.00,96000.00,95000.00,96000.00,96000.00,94000.00,,96000.00,,,15,1431000.00,3,F1,1,,,,,
2026-09-04,2026-09-04,CM,NSE,STK,761599,INE04HY07393,115VCCL31,N0,,,,,VCCL 11.5% 2031,99000.00,99000.00,99000.00,99000.00,99000.00,97500.00,,99000.00,,,1,99000.00,1,F1,1,,,,,
2026-09-04,2026-09-04,CM,NSE,STK,756916,INE04HY07229,12VCCL29B,N0,,,,,VCCL 12% 2029,98000.00,98000.00,98000.00,98000.00,98000.00,95910.00,,98000.00,,,10,980000.00,1,F1,1,,,,,
2026-09-04,2026-09-04,CM,NSE,STK,760558,INE04HY08011,125VCCL31,N0,,,,,VCCL 12.5% 2031,97300.00,97300.00,97199.00,97199.00,97199.00,97499.00,,97199.00,,,4,388998.00,4,F1,1,,,,,
2026-09-04,2026-09-04,CM,NSE,STK,25054,INE0U2M01015,VDEAL,SM,,,,,VDEAL SYSTEM LIMITED,158.60,164.00,157.00,157.00,157.00,160.00,,157.00,,,2400,381960.00,4,F1,600,,,,,
2026-09-04,2026-09-04,CM,NSE,STK,8167,INE825V01034,MANYAVAR,EQ,,,,,VEDANT FASHIONS LIMITED,567.90,604.00,563.00,594.20,597.00,568.20,,594.20,,,775723,456761488.00,30614,F1,1,,,,,
2026-09-04,2026-09-04,CM,NSE,STK,750174,INE1CDF01017,VAML,EQ,,,,,VEDANTA ALUMINIUM METAL L,437.40,439.90,429.40,437.75,439.00,435.85,,437.75,,,6641767,2885501797.20,74214,F1,1,,,,,
2026-09-04,2026-09-04,CM,NSE,STK,750290,INE1CLE01013,VISL,EQ,,,,,VEDANTA IRON AND STEEL L,36.25,36.44,34.76,35.39,35.76,36.07,,35.39,,,28223582,1003253665.85,49071,F1,1,,,,,
2026-09-04,2026-09-04,CM,NSE,STK,3063,INE205A01025,VEDL,EQ,,,,,VEDANTA LIMITED,272.00,274.50,268.85,272.10,272.10,270.50,,272.10,,,5992724,1627710407.35,52698,F1,1,,,,,
2026-09-04,2026-09-04,CM,NSE,STK,750368,INE704J01044,VOGL,EQ,,,,,VEDANTA OIL AND GAS LTD,37.74,38.74,37.15,38.02,38.11,37.54,,38.02,,,30917507,1175867730.04,46929,F1,1,,,,,
2026-09-04,2026-09-04,CM,NSE,STK,750518,INE694L01019,VEDPOWER,EQ,,,,,VEDANTA POWER LIMITED,34.37,34.59,34.13,34.20,34.21,34.29,,34.20,,,12242508,419844318.24,35209,F1,1,,,,,
2026-09-04,2026-09-04,CM,NSE,STK,764980,INE359B01010,VEDAVAAG,EQ,,,,,VEDAVAAG SYSTEMS LTD.,18.30,18.44,18.05,18.17,18.30,18.14,,18.16,,,17174,313266.74,80,F1,1,,,,,
2026-09-04,2026-09-04,CM,NSE,STK,14019,INE484C01030,VEEDOL,EQ,,,,,VEEDOL CORPORATION LTD,1464.90,1486.00,1464.90,1476.80,1472.70,1462.80,,1476.73,,,4888,7201332.60,1034,F1,1,,,,,
2026-09-04,2026-09-04,CM,NSE,STK,10710,INE0KTW01013,VEEKAYEM,SM,,,,,VEEKAYEM FASH & APP LTD,111.00,114.50,108.65,113.05,109.00,114.35,,113.05,,,7500,832275.00,15,F1,500,,,,,
2026-09-04,2026-09-04,CM,NSE,STK,762969,INE232E01013,VELJAN,BE,,,,,VELJAN DENISON LTD.,1848.00,1890.00,1802.10,1878.90,1890.00,1848.40,,1875.64,,,1181,2224348.80,79,F1,1,,,,,
2026-09-04,2026-09-04,CM,NSE,STK,3757,INE398A01010,VENKEYS,EQ,,,,,VENKY S (INDIA) LIMITED,1677.10,1683.90,1655.20,1659.60,1663.80,1677.10,,1659.60,,,25085,41792363.20,3287,F1,1,,,,,
2026-09-04,2026-09-04,CM,NSE,STK,28847,INE781S01027,VENTIVE,EQ,,,,,VENTIVE HOSPITALITY LTD,594.45,594.45,581.95,588.20,587.15,585.70,,588.21,,,16151,9467807.20,941,F1,1,,,,,
2026-09-04,2026-09-04,CM,NSE,STK,9592,INE0JA001018,VENUSPIPES,EQ,,,,,VENUS PIPES & TUBES LTD,1607.60,1645.00,1596.00,1631.00,1625.00,1594.80,,1631.02,,,91566,148761287.80,6869,F1,1,,,,,
2026-09-04,2026-09-04,CM,NSE,STK,13856,INE411B01019,VENUSREM,BE,,,,,VENUS REMEDIES LIMITED,1705.00,1778.80,1666.00,1694.40,1700.50,1701.90,,1694.11,,,30621,52310745.10,1377,F1,1,,,,,
2026-09-04,2026-09-04,CM,NSE,STK,8890,INE0IQ001011,VERANDA,EQ,,,,,VERANDA LEARNING SOL LTD,244.30,244.44,239.01,242.63,244.00,242.27,,242.62,,,139217,33608132.48,2225,F1,1,,,,,
2026-09-04,2026-09-04,CM,NSE,STK,23775,INE0SRI01019,VERITAAS,SM,,,,,VERITAAS ADVERTISING LTD,29.95,30.00,29.90,29.90,29.90,31.45,,29.90,,,8400,251460.00,6,F1,1200,,,,,
2026-09-04,2026-09-04,CM,NSE,STK,14491,INE0NLB01018,VERTEXPLUS,SM,,,,,VERTEXPLUS TECHNOLOGIES L,51.70,56.70,51.30,56.70,56.70,54.00,,56.70,,,3000,160800.00,5,F1,600,,,,,
2026-09-04,2026-09-04,CM,NSE,STK,10757,INE0KXY23015,VERTIS,IV,,,,,VERTIS INFRASTRUCTURE TST,115.05,115.05,115.05,115.05,115.05,115.00,,115.05,,,50000,5752500.00,2,F1,25000,,,,,
2026-09-04,2026-09-04,CM,NSE,STK,18863,INE188Y01031,VERTOZ,EQ,,,,,VERTOZ LIMITED,38.13,39.22,37.00,37.66,37.00,38.63,,37.66,,,51344,1955283.68,503,F1,1,,,,,
2026-09-04,2026-09-04,CM,NSE,STK,3676,INE386A01023,VESUVIUS,EQ,,,,,VESUVIUS INDIA LTD,420.00,423.60,418.35,419.15,419.50,420.00,,419.20,,,40711,17106837.35,2493,F1,1,,,,,
2026-09-04,2026-09-04,CM,NSE,STK,8660,INE918N01018,VETO,BE,,,,,VETO SWITCHGEAR CABLE LTD,127.97,129.25,123.10,125.50,126.37,127.97,,126.00,,,31452,3931402.17,123,F1,1,,,,,
2026-09-04,2026-09-04,CM,NSE,STK,22730,INE0QTF01015,VSTL,EQ,,,,,VIBHOR STEEL TUBES LTD,115.15,118.35,115.00,117.66,117.20,115.15,,117.68,,,22471,2628716.72,566,F1,1,,,,,
2026-09-04,2026-09-04,CM,NSE,STK,765252,INE761Q01015,VGCL,EQ,,,,,VIBRANT GLOBAL CAPITAL L,54.59,54.84,51.07,52.62,52.19,52.36,,52.65,,,7319,390144.38,149,F1,1,,,,,
2026-09-04,2026-09-04,CM,NSE,STK,23386,INE048C01025,VHLTD,BE,,,,,VICEROY HOTELS LIMITED,116.39,118.44,116.39,118.21,117.26,116.39,,118.20,,,25936,3052857.59,82,F1,1,,,,,
2026-09-04,2026-09-04,CM,NSE,STK,765517,INE048C20025,VHLTD-RE1,BE,,,,,VICEROY HOTELS LTD,0.49,0.49,0.49,0.49,0.49,0.35,,1.76,,,93359,45745.91,24,F1,1,,,,,
2026-09-04,2026-09-04,CM,NSE,STK,760691,INE0F8901022,VICTORYEV,SM,,,,,VICTORY ELEC VEHICL INT L,15.15,15.65,15.15,15.65,15.65,15.20,,15.65,,,12000,185400.00,4,F1,3000,,,,,
2026-09-04,2026-09-04,CM,NSE,STK,13536,INE632C01026,VIDHIING,EQ,,,,,VIDHI SPCLTY F INGRDNTS L,345.00,350.50,342.20,347.75,347.15,342.80,,347.75,,,10251,3542497.10,471,F1,1,,,,,
2026-09-04,2026-09-04,CM,NSE,STK,760224,INE14UN01029,VIDYAWIRES,EQ,,,,,VIDYA WIRES LIMITED,89.99,90.51,88.53,90.13,89.90,89.45,,90.12,,,838636,75088739.03,8510,F1,1,,,,,
2026-09-04,2026-09-04,CM,NSE,STK,758908,INE1DM601016,VIGOR,ST,,,,,VIGOR PLAST INDIA LIMITED,101.30,105.00,101.30,102.50,102.50,101.30,,102.50,,,32000,3339680.00,20,F1,1600,,,,,
2026-09-04,2026-09-04,CM,NSE,STK,764985,INE362D01010,VIJSOLX,EQ,,,,,VIJAY SOLVEX LTD.,678.00,693.70,678.00,687.70,693.70,684.40,,687.70,,,222,152564.45,49,F1,1,,,,,
2026-09-04,2026-09-04,CM,NSE,STK,5585,INE043W01024,VIJAYA,EQ,,,,,VIJAYA DIAGNOSTIC CEN LTD,1511.00,1521.60,1490.00,1493.20,1490.00,1505.50,,1493.58,,,45618,68471204.90,9312,F1,1,,,,,
2026-09-04,2026-09-04,CM,NSE,STK,760121,INE0WL901019,VIJAYPD,SM,,,,,VIJAYPD CEUTICAL LIMITED,67.60,67.60,63.00,63.00,63.00,69.90,,63.00,,,54000,3444700.00,9,F1,2000,,,,,
2026-09-04,2026-09-04,CM,NSE,STK,17695,INE159N01027,VIJIFIN,BE,,,,,VIJI FINANCE LIMITED,16.58,16.58,16.58,16.58,16.58,16.26,,16.70,,,20326,337005.08,44,F1,1,,,,,
2026-09-04,2026-09-04,CM,NSE,STK,25756,INE806A01020,VIKASECO,EQ,,,,,VIKAS ECOTECH LIMITED,1.08,1.09,1.07,1.07,1.07,1.08,,1.07,,,1815757,1962919.23,1062,F1,1,,,,,
2026-09-04,2026-09-04,CM,NSE,STK,9931,INE161L01027,VIKASLIFE,EQ,,,,,VIKAS LIFECARE LIMITED,1.30,1.31,1.28,1.29,1.30,1.30,,1.29,,,1315249,1703268.10,8430,F1,1,,,,,
2026-09-04,2026-09-04,CM,NSE,STK,759453,INE078V01014,VIKRAMSOLR,EQ,,,,,VIKRAM SOLAR LIMITED,173.00,175.60,167.85,168.45,168.50,171.65,,168.45,,,3550735,608902886.21,29320,F1,1,,,,,
2026-09-04,2026-09-04,CM,NSE,STK,758973,INE01R501028,VIKRAN,EQ,,,,,VIKRAN ENGINEERING LTD,57.68,61.50,57.67,60.77,60.98,57.68,,60.76,,,1930821,115452290.56,8512,F1,1,,,,,
2026-09-04,2026-09-04,CM,NSE,STK,23909,INE0AZY01017,VILAS,SM,,,,,VILAS TRANSCORE LIMITED,356.10,360.00,350.00,353.70,352.10,356.10,,353.70,,,21750,7732750.00,68,F1,250,,,,,
2026-09-04,2026-09-04,CM,NSE,STK,16954,INE0L4V01013,VILINBIO,SM,,,,,VILIN BIO MED LIMITED,51.60,54.25,51.60,54.25,54.25,51.70,,54.25,,,68000,3671200.00,17,F1,4000,,,,,
2026-09-04,2026-09-04,CM,NSE,STK,13101,INE579C01029,VIMTALABS,EQ,,,,,VIMTA LABS LIMITED,655.45,657.00,631.05,635.65,639.50,652.25,,635.64,,,219490,141175175.35,11395,F1,1,,,,,
2026-09-04,2026-09-04,CM,NSE,STK,17364,INE410B01037,VINATIORGA,EQ,,,,,VINATI ORGANICS LTD,1328.00,1336.00,1309.00,1310.70,1309.00,1313.70,,1310.68,,,57413,76000566.30,9076,F1,1,,,,,
2026-09-04,2026-09-04,CM,NSE,STK,3694,INE707A01012,VINDHYATEL,EQ,,,,,VINDHYA TELELINKS LTD,2748.00,2814.00,2710.00,2732.70,2717.00,2736.20,,2732.72,,,82288,227986949.80,9683,F1,1,,,,,
2026-09-04,2026-09-04,CM,NSE,STK,3807,INE505Y01010,VINEETLAB,EQ,,,,,VINEET LABORATORIES LTD,37.70,38.29,36.82,37.37,37.35,37.50,,37.46,,,38381,1439291.78,280,F1,1,,,,,
2026-09-04,2026-09-04,CM,NSE,STK,763821,INE27V201011,VMOBILE,SM,,,,,VINIT MOBILE LIMITED,59.05,60.00,58.85,58.85,58.85,61.00,,58.85,,,4800,285760.00,6,F1,800,,,,,
2026-09-04,2026-09-04,CM,NSE,STK,12490,INE01KI01027,VINNY,EQ,,,,,VINNY OVERSEAS LIMITED,1.04,1.04,1.00,1.02,1.02,1.03,,1.02,,,236444,242333.76,172,F1,1,,,,,
2026-09-04,2026-09-04,CM,NSE,STK,17905,INE0OSJ01014,VINSYS,ST,,,,,VINSYS IT SERVICES IND LT,598.00,598.00,597.00,597.00,597.00,597.00,,597.00,,,750,448000.00,3,F1,250,,,,,
2026-09-04,2026-09-04,CM,NSE,STK,25835,INE498Q01014,VINCOFE,EQ,,,,,VINTAGE COFFEE N BVRGS L,176.80,177.66,168.18,170.65,171.10,176.48,,170.65,,,2286890,397812133.51,19538,F1,1,,,,,
2026-09-04,2026-09-04,CM,NSE,STK,19206,INE0OLS01010,VINYAS,SM,,,,,VINYAS INNOVATIVE TECH L,1555.00,1600.00,1550.00,1559.35,1560.00,1537.55,,1559.35,,,6700,10536155.00,53,F1,100,,,,,
2026-09-04,2026-09-04,CM,NSE,STK,16821,INE250B01029,VINYLINDIA,EQ,,,,,VINYL CHEMICALS (I) LTD.,227.94,234.00,224.00,232.38,233.60,227.94,,232.33,,,10241,2379015.87,314,F1,1,,,,,
2026-09-04,2026-09-04,CM,NSE,STK,14843,INE450G01024,VIPCLOTHNG,EQ,,,,,VIP CLOTHING LIMITED,20.50,20.70,19.92,20.15,20.19,20.17,,20.15,,,82615,1668526.88,309,F1,1,,,,,
2026-09-04,2026-09-04,CM,NSE,STK,3703,INE054A01027,VIPIND,EQ,,,,,VIP INDUSTRIES LTD,309.80,317.75,308.95,314.05,313.00,310.35,,314.06,,,440277,138278530.75,6947,F1,1,,,,,
2026-09-04,2026-09-04,CM,NSE,STK,8437,INE946H01037,VIPULLTD,BE,,,,,VIPUL LIMITED,13.98,13.98,13.98,13.98,13.98,14.26,,13.98,,,2455,34320.90,62,F1,1,,,,,
2026-09-04,2026-09-04,CM,NSE,STK,764990,INE467D01017,VIRAT,EQ,,,,,VIRAT INDUSTRIES LTD.,430.00,436.40,414.30,423.35,424.00,429.50,,423.16,,,5617,2367871.20,128,F1,1,,,,,
2026-09-04,2026-09-04,CM,NSE,STK,15295,INE539B01017,VIRINCHI,EQ,,,,,VIRINCHI LIMITED,14.85,15.08,14.38,14.70,14.74,14.86,,14.70,,,115200,1687086.54,265,F1,1,,,,,
2026-09-04,2026-09-04,CM,NSE,STK,757060,INE0VRH01015,VGINFOTECH,SM,,,,,VIRTUAL GALAXY INFOTECH L,143.80,143.95,138.00,139.40,139.90,143.75,,139.40,,,64000,8959850.00,60,F1,1000,,,,,
2026-09-04,2026-09-04,CM,NSE,STK,765218,INE247C01023,VIRTUALG,BE,,,,,VIRTUAL GLOBAL EDU LTD,0.49,0.49,0.47,0.47,0.48,0.48,,0.47,,,279547,133946.27,269,F1,1,,,,,
2026-09-04,2026-09-04,CM,NSE,STK,761916,INE0I0T01010,VOEPL,EQ,,,,,VIRTUOSO OPTOELECTRONIC L,545.90,558.45,540.05,553.20,554.90,545.90,,553.47,,,95767,52619922.45,2104,F1,1,,,,,
2026-09-04,2026-09-04,CM,NSE,STK,13295,INE286H01012,VISACHROME,EQ,,,,,VISA CHROME LIMITED,40.49,40.49,37.80,38.34,38.09,39.53,,38.34,,,33107,1275080.00,207,F1,1,,,,,
2026-09-04,2026-09-04,CM,NSE,STK,29877,INE370E01029,VIVIDHA,EQ,,,,,VISAGAR POLYTEX LTD,0.52,0.54,0.50,0.52,0.53,0.50,,0.52,,,80310,41638.22,131,F1,1,,,,,
2026-09-04,2026-09-04,CM,NSE,STK,4221,INE392A01021,VISAKAIND,EQ,,,,,VISAKA INDUSTRIES LIMITED,90.50,96.00,90.18,93.37,94.50,90.50,,93.36,,,440201,40961940.05,4419,F1,1,,,,,
2026-09-04,2026-09-04,CM,NSE,STK,24274,INE0BHK01012,VISAMAN,SM,,,,,VISAMAN GLOBAL SALES LTD,61.40,61.40,61.40,61.40,61.40,64.60,,61.40,,,521000,31989400.00,14,F1,1000,,,,,
2026-09-04,2026-09-04,CM,NSE,STK,18708,INE0OWX01025,VISDEM,SM,,,,,VISDEM TECHNOSYS LIMITED,94.70,107.95,94.70,103.75,105.00,94.70,,103.75,,,24000,2432340.00,20,F1,1200,,,,,
2026-09-04,2026-09-04,CM,NSE,STK,11773,INE755Q01025,VISHAL,EQ,,,,,VISHAL FABRICS LTD.,18.92,19.10,18.22,18.67,18.78,18.47,,18.67,,,55662,1041690.13,353,F1,1,,,,,
2026-09-04,2026-09-04,CM,NSE,STK,27969,INE01EA01019,VMM,EQ,,,,,VISHAL MEGA MART LIMITED,107.00,107.39,105.92,106.14,106.14,107.80,,106.14,,,7783965,829985261.55,75778,F1,1,,,,,
2026-09-04,2026-09-04,CM,NSE,STK,6908,INE270I01022,VISHNU,EQ,,,,,VISHNU CHEMICALS LIMITED,694.10,723.20,681.00,702.00,699.80,688.45,,701.99,,,623372,441196865.25,25286,F1,1,,,,,
2026-09-04,2026-09-04,CM,NSE,STK,18341,INE0AE001013,VPRPL,EQ,,,,,VISHNU PRAKASH R PUNGLI L,36.99,37.70,36.00,36.28,36.40,35.99,,36.30,,,589692,21596467.63,3806,F1,1,,,,,
2026-09-04,2026-09-04,CM,NSE,STK,19300,INE0PQ001012,VISHNUINFR,SM,,,,,VISHNUSURYA PROJ N INFR L,160.00,160.50,158.00,158.00,158.00,160.55,,158.00,,,1500,239250.00,3,F1,500,,,,,
2026-09-04,2026-09-04,CM,NSE,STK,13702,INE430N01022,VISHWARAJ,EQ,,,,,VISHWARAJ SUGAR IND LTD,6.00,6.03,5.86,5.90,5.90,5.93,,5.90,,,290468,1718418.43,576,F1,1,,,,,
2026-09-04,2026-09-04,CM,NSE,STK,25231,INE0TR001017,VIESL,SM,,,,,VISION INFRA EQUIP SOL L,393.00,398.00,384.00,393.10,388.00,396.35,,393.10,,,44000,17183560.00,51,F1,800,,,,,
2026-09-04,2026-09-04,CM,NSE,STK,761148,INE0L4K01016,VITAL,EQ,,,,,VITAL CHEMTECH LIMITED,54.00,56.00,53.55,55.72,56.00,54.49,,55.72,,,15658,856987.10,58,F1,1,,,,,
2026-09-04,2026-09-04,CM,NSE,STK,763637,INE0MEG01014,VIVIANA,BE,,,,,VIVIANA POWER TECH LTD,761.00,804.70,751.25,804.70,804.70,766.40,,804.70,,,24977,19681439.35,871,F1,1,,,,,
2026-09-04,2026-09-04,CM,NSE,STK,761768,INE24H301028,VIVIDEL,SM,,,,,VIVID ELECTROMECH LIMITED,1631.55,1648.00,1565.00,1591.60,1581.05,1631.55,,1591.60,,,27360,44099004.00,105,F1,240,,,,,
2026-09-04,2026-09-04,CM,NSE,STK,11968,INE526G01021,VIVIMEDLAB,BE,,,,,VIVIMED LABS LIMITED,6.41,6.67,6.41,6.58,6.67,6.54,,6.58,,,211247,1376107.15,172,F1,1,,,,,
2026-09-04,2026-09-04,CM,NSE,STK,764995,INE380K01017,VIVOBIOT,EQ,,,,,VIVO BIO TECH LTD.,18.79,19.38,18.32,18.80,19.00,18.70,,18.84,,,13081,247738.39,116,F1,1,,,,,
2026-09-04,2026-09-04,CM,NSE,STK,14296,INE807F01027,VIYASH,EQ,,,,,VIYASH SCIENTIFIC LIMITED,260.80,268.30,260.75,265.85,266.15,260.45,,265.83,,,3313584,878066516.80,26625,F1,1,,,,,
2026-09-04,2026-09-04,CM,NSE,STK,18021,INE03HW01020,VLEGOV,BE,,,,,VL E GOV AND IT SOL LTD,10.76,10.86,10.11,10.61,10.82,10.48,,10.62,,,72389,777617.46,241,F1,1,,,,,
2026-09-04,2026-09-04,CM,NSE,STK,3715,INE709A01018,VLSFINANCE,EQ,,,,,VLS FINANCE LTD,245.20,248.35,245.20,246.44,247.05,246.57,,246.44,,,6476,1593892.96,156,F1,1,,,,,
2026-09-04,2026-09-04,CM,NSE,STK,29284,INE665J01013,VMART,EQ,,,,,VMART RETAIL LTD,841.00,847.00,813.30,824.20,822.10,839.10,,825.51,,,68219,56503394.55,7962,F1,1,,,,,
2026-09-04,2026-09-04,CM,NSE,STK,759152,INE0SJA01013,VMSTMT,EQ,,,,,VMS TMT LIMITED,46.00,46.00,45.02,45.46,45.36,45.53,,45.43,,,19824,901176.10,236,F1,1,,,,,
2026-09-04,2026-09-04,CM,NSE,STK,14366,INE669E01016,IDEA,EQ,,,,,VODAFONE IDEA LIMITED,14.53,15.16,14.51,15.02,15.02,14.48,,15.02,,,525960563,7870972078.36,774211,F1,1,,,,,
2026-09-04,2026-09-04,CM,NSE,STK,765000,INE285C01015,VOITHPAPR,EQ,,,,,VOITH PAPER FABRICS IND L,1490.00,1504.40,1455.10,1458.60,1455.10,1480.20,,1461.21,,,643,950431.40,57,F1,1,,,,,
2026-09-04,2026-09-04,CM,NSE,STK,29658,INE241X01014,VOLERCAR,SM,,,,,VOLER CAR LIMITED,214.95,252.00,214.95,246.95,252.00,210.00,,246.95,,,160800,38209360.00,91,F1,800,,,,,
2026-09-04,2026-09-04,CM,NSE,STK,13577,INE540H01012,VOLTAMP,EQ,,,,,VOLTAMP TRANSFORMERS LTD,11206.00,11550.00,11206.00,11418.00,11426.00,11182.00,,11418.00,,,50836,581442515.00,17493,F1,1,,,,,
2026-09-04,2026-09-04,CM,NSE,STK,3718,INE226A01021,VOLTAS,EQ,,,,,VOLTAS LTD,1172.00,1189.70,1167.00,1170.00,1170.00,1178.00,,1170.00,,,460619,543177400.90,22604,F1,1,,,,,
2026-09-04,2026-09-04,CM,NSE,STK,24321,INE0S2V01010,VRAJ,EQ,,,,,VRAJ IRON AND STEEL LTD,122.26,125.71,120.24,121.71,122.48,122.71,,121.74,,,12164,1488552.35,409,F1,1,,,,,
2026-09-04,2026-09-04,CM,NSE,STK,8696,INE366I01010,VRLLOG,EQ,,,,,VRL LOGISTICS LIMITED,297.30,298.95,294.80,297.70,296.60,297.85,,297.69,,,133531,39741467.15,5719,F1,1,,,,,
2026-09-04,2026-09-04,CM,NSE,STK,3724,INE710A01016,VSTIND,EQ,,,,,VST INDUSTRIES LTD,207.95,209.02,207.21,208.15,208.30,207.96,,208.14,,,96626,20111630.30,3519,F1,1,,,,,
2026-09-04,2026-09-04,CM,NSE,STK,24292,INE764D01017,VSTTILLERS,EQ,,,,,VST TILLERS TRACTORS LTD,4196.10,4220.40,4151.80,4187.60,4152.50,4175.30,,4187.87,,,4042,16945556.90,951,F1,1,,,,,
2026-09-04,2026-09-04,CM,NSE,STK,765005,INE855A01019,WHBRADY,EQ,,,,,W H BRADY & CO. LTD.,500.30,500.30,480.00,482.20,481.30,497.85,,482.20,,,248,120912.20,21,F1,1,,,,,
2026-09-04,2026-09-04,CM,NSE,STK,762978,INE765D01022,WPIL,EQ,,,,,W P I L LTD.,446.80,452.60,440.00,443.90,444.00,445.50,,443.89,,,12409,5513970.45,814,F1,1,,,,,
2026-09-04,2026-09-04,CM,NSE,STK,14828,INE100D01014,WSI,EQ,,,,,W.S.INDUSTRIES (I) LTD.,59.65,61.46,58.77,60.37,60.50,59.44,,60.37,,,64372,3876816.96,1895,F1,1,,,,,
2026-09-04,2026-09-04,CM,NSE,STK,25907,INE377N01017,WAAREEENER,EQ,,,,,WAAREE ENERGIES LIMITED,2580.00,2650.00,2576.60,2635.00,2635.00,2579.90,,2635.07,,,547994,1432828154.50,32169,F1,1,,,,,
2026-09-04,2026-09-04,CM,NSE,STK,756038,INE299N01021,WAAREERTL,EQ,,,,,WAAREE RENEWABLE TECH LTD,847.90,863.60,847.90,858.95,860.45,847.90,,858.92,,,81592,69708691.85,6906,F1,1,,,,,
2026-09-04,2026-09-04,CM,NSE,STK,760259,INE0E7301029,WAKEFIT,EQ,,,,,WAKEFIT INNOVATIONS LTD,151.50,156.18,149.94,151.55,152.75,149.64,,151.61,,,1231198,188254771.20,13903,F1,1,,,,,
2026-09-04,2026-09-04,CM,NSE,STK,3736,INE711A01022,WALCHANNAG,EQ,,,,,WALCHANDNAGAR INDUSTRIES,206.94,212.00,206.94,208.61,208.60,206.13,,208.63,,,400336,83721881.94,6130,F1,1,,,,,
2026-09-04,2026-09-04,CM,NSE,STK,5013,INE0G2G01015,WALPAR,SM,,,,,WALPAR NUTRITIONS LIMITED,23.75,23.75,23.75,23.75,23.75,24.10,,23.75,,,2000,47500.00,1,F1,2000,,,,,
2026-09-04,2026-09-04,CM,NSE,STK,14063,INE107F01022,WANBURY,EQ,,,,,WANBURY LIMITED,243.95,249.30,243.00,246.20,244.25,243.35,,246.21,,,51910,12789717.10,1519,F1,1,,,,,
2026-09-04,2026-09-04,CM,NSE,STK,765225,INE945P01024,WARDINMOBI,EQ,,,,,WARDWIZARD INNO & MOB L,5.85,5.89,5.70,5.86,5.88,5.70,,5.86,,,288674,1673602.97,684,F1,1,,,,,
2026-09-04,2026-09-04,CM,NSE,STK,3745,INE054C01015,WATERBASE,EQ,,,,,WATERBASE LTD.,48.73,48.99,47.11,48.63,48.94,47.36,,48.59,,,22127,1066004.85,174,F1,1,,,,,
2026-09-04,2026-09-04,CM,NSE,STK,762163,INE0LZF01039,CORDELIA,EQ,,,,,WATERWAYS LEISURE TOUR L,102.50,106.96,101.81,103.90,103.39,101.87,,103.90,,,2698667,284249691.56,8937,F1,1,,,,,
2026-09-04,2026-09-04,CM,NSE,STK,759215,INE0A3007065,1075WCA28,N0,,,,,WCAPL 10.75% 2028,9633.00,9633.00,9405.00,9405.00,9405.00,9633.00,,9405.00,,,4,38304.00,3,F1,1,,,,,
2026-09-04,2026-09-04,CM,NSE,STK,9862,INE082W01014,WEWIN,EQ,,,,,WE WIN LIMITED,42.00,45.25,40.83,41.91,41.25,42.53,,41.91,,,2680,111994.61,55,F1,1,,,,,
2026-09-04,2026-09-04,CM,NSE,STK,760482,INF2F0001370,TWCGOLDETF,EQ,,,,,WEALTH - TWCGOLDETF,152.95,153.52,152.54,152.93,153.12,152.19,,152.76,,,5230,800235.80,119,F1,1,,,,,
2026-09-04,2026-09-04,CM,NSE,STK,1923,INE658T01017,WEALTH,EQ,,,,,WEALTH FRST PORT. MG. LTD,850.00,850.00,831.15,841.70,848.40,847.50,,841.70,,,1333,1123960.70,182,F1,1,,,,,
2026-09-04,2026-09-04,CM,NSE,STK,14602,INE855C01023,WEBELSOLAR,EQ,,,,,WEBSOL ENERGY SYSTEM LTD,77.60,79.80,73.55,74.53,74.25,77.33,,74.54,,,2610445,199205752.90,15138,F1,1,,,,,
2026-09-04,2026-09-04,CM,NSE,STK,3748,INE080A01014,WEIZMANIND,EQ,,,,,WEIZMANN LTD,76.78,76.78,72.20,74.50,74.79,74.21,,74.50,,,1005,74060.98,47,F1,1,,,,,
2026-09-04,2026-09-04,CM,NSE,STK,11821,INE191B01025,WELCORP,EQ,,,,,WELSPUN CORP LIMITED,2649.20,2662.00,2566.00,2590.60,2573.90,2641.60,,2590.64,,,1247810,3260493473.30,90933,F1,1,,,,,
2026-09-04,2026-09-04,CM,NSE,STK,11626,INE625G01013,WELENT,EQ,,,,,WELSPUN ENTERPRISES LTD.,761.80,825.00,757.40,813.60,818.00,764.75,,813.58,,,2915318,2347717221.80,76010,F1,1,,,,,
2026-09-04,2026-09-04,CM,NSE,STK,19804,INE389K01018,WELINV,BE,,,,,WELSPUN INV & COMM LTD,2187.90,2230.70,2187.90,2230.70,2230.70,2187.00,,2209.30,,,89,197761.90,10,F1,1,,,,,
2026-09-04,2026-09-04,CM,NSE,STK,11253,INE192B01031,WELSPUNLIV,EQ,,,,,WELSPUN LIVING LIMITED,201.00,209.93,199.90,208.51,209.00,200.61,,208.48,,,7470859,1540684488.28,54289,F1,1,,,,,
2026-09-04,2026-09-04,CM,NSE,STK,762971,INE731F01037,WELSPLSOL,EQ,,,,,WELSPUN SPECIALTY SOL L,56.95,59.95,56.01,59.55,59.85,56.02,,59.55,,,4319775,253749951.00,19334,F1,1,,,,,
2026-09-04,2026-09-04,CM,NSE,STK,4235,INE274C01019,WENDT,EQ,,,,,WENDT (INDIA) LIMITED,8359.00,8360.00,8124.00,8160.00,8152.00,8307.00,,8160.11,,,4236,34736768.00,1236,F1,1,,,,,
2026-09-04,2026-09-04,CM,NSE,STK,3799,INE976A01021,WSTCSTPAPR,EQ,,,,,WEST COAST PAPER MILLS LT,655.35,662.65,643.10,650.25,652.80,656.95,,650.23,,,276595,181299648.75,13751,F1,1,,,,,
2026-09-04,2026-09-04,CM,NSE,STK,25403,INE0CJF01024,WCIL,EQ,,,,,WESTERN CARRIERS (IND) L,84.40,84.76,83.06,83.38,83.06,83.96,,83.35,,,25920,2176883.95,784,F1,1,,,,,
2026-09-04,2026-09-04,CM,NSE,STK,11580,INE274F01020,WESTLIFE,EQ,,,,,WESTLIFE FOODWORLD LTD,540.55,542.00,528.10,530.60,528.40,540.55,,530.58,,,34235,18270806.05,2315,F1,1,,,,,
2026-09-04,2026-09-04,CM,NSE,STK,759434,INE085001019,WEWORK,EQ,,,,,WEWORK INDIA MANAGEMENT L,662.00,681.65,659.25,666.95,668.75,654.70,,666.98,,,335811,225976465.25,19077,F1,1,,,,,
2026-09-04,2026-09-04,CM,NSE,STK,3766,INE715A01015,WHEELS,EQ,,,,,WHEELS INDIA LTD,1660.00,1778.70,1645.20,1724.90,1725.00,1654.40,,1724.79,,,336451,577445967.90,28376,F1,1,,,,,
2026-09-04,2026-09-04,CM,NSE,STK,18011,INE716A01013,WHIRLPOOL,EQ,,,,,WHIRLPOOL OF INDIA LTD,805.95,820.65,802.40,815.95,818.70,804.40,,815.96,,,193831,157603054.05,13291,F1,1,,,,,
2026-09-04,2026-09-04,CM,NSE,STK,3772,INE210A01017,WILLAMAGOR,EQ,,,,,WILLIAMSON MAGOR,26.50,26.50,24.00,25.40,25.46,24.58,,25.40,,,4157,103049.36,74,F1,1,,,,,
2026-09-04,2026-09-04,CM,NSE,STK,5366,INE0H5O01029,WINDLAS,EQ,,,,,WINDLAS BIOTECH LIMITED,1129.90,1152.40,1115.00,1126.35,1131.00,1127.10,,1126.17,,,190854,216628386.55,13776,F1,1,,,,,
2026-09-04,2026-09-04,CM,NSE,STK,24969,INE052A01021,WINDMACHIN,EQ,,,,,WINDSOR MACHINES LIMITED,312.00,312.75,302.00,304.25,306.85,312.10,,304.25,,,39051,12035674.35,943,F1,1,,,,,
2026-09-04,2026-09-04,CM,NSE,STK,23714,INE0S3D01016,WINSOL,SM,,,,,WINSOL ENGINEERS LIMITED,111.95,120.00,111.95,116.00,116.00,112.50,,116.00,,,8000,936220.00,19,F1,400,,,,,
2026-09-04,2026-09-04,CM,NSE,STK,3787,INE075A01022,WIPRO,EQ,,,,,WIPRO LTD,176.74,178.75,176.40,176.40,176.40,175.72,,176.41,,,6882678,1222502362.77,48742,F1,1,,,,,
2026-09-04,2026-09-04,CM,NSE,STK,22725,INE623Y01011,WTICAB,SM,,,,,WISE TRAVEL INDIA LIMITED,110.00,110.00,104.00,104.15,104.00,107.00,,104.15,,,21500,2273950.00,41,F1,500,,,,,
2026-09-04,2026-09-04,CM,NSE,STK,7506,INE049B01025,WOCKPHARMA,EQ,,,,,WOCKHARDT LIMITED,1980.00,2108.50,1976.10,2088.70,2097.00,1950.60,,2088.47,,,3557646,7325712597.30,156657,F1,1,,,,,
2026-09-04,2026-09-04,CM,NSE,STK,25602,INE0OO201011,WOL3D,SM,,,,,WOL 3D INDIA LIMITED,136.00,136.50,136.00,136.50,136.50,130.00,,136.50,,,2000,272500.00,2,F1,1000,,,,,
2026-09-04,2026-09-04,CM,NSE,STK,19632,INE0Q9601016,WOMANCART,ST,,,,,WOMANCART LIMITED,111.90,113.00,104.10,105.70,107.95,108.30,,105.70,,,20000,2169500.00,38,F1,400,,,,,
2026-09-04,2026-09-04,CM,NSE,STK,7835,INE02WG01024,WEL,EQ,,,,,WONDER ELECTRICALS LTD,79.25,79.25,75.41,76.03,76.00,79.37,,76.03,,,1935872,147960005.65,8169,F1,1,,,,,
2026-09-04,2026-09-04,CM,NSE,STK,3002,INE066O01014,WONDERLA,EQ,,,,,WONDERLA HOLIDAYS LTD.,525.00,536.70,520.00,533.90,534.50,525.25,,533.95,,,74859,39601312.50,4214,F1,1,,,,,
2026-09-04,2026-09-04,CM,NSE,STK,22277,INE196Y01018,WORTHPERI,EQ,,,,,WORTH PERIPHERALS LIMITED,157.00,157.00,152.70,154.99,155.00,153.99,,154.99,,,4169,641987.80,80,F1,1,,,,,
2026-09-04,2026-09-04,CM,NSE,STK,11705,INE692G01013,XCHANGING,EQ,,,,,XCHANGING SOLUTIONS LTD,60.40,61.55,60.25,61.40,61.54,60.99,,61.39,,,61684,3764739.55,663,F1,1,,,,,
2026-09-04,2026-09-04,CM,NSE,STK,8477,INE01P501012,XELPMOC,EQ,,,,,XELPMOC DESIGN & TECH LTD,79.41,81.70,78.51,80.14,80.97,79.40,,80.14,,,24153,1923822.86,556,F1,1,,,,,
2026-09-04,2026-09-04,CM,NSE,STK,11407,INE445C01015,XPROINDIA,EQ,,,,,XPRO INDIA LIMITED,1279.00,1337.40,1279.00,1325.10,1321.50,1280.30,,1325.08,,,154351,202552331.00,8506,F1,1,,,,,
2026-09-04,2026-09-04,CM,NSE,STK,25235,INE547B01028,XTGLOBAL,EQ,,,,,XTGLOBAL INFOTECH LIMITED,32.39,33.04,30.35,31.69,31.80,31.58,,31.68,,,190376,6055792.23,1262,F1,1,,,,,
2026-09-04,2026-09-04,CM,NSE,STK,764312,INE0NG701011,XTRANET,EQ,,,,,XTRANET TECHNOLOGIES LTD,197.20,234.24,193.11,234.24,234.24,195.20,,234.24,,,5584599,1262045286.66,39510,F1,1,,,,,
2026-09-04,2026-09-04,CM,NSE,STK,760870,INE0U0J01015,YAAP,SM,,,,,YAAP DIGITAL LIMITED,141.90,141.90,135.00,137.80,138.00,132.00,,137.80,,,39000,5367900.00,39,F1,1000,,,,,
2026-09-04,2026-09-04,CM,NSE,STK,23451,INE0TO601017,YASHOPTICS,SM,,,,,YASH OPTICS & LENS LTD,122.00,125.00,122.00,123.75,123.00,121.00,,123.75,,,7200,889080.00,9,F1,800,,,,,
2026-09-04,2026-09-04,CM,NSE,STK,18131,INE616Z01012,YASHO,EQ,,,,,YASHO INDUSTRIES LIMITED,4080.00,4184.60,3966.10,4134.10,4142.00,4051.20,,4134.05,,,38997,159014984.10,7784,F1,1,,,,,
2026-09-04,2026-09-04,CM,NSE,STK,17627,INE08S201019,YCCL,SM,,,,,YASONS CHEMEX CARE LTD,9.25,9.25,8.40,8.60,8.40,9.25,,8.60,,,27000,241500.00,9,F1,3000,,,,,
2026-09-04,2026-09-04,CM,NSE,STK,17738,INE0JO301016,YATHARTH,EQ,,,,,YATHARTH HOSP & TRA C S L,971.50,994.70,963.10,991.10,992.20,962.30,,991.09,,,314144,309134504.70,14526,F1,1,,,,,
2026-09-04,2026-09-04,CM,NSE,STK,18760,INE0JR601024,YATRA,EQ,,,,,YATRA ONLINE LIMITED,113.20,116.25,112.65,113.49,113.50,113.08,,113.50,,,1067659,122230656.85,11837,F1,1,,,,,
2026-09-04,2026-09-04,CM,NSE,STK,11915,INE528G01035,YESBANK,EQ,,,,,YES BANK LIMITED,22.47,22.62,22.44,22.50,22.50,22.54,,22.50,,,31739702,714928561.27,64395,F1,1,,,,,
2026-09-04,2026-09-04,CM,NSE,STK,765010,INE290E01011,YOGI,EQ,,,,,YOGI LTD.,167.00,167.00,163.45,163.45,163.45,161.90,,161.15,,,90,14825.00,5,F1,1,,,,,
2026-09-04,2026-09-04,CM,NSE,STK,18040,INE09FA01019,YUDIZ,SM,,,,,YUDIZ SOLUTIONS LIMITED,25.80,26.95,25.50,26.95,26.95,25.80,,26.95,,,2400,62600.00,3,F1,800,,,,,
2026-09-04,2026-09-04,CM,NSE,STK,5501,INE384C01016,YUKEN,EQ,,,,,YUKEN INDIA LIMITED,1010.05,1024.95,999.00,1010.80,1014.00,1010.05,,1010.86,,,9116,9223074.30,910,F1,1,,,,,
2026-09-04,2026-09-04,CM,NSE,STK,4229,INE116C01012,ZFSTEERING,EQ,,,,,Z F STEERING GEAR (I) LTD,673.00,677.90,661.00,667.50,667.00,667.75,,667.44,,,7552,5023066.80,163,F1,1,,,,,
2026-09-04,2026-09-04,CM,NSE,STK,23976,INE0ISZ01012,ZTECH,SM,,,,,Z-TECH (INDIA) LIMITED,493.15,500.00,468.00,476.30,468.00,498.00,,476.30,,,25800,12430950.00,77,F1,300,,,,,
2026-09-04,2026-09-04,CM,NSE,STK,18608,INE07K301024,ZAGGLE,EQ,,,,,ZAGGLE PREPA OCEAN SER L,183.50,186.98,180.10,180.77,181.11,182.63,,180.78,,,912980,166114727.54,9981,F1,1,,,,,
2026-09-04,2026-09-04,CM,NSE,STK,17766,INE0PPS01018,ZEAL,SM,,,,,ZEAL GLOBAL SERVICES LTD,66.00,66.00,65.00,65.50,65.50,65.00,,65.50,,,1800,117900.00,3,F1,600,,,,,
2026-09-04,2026-09-04,CM,NSE,STK,3812,INE256A01028,ZEEL,EQ,,,,,ZEE ENTERTAINMENT ENT LTD,92.00,92.95,90.50,91.61,91.52,91.64,,91.60,,,13036739,1191582646.95,52576,F1,1,,,,,
2026-09-04,2026-09-04,CM,NSE,STK,20856,INE565L01011,ZEELEARN,BE,,,,,ZEE LEARN LIMITED,7.20,7.36,6.92,7.09,7.17,7.19,,7.19,,,452784,3196621.52,687,F1,1,,,,,
2026-09-04,2026-09-04,CM,NSE,STK,14003,INE966H01019,ZEEMEDIA,EQ,,,,,ZEE MEDIA CORPORATION LTD,8.31,8.34,8.10,8.22,8.32,8.11,,8.22,,,1442303,11832974.88,1680,F1,1,,,,,
2026-09-04,2026-09-04,CM,NSE,STK,7508,INE251B01027,ZENTEC,EQ,,,,,ZEN TECHNOLOGIES LIMITED,1810.80,1838.20,1795.20,1801.40,1799.00,1810.30,,1801.33,,,169326,307724705.20,13069,F1,1,,,,,
2026-09-04,2026-09-04,CM,NSE,STK,22803,INE0QWN01013,ZENITHDRUG,SM,,,,,ZENITH DRUGS LIMITED,40.50,43.00,40.50,42.75,43.00,39.85,,42.75,,,11200,474080.00,13,F1,800,,,,,
2026-09-04,2026-09-04,CM,NSE,STK,14562,INE318D01020,ZENITHSTL,EQ,,,,,ZENITH STEEL PIP IND LTD,5.39,6.43,5.25,5.90,5.81,5.37,,5.91,,,845763,5126569.76,1281,F1,1,,,,,
2026-09-04,2026-09-04,CM,NSE,STK,1076,INE520A01027,ZENSARTECH,EQ,,,,,ZENSAR TECHNOLOGIES  LTD,468.50,475.95,460.50,461.55,461.70,465.45,,461.54,,,499424,232508256.00,16414,F1,1,,,,,
2026-09-04,2026-09-04,CM,NSE,STK,22901,INF0R8F01042,GOLDCASE,EQ,,,,,ZERODHAAMC - GOLDCASE,24.51,24.51,24.13,24.21,24.22,24.03,,24.21,,,8672063,210100334.22,9012,F1,1,,,,,
2026-09-04,2026-09-04,CM,NSE,STK,21750,INF0R8F01034,LIQUIDCASE,EQ,,,,,ZERODHAAMC - LIQUIDCASE,115.81,115.81,115.79,115.80,115.79,115.76,,115.80,,,18435860,2134869531.47,15767,F1,1,,,,,
2026-09-04,2026-09-04,CM,NSE,STK,758705,INF0R8F01133,LTGILTCASE,EQ,,,,,ZERODHAAMC - LTGILTCASE,30.45,30.60,30.38,30.41,30.42,30.42,,30.42,,,131619,4004643.67,194,F1,1,,,,,
2026-09-04,2026-09-04,CM,NSE,STK,24077,INF0R8F01059,MID150CASE,EQ,,,,,ZERODHAAMC - MID150CASE,11.72,11.74,11.65,11.68,11.70,11.68,,11.68,,,879546,10292722.15,3209,F1,1,,,,,
2026-09-04,2026-09-04,CM,NSE,STK,759302,INF0R8F01166,NIFTYCASE,EQ,,,,,ZERODHAAMC - NIFTYCASE,9.80,9.80,9.59,9.64,9.64,9.59,,9.64,,,560039,5397655.63,1342,F1,1,,,,,
2026-09-04,2026-09-04,CM,NSE,STK,30274,INF0R8F01091,SILVERCASE,EQ,,,,,ZERODHAAMC - SILVERCASE,23.30,23.88,23.30,23.61,23.63,23.30,,23.61,,,5606876,132380172.22,5687,F1,1,,,,,
2026-09-04,2026-09-04,CM,NSE,STK,758955,INF0R8F01141,SML100CASE,EQ,,,,,ZERODHAAMC - SML100CASE,11.49,11.50,11.40,11.43,11.44,11.41,,11.43,,,2300711,26331470.76,1744,F1,1,,,,,
2026-09-04,2026-09-04,CM,NSE,STK,24081,INF0R8F01067,TOP100CASE,EQ,,,,,ZERODHAAMC - TOP100CASE,10.54,10.57,10.50,10.54,10.56,10.52,,10.54,,,498182,5255212.29,1015,F1,1,,,,,
2026-09-04,2026-09-04,CM,NSE,STK,16915,INE342J01019,ZFCVINDIA,EQ,,,,,ZF COM VE CTR SYS IND LTD,2532.00,2575.00,2514.00,2551.90,2550.10,2524.80,,2551.80,,,30385,77236917.20,8920,F1,1,,,,,
2026-09-04,2026-09-04,CM,NSE,STK,12384,INE518E01015,ZIMLAB,EQ,,,,,ZIM LABORATORIES LIMITED,128.66,129.00,125.25,125.50,125.25,128.02,,125.50,,,54799,6951981.07,871,F1,1,,,,,
2026-09-04,2026-09-04,CM,NSE,STK,3821,INE206B01013,ZODIACLOTH,EQ,,,,,ZODIAC CLOTHING CO. LTD.,72.40,73.12,71.43,72.23,73.00,72.85,,72.25,,,9323,675030.05,220,F1,1,,,,,
2026-09-04,2026-09-04,CM,NSE,STK,7129,INE761Y01019,ZODIAC,EQ,,,,,ZODIAC ENERGY LIMITED,242.99,246.00,237.00,240.17,238.10,240.22,,240.21,,,11622,2797680.22,388,F1,1,,,,,
2026-09-04,2026-09-04,CM,NSE,STK,11394,INE358U01012,ZOTA,EQ,,,,,ZOTA HEALTH CARE LIMITED,1100.00,1159.30,1100.00,1132.40,1128.50,1101.20,,1132.40,,,91901,104564890.00,5781,F1,1,,,,,
2026-09-04,2026-09-04,CM,NSE,STK,29050,INE840M01016,ZUARI,EQ,,,,,ZUARI AGRO CHEMICALS LTD,225.00,226.99,224.42,225.56,226.10,225.04,,225.56,,,66309,14963113.46,1148,F1,1,,,,,
2026-09-04,2026-09-04,CM,NSE,STK,3827,INE217A01012,ZUARIIND,EQ,,,,,ZUARI INDUSTRIES LIMITED,273.90,279.35,271.80,276.45,275.05,273.20,,276.41,,,45048,12370663.40,1427,F1,1,,,,,
2026-09-04,2026-09-04,CM,NSE,STK,7929,INE010B01027,ZYDUSLIFE,EQ,,,,,ZYDUS LIFESCIENCES LTD,1146.00,1146.00,1120.00,1120.00,1120.00,1143.00,,1120.00,,,516768,584161932.30,17541,F1,1,,,,,
2026-09-04,2026-09-04,CM,NSE,STK,17635,INE768C01028,ZYDUSWELL,EQ,,,,,ZYDUS WELLNESS LIMITED,536.95,546.60,527.15,531.70,530.00,538.20,,531.62,,,209449,112801571.30,17559,F1,1,,,,,
